<?xml version="1.0" encoding="UTF-8"?>

<xwikidoc>
<web>Download</web>
<name>Available Packages</name>
<language></language>
<defaultLanguage>en</defaultLanguage>
<translation>0</translation>
<parent></parent>
<creator>XWiki.Lars</creator>
<author>XWiki.Lars</author>
<customClass></customClass>
<contentAuthor>XWiki.Lars</contentAuthor>
<creationDate>1233656388000</creationDate>
<date>1283882052000</date>
<contentUpdateDate>1283882052000</contentUpdateDate>
<version>5.1</version>
<title>Available Packages</title>
<template></template>
<defaultTemplate></defaultTemplate>
<validationScript></validationScript>
<comment></comment>
<minorEdit>false</minorEdit>
<syntaxId>xwiki/1.0</syntaxId>
<hidden>false</hidden>
<object>
<class>
<name>XWiki.TagClass</name>
<customClass></customClass>
<customMapping></customMapping>
<defaultViewSheet></defaultViewSheet>
<defaultEditSheet></defaultEditSheet>
<defaultWeb></defaultWeb>
<nameField></nameField>
<validationScript></validationScript>
<tags>
<cache>0</cache>
<displayType>input</displayType>
<multiSelect>1</multiSelect>
<name>tags</name>
<number>1</number>
<prettyName>Tags</prettyName>
<relationalStorage>1</relationalStorage>
<separator> </separator>
<separators> ,|</separators>
<size>30</size>
<unmodifiable>0</unmodifiable>
<values></values>
<classType>com.xpn.xwiki.objects.classes.StaticListClass</classType>
</tags>
</class>
<name>Download.Available Packages</name>
<number>0</number>
<className>XWiki.TagClass</className>
<guid>c6cd20ea-1bd4-40fe-98fd-51ef96a8bf79</guid>
<property>
<tags/>
</property>
</object>
<content>
1 Available Packages

Jadex rules will publish mainly the following kinds of packages:
* Releases, which are considered to be stable and contain sources, classes and the documentation.
* Betas, which are also considered stable, but do not contain up-to-date documentation material. Betas are a means to publish the software more often, because documentation writing is a very time-consuming task for open-source projects with limited man power.  

1.1 Download Instructions

The latest beta of Jadex Rules is *version 2.0-rc4*.
In addition some smaller functional aspects might be added to the planned final 
2.0 release. The reason why the version number is not 1.0 is that the versions
of Jadex Rules and the [Jadex BDI system&gt;http://jadex.informatik.uni-hamburg.de/bin/view/About/Overview] 
should be aligned.  

1.1 Latest Beta Files (2010-09-07)

The following links will guide you to the SourceForge download pages.

* [jadex-rules-2.0-rc4.zip&gt;https://sourceforge.net/projects/jadex-rules/files/betas/2.0-rc4/jadex-rules-2.0-rc4.zip/download] (4,6 MB)
&lt;!--* [jadex-rules-2.0-beta4.zip&gt;http://sourceforge.net/projects/jadex-rules/files/betas/jadex-rules-2.0-beta4.zip/download] (6,7 MB)--&gt;


1.1 Latest Relase Files

There is no Jadex Rules release available until now.

</content></xwikidoc>