<?xml version="1.0" encoding="UTF-8"?>

<xwikidoc>
<web>Stats</web>
<name>ActivityData</name>
<language></language>
<defaultLanguage>en</defaultLanguage>
<translation>0</translation>
<parent>Stats.Activity</parent>
<creator>XWiki.Admin</creator>
<author>XWiki.Admin</author>
<customClass></customClass>
<contentAuthor>XWiki.Admin</contentAuthor>
<creationDate>1195803878000</creationDate>
<date>1196159331000</date>
<contentUpdateDate>1196159331000</contentUpdateDate>
<version>1.1</version>
<title>Activity Data</title>
<template></template>
<defaultTemplate></defaultTemplate>
<validationScript></validationScript>
<comment></comment>
<minorEdit>false</minorEdit>
<syntaxId>xwiki/1.0</syntaxId>
<hidden>false</hidden>
<object>
<class>
<name>XWiki.TagClass</name>
<customClass></customClass>
<customMapping></customMapping>
<defaultViewSheet></defaultViewSheet>
<defaultEditSheet></defaultEditSheet>
<defaultWeb></defaultWeb>
<nameField></nameField>
<validationScript></validationScript>
<tags>
<cache>0</cache>
<displayType>checkbox</displayType>
<multiSelect>1</multiSelect>
<name>tags</name>
<number>1</number>
<prettyName>Tags</prettyName>
<relationalStorage>1</relationalStorage>
<separator> </separator>
<separators> ,|</separators>
<size>30</size>
<unmodifiable>0</unmodifiable>
<values></values>
<classType>com.xpn.xwiki.objects.classes.StaticListClass</classType>
</tags>
</class>
<name>Stats.ActivityData</name>
<number>0</number>
<className>XWiki.TagClass</className>
<guid>1a5eb7f5-1d9f-48ca-8964-f8c342faeb40</guid>
<property>
<tags/>
</property>
</object>
<content>#if($xwiki.statsService.enabled)
1 $msg.get("xe.statistics.current.week")

#set($scope = $xwiki.criteriaService.scopeFactory.ALL)
#set($period = $xwiki.criteriaService.periodFactory.currentWeek)
#set($step = $xwiki.criteriaService.durationFactory.DAY)
#set($myviews = $xwiki.statsService.getActionStatistics('view', $scope, $period, $step))
#set($myedits = $xwiki.statsService.getActionStatistics('save', $scope, $period, $step))
#set($dtf = $xwiki.jodatime.getDateTimeFormatterForPattern('yyyy.MM.dd'))
{table}
| $msg.get("xe.statistics.views") | $msg.get("xe.statistics.edits")
#if($myviews.size() &gt; 0)
#foreach($item in $myviews.entrySet())
$!dtf.print($item.key) | $item.value | $myedits.get($item.key)
#end
#else
1900.01.01 | 0 | 0
#end
{table}

1 $msg.get("xe.statistics.current.month")

#set($period = $xwiki.criteriaService.periodFactory.currentMonth)
#set($step = $xwiki.criteriaService.durationFactory.DAY)
#set($myviews = $xwiki.statsService.getActionStatistics('view', $scope, $period, $step))
#set($myedits = $xwiki.statsService.getActionStatistics('save', $scope, $period, $step))
#set($dtf = $xwiki.jodatime.getDateTimeFormatterForPattern('yyyy.MM.dd'))
{table}
| $msg.get("xe.statistics.views") | $msg.get("xe.statistics.edits")
#if($myviews.size() &gt; 0)
#foreach($item in $myviews.entrySet())
$!dtf.print($item.key) | $item.value | $myedits.get($item.key)
#end
#else
1900.01.01 | 0 | 0
#end
{table}

1 $msg.get("xe.statistics.current.year")

#set($period = $xwiki.criteriaService.periodFactory.currentYear)
#set($step = $xwiki.criteriaService.durationFactory.MONTH)
#set($myviews = $xwiki.statsService.getActionStatistics('view', $scope, $period, $step))
#set($myedits = $xwiki.statsService.getActionStatistics('save', $scope, $period, $step))
#set($dtf = $xwiki.jodatime.getDateTimeFormatterForPattern('yyyy.MM'))
{table}
| $msg.get("xe.statistics.views") | $msg.get("xe.statistics.edits")
#if($myviews.size() &gt; 0)
#foreach($item in $myviews.entrySet())
$!dtf.print($item.key) | $item.value | $myedits.get($item.key)
#end
#else
1900.01 | 0 | 0
#end
{table}

1 $msg.get("xe.statistics.alltime")

#set($period = $xwiki.criteriaService.periodFactory.createPeriod('20060101', '20090101'))
#set($step = $xwiki.criteriaService.durationFactory.YEAR)
#set($myviews = $xwiki.statsService.getActionStatistics('view', $scope, $period, $step))
#set($myedits = $xwiki.statsService.getActionStatistics('save', $scope, $period, $step))
#set($dtf = $xwiki.jodatime.getDateTimeFormatterForPattern('yyyy'))
{table}
| $msg.get("xe.statistics.views") | $msg.get("xe.statistics.edits")
#if($myviews.size() &gt; 0)
#foreach($item in $myviews.entrySet())
$!dtf.print($item.key) | $item.value | $myedits.get($item.key)
#end
#else
1900 | 0 | 0
#end
{table}
#else
#printStatisticsDisabled()
#end
#includeMacros("Stats.Macros")</content>
</xwikidoc>
