<?xml version="1.0" encoding="UTF-8"?>

<xwikidoc>
<web>Stats</web>
<name>CurrentMonthActivity</name>
<language></language>
<defaultLanguage>en</defaultLanguage>
<translation>0</translation>
<parent>Stats.WebHome</parent>
<creator>XWiki.Admin</creator>
<author>XWiki.Admin</author>
<customClass></customClass>
<contentAuthor>XWiki.Admin</contentAuthor>
<creationDate>1195803878000</creationDate>
<date>1208532771000</date>
<contentUpdateDate>1208532771000</contentUpdateDate>
<version>1.1</version>
<title></title>
<template></template>
<defaultTemplate></defaultTemplate>
<validationScript></validationScript>
<comment></comment>
<minorEdit>false</minorEdit>
<syntaxId>xwiki/1.0</syntaxId>
<hidden>false</hidden>
<object>
<class>
<name>Panels.PanelClass</name>
<customClass></customClass>
<customMapping></customMapping>
<defaultViewSheet></defaultViewSheet>
<defaultEditSheet></defaultEditSheet>
<defaultWeb></defaultWeb>
<nameField></nameField>
<validationScript></validationScript>
<category>
<cache>0</cache>
<displayType>select</displayType>
<multiSelect>0</multiSelect>
<name>category</name>
<number>5</number>
<prettyName>Category</prettyName>
<relationalStorage>0</relationalStorage>
<separator> </separator>
<separators> ,|</separators>
<size>1</size>
<unmodifiable>0</unmodifiable>
<values>Information|Navigation|Tools|Administration|Other</values>
<classType>com.xpn.xwiki.objects.classes.StaticListClass</classType>
</category>
<content>
<editor>Text</editor>
<name>content</name>
<number>4</number>
<prettyName>Content</prettyName>
<rows>25</rows>
<size>60</size>
<unmodifiable>0</unmodifiable>
<classType>com.xpn.xwiki.objects.classes.TextAreaClass</classType>
</content>
<description>
<editor>Text</editor>
<name>description</name>
<number>3</number>
<prettyName>Description</prettyName>
<rows>5</rows>
<size>40</size>
<unmodifiable>0</unmodifiable>
<classType>com.xpn.xwiki.objects.classes.TextAreaClass</classType>
</description>
<name>
<name>name</name>
<number>1</number>
<prettyName>Name</prettyName>
<size>40</size>
<unmodifiable>0</unmodifiable>
<classType>com.xpn.xwiki.objects.classes.StringClass</classType>
</name>
<type>
<cache>0</cache>
<displayType>select</displayType>
<multiSelect>0</multiSelect>
<name>type</name>
<number>2</number>
<prettyName>Panel type</prettyName>
<relationalStorage>0</relationalStorage>
<separator> </separator>
<separators> ,|</separators>
<size>1</size>
<unmodifiable>0</unmodifiable>
<values>view|edit</values>
<classType>com.xpn.xwiki.objects.classes.StaticListClass</classType>
</type>
</class>
<name>Stats.CurrentMonthActivity</name>
<number>0</number>
<className>Panels.PanelClass</className>
<guid>533b716b-7812-4913-be1a-619f47e06c0e</guid>
<property>
<category>Information</category>
</property>
<property>
<content>#panelheader($msg.get("xe.statistics.current.month.caps"))
#if($xwiki.statsService.enabled)
#if(not $chartWidth)
#set($chartWidth=250)
#end
#if(not $chartHeight)
#set($chartHeight=150)
#end
#set($pattern='yyyy.MM.dd')
#set($currentMonth=$xwiki.criteriaService.periodFactory.currentMonth)
#set($monthStart=$!xwiki.jodatime.getDateTime($currentMonth.start))
#set($monthEnd=$!xwiki.jodatime.getDateTime($currentMonth.end))
#set($dtf=$xwiki.jodatime.getDateTimeFormatterForPattern($pattern))
&lt;div style="text-align:center;"&gt;{chart:type=time|source=type:table;doc:Stats.ActivityData;table_number:1;ignore_alpha:true|date_format=type:custom;pattern:$pattern|height=$chartHeight|width=$chartWidth|domain_axis_date_format_override=type:custom;pattern:dd|domain_axis_lower_date=value:$dtf.print($monthStart);type:custom;pattern:$pattern|domain_axis_upper_date=value:$dtf.print($monthEnd);type:custom;pattern:$pattern|domain_axis_date_tick_unit=unit:day;count:3|domain_axis_tick_mark_position:ende|title=${msg.get("xe.statistics.current.month.caps")}}&lt;/div&gt;
#else
#printStatisticsDisabled()
#end
#panelfooter()
#includeMacros("Stats.Macros")</content>
</property>
<property>
<description>Displays the activity during the current month</description>
</property>
<property>
<name>CurrentMonthActivity</name>
</property>
<property>
<type>view</type>
</property>
</object>
<object>
<class>
<name>XWiki.TagClass</name>
<customClass></customClass>
<customMapping></customMapping>
<defaultViewSheet></defaultViewSheet>
<defaultEditSheet></defaultEditSheet>
<defaultWeb></defaultWeb>
<nameField></nameField>
<validationScript></validationScript>
<tags>
<cache>0</cache>
<displayType>checkbox</displayType>
<multiSelect>1</multiSelect>
<name>tags</name>
<number>1</number>
<prettyName>Tags</prettyName>
<relationalStorage>1</relationalStorage>
<separator> </separator>
<separators> ,|</separators>
<size>30</size>
<unmodifiable>0</unmodifiable>
<values></values>
<classType>com.xpn.xwiki.objects.classes.StaticListClass</classType>
</tags>
</class>
<name>Stats.CurrentMonthActivity</name>
<number>0</number>
<className>XWiki.TagClass</className>
<guid>c26714da-9a2b-451d-9980-7b11ef17ff7c</guid>
<property>
<tags/>
</property>
</object>
<content>#includeForm("Panels.PanelSheet")</content>
</xwikidoc>
