<?xml version="1.0" encoding="UTF-8"?>

<xwikidoc>
<web>Stats</web>
<name>Document</name>
<language></language>
<defaultLanguage>en</defaultLanguage>
<translation>0</translation>
<parent>Stats.WebHome</parent>
<creator>XWiki.Admin</creator>
<author>XWiki.Admin</author>
<customClass></customClass>
<contentAuthor>XWiki.Admin</contentAuthor>
<creationDate>1195803878000</creationDate>
<date>1196153827000</date>
<contentUpdateDate>1196153827000</contentUpdateDate>
<version>1.1</version>
<title>$msg.get("xe.statistics.document")</title>
<template></template>
<defaultTemplate></defaultTemplate>
<validationScript></validationScript>
<comment></comment>
<minorEdit>false</minorEdit>
<syntaxId>xwiki/1.0</syntaxId>
<hidden>false</hidden>
<content>#if($xwiki.statsService.enabled)
#displayPanelLayout(2 ["Stats.MostViewedPages", "Stats.MostEditedPages", "Stats.MostViewedSpaces", "Stats.MostEditedSpaces"])
#else
#printStatisticsDisabled()
#end
#includeMacros("Stats.Macros")</content>
</xwikidoc>
