<?xml version="1.0" encoding="UTF-8"?>

<xwikidoc>
<web>Stats</web>
<name>Macros</name>
<language></language>
<defaultLanguage>en</defaultLanguage>
<translation>0</translation>
<parent>Stats.WebHome</parent>
<creator>XWiki.Admin</creator>
<author>XWiki.Admin</author>
<customClass></customClass>
<contentAuthor>XWiki.Admin</contentAuthor>
<creationDate>1195803878000</creationDate>
<date>1196173438000</date>
<contentUpdateDate>1196173438000</contentUpdateDate>
<version>1.1</version>
<title>Statistics Macros</title>
<template></template>
<defaultTemplate></defaultTemplate>
<validationScript></validationScript>
<comment></comment>
<minorEdit>false</minorEdit>
<syntaxId>xwiki/1.0</syntaxId>
<hidden>false</hidden>
<object>
<class>
<name>XWiki.TagClass</name>
<customClass></customClass>
<customMapping></customMapping>
<defaultViewSheet></defaultViewSheet>
<defaultEditSheet></defaultEditSheet>
<defaultWeb></defaultWeb>
<nameField></nameField>
<validationScript></validationScript>
<tags>
<cache>0</cache>
<displayType>checkbox</displayType>
<multiSelect>1</multiSelect>
<name>tags</name>
<number>1</number>
<prettyName>Tags</prettyName>
<relationalStorage>1</relationalStorage>
<separator> </separator>
<separators> ,|</separators>
<size>30</size>
<unmodifiable>0</unmodifiable>
<values></values>
<classType>com.xpn.xwiki.objects.classes.StaticListClass</classType>
</tags>
</class>
<name>Stats.Macros</name>
<number>0</number>
<className>XWiki.TagClass</className>
<guid>a69c103d-0206-47ba-a223-74c58b1522eb</guid>
<property>
<tags/>
</property>
</object>
<content>#macro(printPageStats $stats)
$!xwiki.ssx.use("Stats.Style")
&lt;table class="stats" cellspacing="0" cellpadding="0"&gt;
&lt;thead&gt;
&lt;tr&gt;
&lt;th class="numeric" style="width:20%"&gt;$msg.get("xe.statistics.hits")&lt;/th&gt;
&lt;th style="width:40%"&gt;$msg.get("xe.statistics.page")&lt;/th&gt;
&lt;th style="width:40%"&gt;$msg.get("xe.statistics.space")&lt;/th&gt;
&lt;/tr&gt;

&lt;/thead&gt;
&lt;tbody&gt;
#foreach($item in $stats)
#set($docStats = $xwiki.getDocument($item.name))
#if ($docStats)
&lt;tr&gt;
&lt;td class="numeric"&gt;$item.pageViews&lt;/td&gt;
&lt;td&gt;&lt;div class="ellipsis" title="$docStats.name"&gt;[$docStats.name&amp;gt;${docStats.web}.$docStats.name.replaceAll("@","%40")]&lt;/div&gt;&lt;/td&gt;
&lt;td&gt;&lt;div class="ellipsis" title="$docStats.web"&gt;[$docStats.web&amp;gt;${docStats.web}.WebHome]&lt;/div&gt;&lt;/td&gt;
&lt;/tr&gt;
#end
#end
&lt;/tbody&gt;
&lt;/table&gt;
#end
#macro(printSpaceStats $stats)
$!xwiki.ssx.use("Stats.Style")
&lt;table class="stats" cellspacing="0" cellpadding="0"&gt;
&lt;thead&gt;
&lt;tr&gt;
&lt;th class="numeric" style="width:20%"&gt;$msg.get("xe.statistics.hits")&lt;/th&gt;
&lt;th style="width:80%"&gt;$msg.get("xe.statistics.space")&lt;/th&gt;
&lt;/tr&gt;&lt;/thead&gt;
&lt;tbody&gt;
#foreach($item in $stats)
&lt;tr&gt;
&lt;td class="numeric"&gt;$item.pageViews&lt;/td&gt;
&lt;td&gt;&lt;div class="ellipsis" title="$item.name"&gt;[$item.name&amp;gt;${item.name}.WebHome]&lt;/div&gt;&lt;/td&gt;
&lt;/tr&gt;
#end
&lt;/tbody&gt;
&lt;/table&gt;
#end
#macro(printContributorStats $stats)
$!xwiki.ssx.use("Stats.Style")
&lt;table class="stats" cellspacing="0" cellpadding="0"&gt;
&lt;thead&gt;
&lt;tr&gt;
&lt;th class="numeric" style="width:20%"&gt;$msg.get("xe.statistics.changes")&lt;/th&gt;
&lt;th style="width:80%"&gt;$msg.get("xe.statistics.user")&lt;/th&gt;
&lt;/tr&gt;
&lt;/thead&gt;
&lt;tbody&gt;
#foreach($item in $stats)
#set($userNameLink = $xwiki.getUserName($item.name))
#set($userName = $xwiki.getUserName($item.name, false))
#if($userNameLink)
&lt;tr&gt;
&lt;td class="numeric"&gt;$item.pageSaves&lt;/td&gt;
&lt;td&gt;&lt;div class="ellipsis" title="$userName"&gt;$userNameLink&lt;/div&gt;&lt;/td&gt;
&lt;/tr&gt;
#end
#end
&lt;/tbody&gt;
&lt;/table&gt;
#end
#macro(printRefererStats $stats)
$!xwiki.ssx.use("Stats.Style")
&lt;table class="stats" cellspacing="0" cellpadding="0"&gt;
&lt;thead&gt;
&lt;tr&gt;
&lt;th class="numeric" style="width:20%"&gt;$msg.get("xe.statistics.sources")&lt;/th&gt;
&lt;th style="width:80%"&gt;$msg.get("xe.statistics.referrer")&lt;/th&gt;
&lt;/tr&gt;
&lt;/thead&gt;
&lt;tbody&gt;
#foreach($item in $stats)
&lt;tr&gt;
&lt;td class="numeric"&gt;$item.pageViews&lt;/td&gt;
&lt;td&gt;&lt;div class="ellipsis" title="$item.URL.host"&gt;&lt;a href="$item.referer"&gt;$item.URL.host&lt;/a&gt;&lt;/div&gt;&lt;/td&gt;
&lt;/tr&gt;
#end
&lt;/tbody&gt;
&lt;/table&gt;
#end
#macro(printNoStatisticsData)
#info($msg.get("xe.statistics.notrecorded"))
#end
#macro(printStatisticsDisabled)
#set($statsHome = "[$msg.get('xe.statistics.homepage')&gt;Stats.WebHome].")
#warning($msg.get("xe.statistics.disabled", [$statsHome]))
#end</content>
</xwikidoc>
