<?xml version="1.0" encoding="UTF-8"?>

<xwikidoc>
<web>Stats</web>
<name>WebHome</name>
<language></language>
<defaultLanguage>en</defaultLanguage>
<translation>0</translation>
<parent>Main.WebHome</parent>
<creator>XWiki.Admin</creator>
<author>XWiki.Admin</author>
<customClass></customClass>
<contentAuthor>XWiki.Admin</contentAuthor>
<creationDate>1195803878000</creationDate>
<date>1196177743000</date>
<contentUpdateDate>1196177743000</contentUpdateDate>
<version>1.1</version>
<title>$msg.get("xe.statistics")</title>
<template></template>
<defaultTemplate></defaultTemplate>
<validationScript></validationScript>
<comment></comment>
<minorEdit>false</minorEdit>
<syntaxId>xwiki/1.0</syntaxId>
<hidden>false</hidden>
<content>#if($xwiki.statsService.enabled)
#set($chartWidth = 380)
#displayPanelLayout(2 ["Stats.MostViewedPages", "Stats.MostActiveContributors", "Stats.CurrentMonthActivity", "Stats.MostReferredPages"])
$msg.get("xe.statistics.more")
* [$msg.get("xe.statistics.document")&gt;Stats.Document]
* [$msg.get("xe.statistics.visit")&gt;Stats.Visit]
* [$msg.get("xe.statistics.activity")&gt;Stats.Activity]
* [$msg.get("xe.statistics.referrer")&gt;Stats.Referrer]
#else
#warning($msg.get("xe.statistics.module.disabled"))

$msg.get("xe.statistics.module.settingvalue") *&lt;tt&gt;xwiki.stats&lt;/tt&gt;* $msg.get("xe.statistics.to") *&lt;tt&gt;1&lt;/tt&gt;* $msg.get("xe.statistics.inthe") *&lt;tt&gt;xwiki.cfg&lt;/tt&gt;* $msg.get("xe.statistics.moredetails") [xwiki.org&gt;http://www.xwiki.org].

$msg.get("xe.statistics.module.activating")

* $msg.get("xe.statistics.pages.mostedited")
* $msg.get("xe.statistics.contributors.mostactive")
* $msg.get("xe.statistics.pages.mostreferred")
* $msg.get("xe.statistics.module.muchmore")
#end</content>
</xwikidoc>
