<?xml version="1.0" encoding="UTF-8"?>

<xwikidoc>
<web>Stats</web>
<name>WebPreferences</name>
<language></language>
<defaultLanguage>en</defaultLanguage>
<translation>0</translation>
<parent>Stats.WebHome</parent>
<creator>XWiki.Admin</creator>
<author>XWiki.Admin</author>
<customClass></customClass>
<contentAuthor>XWiki.Admin</contentAuthor>
<creationDate>1196164456000</creationDate>
<date>1196164456000</date>
<contentUpdateDate>1196164456000</contentUpdateDate>
<version>1.1</version>
<title>Statistics Web Preferences</title>
<template></template>
<defaultTemplate></defaultTemplate>
<validationScript></validationScript>
<comment></comment>
<minorEdit>false</minorEdit>
<syntaxId>xwiki/1.0</syntaxId>
<hidden>false</hidden>
<object>
<class>
<name>XWiki.XWikiGlobalRights</name>
<customClass></customClass>
<customMapping></customMapping>
<defaultViewSheet></defaultViewSheet>
<defaultEditSheet></defaultEditSheet>
<defaultWeb></defaultWeb>
<nameField></nameField>
<validationScript></validationScript>
<allow>
<defaultValue>1</defaultValue>
<displayFormType>select</displayFormType>
<displayType>allow</displayType>
<name>allow</name>
<number>4</number>
<prettyName>Allow/Deny</prettyName>
<unmodifiable>0</unmodifiable>
<classType>com.xpn.xwiki.objects.classes.BooleanClass</classType>
</allow>
<groups>
<cache>0</cache>
<displayType>select</displayType>
<multiSelect>1</multiSelect>
<name>groups</name>
<number>1</number>
<prettyName>Groups</prettyName>
<relationalStorage>0</relationalStorage>
<separator> </separator>
<size>5</size>
<unmodifiable>0</unmodifiable>
<usesList>1</usesList>
<classType>com.xpn.xwiki.objects.classes.GroupsClass</classType>
</groups>
<levels>
<cache>0</cache>
<displayType>select</displayType>
<multiSelect>1</multiSelect>
<name>levels</name>
<number>2</number>
<prettyName>Levels</prettyName>
<relationalStorage>0</relationalStorage>
<separator> </separator>
<size>3</size>
<unmodifiable>0</unmodifiable>
<classType>com.xpn.xwiki.objects.classes.LevelsClass</classType>
</levels>
<users>
<cache>0</cache>
<displayType>select</displayType>
<multiSelect>1</multiSelect>
<name>users</name>
<number>3</number>
<prettyName>Users</prettyName>
<relationalStorage>0</relationalStorage>
<separator> </separator>
<size>5</size>
<unmodifiable>0</unmodifiable>
<usesList>1</usesList>
<classType>com.xpn.xwiki.objects.classes.UsersClass</classType>
</users>
</class>
<name>Stats.WebPreferences</name>
<number>0</number>
<className>XWiki.XWikiGlobalRights</className>
<guid>5907ab99-1149-4165-9b80-4a9677b9f62c</guid>
<property>
<allow>1</allow>
</property>
<property>
<groups>XWiki.XWikiAdminGroup</groups>
</property>
<property>
<levels>view,edit,comment,delete,admin</levels>
</property>
</object>
<content>
</content></xwikidoc>