<?xml version="1.0" encoding="UTF-8"?>

<xwikidoc>
<web>XWiki</web>
<name>AdminRightsSheet</name>
<language></language>
<defaultLanguage></defaultLanguage>
<translation>0</translation>
<parent>XWiki.AdminSheet</parent>
<creator>XWiki.Admin</creator>
<author>XWiki.Admin</author>
<customClass></customClass>
<contentAuthor>XWiki.Admin</contentAuthor>
<creationDate>1211801338000</creationDate>
<date>1213904460000</date>
<contentUpdateDate>1213904460000</contentUpdateDate>
<version>1.1</version>
<title>AdminRightsSheet</title>
<template></template>
<defaultTemplate></defaultTemplate>
<validationScript></validationScript>
<comment></comment>
<minorEdit>false</minorEdit>
<syntaxId>xwiki/1.0</syntaxId>
<hidden>false</hidden>
<content>### Administrate the rights in a wiki (globally or per space).
{pre}
#template('rightsUI.vm')
{/pre}</content>
</xwikidoc>
