<?xml version="1.0" encoding="UTF-8"?>

<xwikidoc>
<web>XWiki</web>
<name>AggregatorURLClass</name>
<language></language>
<defaultLanguage></defaultLanguage>
<translation>0</translation>
<parent>XWiki.XWikiClasses</parent>
<creator></creator>
<author></author>
<customClass></customClass>
<contentAuthor></contentAuthor>
<creationDate>1233585449000</creationDate>
<date>1233585449000</date>
<contentUpdateDate>1233585449000</contentUpdateDate>
<version>1.1</version>
<title></title>
<template></template>
<defaultTemplate></defaultTemplate>
<validationScript></validationScript>
<comment></comment>
<minorEdit>false</minorEdit>
<syntaxId>xwiki/1.0</syntaxId>
<hidden>false</hidden>
<class>
<name>XWiki.AggregatorURLClass</name>
<customClass></customClass>
<customMapping>internal</customMapping>
<defaultViewSheet></defaultViewSheet>
<defaultEditSheet></defaultEditSheet>
<defaultWeb></defaultWeb>
<nameField></nameField>
<validationScript></validationScript>
<date>
<dateFormat>dd/MM/yyyy HH:mm:ss</dateFormat>
<emptyIsToday>1</emptyIsToday>
<name>date</name>
<number>4</number>
<picker>1</picker>
<prettyName>date</prettyName>
<size>20</size>
<unmodifiable>0</unmodifiable>
<classType>com.xpn.xwiki.objects.classes.DateClass</classType>
</date>
<imgurl>
<name>imgurl</name>
<number>3</number>
<prettyName>Image url</prettyName>
<size>80</size>
<unmodifiable>0</unmodifiable>
<classType>com.xpn.xwiki.objects.classes.StringClass</classType>
</imgurl>
<name>
<name>name</name>
<number>1</number>
<prettyName>Name</prettyName>
<size>80</size>
<unmodifiable>0</unmodifiable>
<classType>com.xpn.xwiki.objects.classes.StringClass</classType>
</name>
<nb>
<name>nb</name>
<number>5</number>
<numberType>integer</numberType>
<prettyName>nb</prettyName>
<size>5</size>
<unmodifiable>0</unmodifiable>
<classType>com.xpn.xwiki.objects.classes.NumberClass</classType>
</nb>
<url>
<name>url</name>
<number>2</number>
<prettyName>url</prettyName>
<size>80</size>
<unmodifiable>0</unmodifiable>
<classType>com.xpn.xwiki.objects.classes.StringClass</classType>
</url>
</class>
<content>
</content></xwikidoc>