<?xml version="1.0" encoding="UTF-8"?>

<xwikidoc>
<web>XWiki</web>
<name>ArticleClassSheet</name>
<language></language>
<defaultLanguage>en</defaultLanguage>
<translation>0</translation>
<parent>XWiki.ArticleClass</parent>
<creator>XWiki.Admin</creator>
<author>XWiki.Admin</author>
<customClass></customClass>
<contentAuthor>XWiki.Admin</contentAuthor>
<creationDate>1106311621000</creationDate>
<date>1166177442000</date>
<contentUpdateDate>1169801142000</contentUpdateDate>
<version>1.1</version>
<title></title>
<template></template>
<defaultTemplate></defaultTemplate>
<validationScript></validationScript>
<comment></comment>
<minorEdit>false</minorEdit>
<syntaxId>xwiki/1.0</syntaxId>
<hidden>false</hidden>
<object>
<class>
<name>XWiki.TagClass</name>
<customClass></customClass>
<customMapping></customMapping>
<defaultViewSheet></defaultViewSheet>
<defaultEditSheet></defaultEditSheet>
<defaultWeb></defaultWeb>
<nameField></nameField>
<validationScript></validationScript>
<tags>
<cache>0</cache>
<displayType>input</displayType>
<multiSelect>1</multiSelect>
<name>tags</name>
<number>1</number>
<prettyName>Tags</prettyName>
<relationalStorage>1</relationalStorage>
<separator> </separator>
<separators> ,|</separators>
<size>30</size>
<unmodifiable>0</unmodifiable>
<values></values>
<classType>com.xpn.xwiki.objects.classes.StaticListClass</classType>
</tags>
</class>
<name>XWiki.ArticleClassSheet</name>
<number>0</number>
<className>XWiki.TagClass</className>
<guid>b3eeb485-bff3-47fa-9900-e25a06fe921b</guid>
<property>
<tags/>
</property>
</object>
<content>#set($obj = "")
#set($obj = $doc.getObject("XWiki.ArticleClass"))
#if($obj == "")
#warning("This is not an article!")
#elseif($context.action!="inline")
&lt;div class="hfeed"&gt;
&lt;div class="hentry"&gt;
&lt;h2 class="entry-title"&gt;$doc.display("title","view", $obj)&lt;/h2&gt;
&lt;div class="article_content entry-content"&gt;
$doc.display("content", "rendered", $obj)
&lt;/div&gt; ## entry-content
&lt;div class="article_footer"&gt;
#set($bcategories = $obj.getProperty("category").value)
Posted by &lt;address class="author vcard"&gt;#userfn($doc.creator)&lt;/address&gt; at &lt;abbr class="published" title="#formatdateISO($doc.creationDate)"&gt;$xwiki.formatDate($doc.creationDate, "MMM dd, yyyy HH:mm")&lt;/abbr&gt;#if($bcategories.size() &gt; 0) in #foreach($bcategory in $bcategories)&lt;a rel="tag" href="$xwiki.getURL("Blog.Category", "view", "category=${bcategory}")"&gt;$bcategory&lt;/a&gt; #end#end #if($doc.date != $doc.creationDate) | Modified by &lt;address class="author vcard"&gt;#userfn($doc.author)&lt;/address&gt; at &lt;abbr class="updated" title="#formatdateISO($doc.date)"&gt;$xwiki.formatDate($doc.date, "MMM dd, yyyy HH:mm")&lt;/abbr&gt; #end | [$doc.comments.size() Comment(s)&gt;${doc.fullName}?xpage=comments] | &lt;a href="$doc.getURL("view")" rel="bookmark"&gt;Permalink&lt;/a&gt;
&lt;/div&gt; ## article_footer
&lt;/div&gt; ## hentry
&lt;/div&gt; ## hfeed
#else
&lt;dl&gt;
&lt;dt&gt;Title:&lt;/dt&gt;
&lt;dd&gt;$doc.display("title", "edit", $obj)&lt;/dd&gt;
&lt;dt&gt;Category:&lt;/dt&gt;
&lt;dd&gt;$doc.display("category", "edit", $obj)&lt;/dd&gt;
&lt;dt&gt;Content:&lt;/dt&gt;
&lt;dd&gt;$doc.display("content", "edit", $obj)&lt;/dd&gt;
&lt;dt&gt;Extract:&lt;/dt&gt;
&lt;dd&gt;$doc.display("extract", "edit", $obj)&lt;/dd&gt;
&lt;/dl&gt;
#set($newtitle = $request.title)
#if($newtitle)
#set($newtitle = $newtitle.replaceAll('"',"'"))
&lt;script type="text/javascript"&gt;
var title = "${newtitle}";
{pre}
document.forms.inline["XWiki.ArticleClass_0_title"].value = title;
{/pre}
&lt;/script&gt;
#end
#end</content>
</xwikidoc>
