<?xml version="1.0" encoding="UTF-8"?>

<xwikidoc>
<web>XWiki</web>
<name>CalendarEvent</name>
<language></language>
<defaultLanguage>en</defaultLanguage>
<translation>0</translation>
<parent>XWiki.XWikiClasses</parent>
<creator>XWiki.Admin</creator>
<author>XWiki.Admin</author>
<customClass></customClass>
<contentAuthor>XWiki.Admin</contentAuthor>
<creationDate>1165962819000</creationDate>
<date>1172316772000</date>
<contentUpdateDate>1172316772000</contentUpdateDate>
<version>1.1</version>
<title></title>
<template></template>
<defaultTemplate></defaultTemplate>
<validationScript></validationScript>
<comment></comment>
<minorEdit>false</minorEdit>
<syntaxId>xwiki/1.0</syntaxId>
<hidden>false</hidden>
<class>
<name>XWiki.CalendarEvent</name>
<customClass></customClass>
<customMapping></customMapping>
<defaultViewSheet></defaultViewSheet>
<defaultEditSheet></defaultEditSheet>
<defaultWeb></defaultWeb>
<nameField></nameField>
<validationScript></validationScript>
<category>
<cache>0</cache>
<customDisplay></customDisplay>
<displayType>select</displayType>
<multiSelect>0</multiSelect>
<name>category</name>
<number>6</number>
<picker></picker>
<prettyName>Category</prettyName>
<relationalStorage>0</relationalStorage>
<separator> </separator>
<separators> ,|</separators>
<size>3</size>
<sort>none</sort>
<tooltip></tooltip>
<unmodifiable>0</unmodifiable>
<validationMessage></validationMessage>
<validationRegExp></validationRegExp>
<values></values>
<classType>com.xpn.xwiki.objects.classes.StaticListClass</classType>
</category>
<description>
<contenttype>FullyRenderedText</contenttype>
<customDisplay></customDisplay>
<editor>---</editor>
<name>description</name>
<number>7</number>
<prettyName>Description</prettyName>
<rows>5</rows>
<size>40</size>
<tooltip></tooltip>
<unmodifiable>0</unmodifiable>
<validationMessage></validationMessage>
<validationRegExp></validationRegExp>
<classType>com.xpn.xwiki.objects.classes.TextAreaClass</classType>
</description>
<endDate>
<customDisplay></customDisplay>
<dateFormat>dd/MM/yyyy</dateFormat>
<emptyIsToday>1</emptyIsToday>
<name>endDate</name>
<number>3</number>
<picker>1</picker>
<prettyName>End Date</prettyName>
<size>20</size>
<tooltip></tooltip>
<unmodifiable>0</unmodifiable>
<validationMessage></validationMessage>
<validationRegExp></validationRegExp>
<classType>com.xpn.xwiki.objects.classes.DateClass</classType>
</endDate>
<location>
<customDisplay></customDisplay>
<name>location</name>
<number>4</number>
<prettyName>Location</prettyName>
<size>30</size>
<tooltip></tooltip>
<unmodifiable>0</unmodifiable>
<validationMessage></validationMessage>
<validationRegExp></validationRegExp>
<classType>com.xpn.xwiki.objects.classes.StringClass</classType>
</location>
<startDate>
<customDisplay></customDisplay>
<dateFormat>dd/MM/yyyy</dateFormat>
<emptyIsToday>1</emptyIsToday>
<name>startDate</name>
<number>2</number>
<picker>1</picker>
<prettyName>Start Date</prettyName>
<size>20</size>
<tooltip></tooltip>
<unmodifiable>0</unmodifiable>
<validationMessage></validationMessage>
<validationRegExp></validationRegExp>
<classType>com.xpn.xwiki.objects.classes.DateClass</classType>
</startDate>
<title>
<customDisplay></customDisplay>
<name>title</name>
<number>1</number>
<prettyName>Title</prettyName>
<size>30</size>
<tooltip></tooltip>
<unmodifiable>0</unmodifiable>
<validationMessage></validationMessage>
<validationRegExp></validationRegExp>
<classType>com.xpn.xwiki.objects.classes.StringClass</classType>
</title>
<url>
<customDisplay></customDisplay>
<name>url</name>
<number>5</number>
<prettyName>URL (optional)</prettyName>
<size>30</size>
<tooltip></tooltip>
<unmodifiable>0</unmodifiable>
<validationMessage></validationMessage>
<validationRegExp></validationRegExp>
<classType>com.xpn.xwiki.objects.classes.StringClass</classType>
</url>
<user>
<customDisplay></customDisplay>
<name>user</name>
<number>8</number>
<prettyName>User</prettyName>
<size>30</size>
<tooltip></tooltip>
<unmodifiable>0</unmodifiable>
<validationMessage></validationMessage>
<validationRegExp></validationRegExp>
<classType>com.xpn.xwiki.objects.classes.StringClass</classType>
</user>
</class>
<content>
</content></xwikidoc>