<?xml version="1.0" encoding="UTF-8"?>

<xwikidoc>
<web>XWiki</web>
<name>FeedEntryClass</name>
<language></language>
<defaultLanguage></defaultLanguage>
<translation>0</translation>
<parent>XWiki.XWikiClasses</parent>
<creator></creator>
<author></author>
<customClass></customClass>
<contentAuthor></contentAuthor>
<creationDate>1233585449000</creationDate>
<date>1233585449000</date>
<contentUpdateDate>1233585449000</contentUpdateDate>
<version>1.1</version>
<title></title>
<template></template>
<defaultTemplate></defaultTemplate>
<validationScript></validationScript>
<comment></comment>
<minorEdit>false</minorEdit>
<syntaxId>xwiki/1.0</syntaxId>
<hidden>false</hidden>
<class>
<name>XWiki.FeedEntryClass</name>
<customClass></customClass>
<customMapping>internal</customMapping>
<defaultViewSheet></defaultViewSheet>
<defaultEditSheet></defaultEditSheet>
<defaultWeb></defaultWeb>
<nameField></nameField>
<validationScript></validationScript>
<author>
<name>author</name>
<number>2</number>
<prettyName>Author</prettyName>
<size>40</size>
<unmodifiable>0</unmodifiable>
<classType>com.xpn.xwiki.objects.classes.StringClass</classType>
</author>
<category>
<name>category</name>
<number>6</number>
<prettyName>Category</prettyName>
<size>255</size>
<unmodifiable>0</unmodifiable>
<classType>com.xpn.xwiki.objects.classes.StringClass</classType>
</category>
<content>
<name>content</name>
<number>7</number>
<prettyName>Content</prettyName>
<rows>10</rows>
<size>80</size>
<unmodifiable>0</unmodifiable>
<classType>com.xpn.xwiki.objects.classes.TextAreaClass</classType>
</content>
<date>
<dateFormat>dd/MM/yyyy HH:mm:ss</dateFormat>
<emptyIsToday>1</emptyIsToday>
<name>date</name>
<number>10</number>
<picker>1</picker>
<prettyName>date</prettyName>
<size>20</size>
<unmodifiable>0</unmodifiable>
<classType>com.xpn.xwiki.objects.classes.DateClass</classType>
</date>
<feedname>
<name>feedname</name>
<number>4</number>
<prettyName>Feed Name</prettyName>
<size>40</size>
<unmodifiable>0</unmodifiable>
<classType>com.xpn.xwiki.objects.classes.StringClass</classType>
</feedname>
<feedurl>
<name>feedurl</name>
<number>3</number>
<prettyName>Feed URL</prettyName>
<size>80</size>
<unmodifiable>0</unmodifiable>
<classType>com.xpn.xwiki.objects.classes.StringClass</classType>
</feedurl>
<flag>
<name>flag</name>
<number>11</number>
<numberType>integer</numberType>
<prettyName>Flag</prettyName>
<size>5</size>
<unmodifiable>0</unmodifiable>
<classType>com.xpn.xwiki.objects.classes.NumberClass</classType>
</flag>
<fullContent>
<name>fullContent</name>
<number>8</number>
<prettyName>Full Content</prettyName>
<rows>10</rows>
<size>80</size>
<unmodifiable>0</unmodifiable>
<classType>com.xpn.xwiki.objects.classes.TextAreaClass</classType>
</fullContent>
<read>
<name>read</name>
<number>12</number>
<numberType>integer</numberType>
<prettyName>Read</prettyName>
<size>5</size>
<unmodifiable>0</unmodifiable>
<classType>com.xpn.xwiki.objects.classes.NumberClass</classType>
</read>
<tags>
<cache>0</cache>
<displayType>select</displayType>
<multiSelect>1</multiSelect>
<name>tags</name>
<number>13</number>
<prettyName>Tags</prettyName>
<relationalStorage>0</relationalStorage>
<separator> </separator>
<separators> ,|</separators>
<size>1</size>
<unmodifiable>0</unmodifiable>
<values></values>
<classType>com.xpn.xwiki.objects.classes.StaticListClass</classType>
</tags>
<title>
<name>title</name>
<number>1</number>
<prettyName>Title</prettyName>
<size>80</size>
<unmodifiable>0</unmodifiable>
<classType>com.xpn.xwiki.objects.classes.StringClass</classType>
</title>
<url>
<name>url</name>
<number>5</number>
<prettyName>URL</prettyName>
<size>80</size>
<unmodifiable>0</unmodifiable>
<classType>com.xpn.xwiki.objects.classes.StringClass</classType>
</url>
<xml>
<name>xml</name>
<number>9</number>
<prettyName>XML</prettyName>
<rows>10</rows>
<size>80</size>
<unmodifiable>0</unmodifiable>
<classType>com.xpn.xwiki.objects.classes.TextAreaClass</classType>
</xml>
</class>
<content>
</content></xwikidoc>