<?xml version="1.0" encoding="UTF-8"?>

<xwikidoc>
<web>XWiki</web>
<name>ObjectSheet</name>
<language></language>
<defaultLanguage>en</defaultLanguage>
<translation>0</translation>
<parent>XWiki.XWikiClasses</parent>
<creator>XWiki.Admin</creator>
<author>XWiki.Admin</author>
<customClass></customClass>
<contentAuthor>XWiki.Admin</contentAuthor>
<creationDate>1252454400000</creationDate>
<date>1252454400000</date>
<contentUpdateDate>1252454400000</contentUpdateDate>
<version>1.1</version>
<title>Object Sheet</title>
<template></template>
<defaultTemplate></defaultTemplate>
<validationScript></validationScript>
<comment></comment>
<minorEdit>false</minorEdit>
<syntaxId>xwiki/2.0</syntaxId>
<hidden>false</hidden>
<content>{{velocity}}
## You can modify this page to customize the presentation of your object.
## At first you should keep the default presentation and just save the document.
= Document $doc.name =

#set($class = $doc.getObject('XWiki.MyClass').xWikiClass)

#foreach($prop in $class.properties)
  ; $prop.prettyName
  : $doc.display($prop.getName())
#end
{{/velocity}}</content>
</xwikidoc>
