<?xml version="1.0" encoding="UTF-8"?>

<xwikidoc>
<web>XWiki</web>
<name>PhotoAlbumClassTemplate</name>
<language></language>
<defaultLanguage>en</defaultLanguage>
<translation>0</translation>
<parent>XWiki.PhotoAlbumClass</parent>
<creator>XWiki.Admin</creator>
<author>XWiki.Admin</author>
<customClass></customClass>
<contentAuthor>XWiki.Admin</contentAuthor>
<creationDate>1107121453000</creationDate>
<date>1166177443000</date>
<contentUpdateDate>1169801142000</contentUpdateDate>
<version>1.1</version>
<title></title>
<template></template>
<defaultTemplate></defaultTemplate>
<validationScript></validationScript>
<comment></comment>
<minorEdit>false</minorEdit>
<syntaxId>xwiki/1.0</syntaxId>
<hidden>false</hidden>
<object>
<class>
<name>XWiki.PhotoAlbumClass</name>
<customClass></customClass>
<customMapping></customMapping>
<defaultViewSheet></defaultViewSheet>
<defaultEditSheet></defaultEditSheet>
<defaultWeb></defaultWeb>
<nameField></nameField>
<validationScript></validationScript>
<description>
<name>description</name>
<number>2</number>
<prettyName>description</prettyName>
<rows>5</rows>
<size>60</size>
<unmodifiable>0</unmodifiable>
<classType>com.xpn.xwiki.objects.classes.TextAreaClass</classType>
</description>
<height>
<name>height</name>
<number>3</number>
<numberType>long</numberType>
<prettyName>height</prettyName>
<size>30</size>
<unmodifiable>0</unmodifiable>
<classType>com.xpn.xwiki.objects.classes.NumberClass</classType>
</height>
<title>
<name>title</name>
<number>1</number>
<prettyName>title</prettyName>
<size>60</size>
<unmodifiable>0</unmodifiable>
<classType>com.xpn.xwiki.objects.classes.StringClass</classType>
</title>
</class>
<name>XWiki.PhotoAlbumClassTemplate</name>
<number>0</number>
<className>XWiki.PhotoAlbumClass</className>
<guid>c2fbb898-bed1-4a30-856b-042f9fafde90</guid>
<property>
<description></description>
</property>
<property>
<height>150</height>
</property>
<property>
<title>enter title here</title>
</property>
</object>
<content>#includeForm("XWiki.PhotoAlbumClassSheet")</content>
</xwikidoc>
