<?xml version="1.0" encoding="UTF-8"?>

<xwikidoc>
<web>XWiki</web>
<name>WikiMacros</name>
<language></language>
<defaultLanguage>en</defaultLanguage>
<translation>0</translation>
<parent>XWiki.WebHome</parent>
<creator>XWiki.Admin</creator>
<author>XWiki.Admin</author>
<customClass></customClass>
<contentAuthor>XWiki.Admin</contentAuthor>
<creationDate>1251716762000</creationDate>
<date>1251717804000</date>
<contentUpdateDate>1251717804000</contentUpdateDate>
<version>1.1</version>
<title></title>
<template></template>
<defaultTemplate></defaultTemplate>
<validationScript></validationScript>
<comment></comment>
<minorEdit>false</minorEdit>
<syntaxId>xwiki/2.0</syntaxId>
<hidden>false</hidden>
<content>
{{velocity filter="none"}}
{{html clean="false" wiki="true"}}
= Existing wiki macro definitions =
#set($mxwiki=$xwiki.getXWiki())
#set($mcontext=$context.getContext())
#set($sql="select doc.fullName from XWikiDocument doc, BaseObject obj where doc.fullName=obj.name and obj.className='XWiki.WikiMacroClass'")
#set($mdocs=$mxwiki.getStore().search($sql, 0, 0, $mcontext))
#info("[$listtool.size($mdocs)] wiki macro definition(s) found:")
&lt;br/&gt;
#foreach($mdoc in $mdocs)
  [[$mdoc&gt;&gt;$mdoc]]&lt;br/&gt;
#end
{{/html}}
{{/velocity}}
</content></xwikidoc>