<?xml version="1.0" encoding="UTF-8"?>

<xwikidoc>
<web>XWiki</web>
<name>XWikiGroupSheet</name>
<language></language>
<defaultLanguage>en</defaultLanguage>
<translation>0</translation>
<parent>XWiki.XWikiGroups</parent>
<creator>XWiki.Admin</creator>
<author>XWiki.Admin</author>
<customClass></customClass>
<contentAuthor>XWiki.Admin</contentAuthor>
<creationDate>1242173909000</creationDate>
<date>1258641136000</date>
<contentUpdateDate>1258641136000</contentUpdateDate>
<version>1.1</version>
<title></title>
<template></template>
<defaultTemplate></defaultTemplate>
<validationScript></validationScript>
<comment></comment>
<minorEdit>false</minorEdit>
<syntaxId>xwiki/1.0</syntaxId>
<hidden>false</hidden>
<content>#set($interface = $xwiki.rightsmanager.defaultUi)
#set($mainwk = $context.isMainWiki())
## display the new interface
#if($interface == "new")
$xwiki.jsfx.use("js/xwiki/usersandgroups/usersandgroups.js", true)
$xwiki.ssfx.use("js/xwiki/usersandgroups/usersandgroups.css")
$xwiki.jsfx.use("js/xwiki/table/livetable.js", true)
$xwiki.ssfx.use("js/xwiki/table/livetable.css", true)
#set($columnOptions = {
  "member" : {'link': 'auto', 'type': 'text'},
  "_actions" : {
    'actions': ['delete'],
    'actionCallbacks': {'delete': 'table.deleteRow(i);'},
    'ajaxActions': {'delete': true}
   }
})
#if($hasAdmin &amp;&amp; $context.action == 'inline')
  #set($columns = ['member', '_actions'])
#else
  #set($columns = ['member'])
#end
#livetable("groupusers", $columns, $columnOptions, {'url' : "${doc.getURL()}?xpage=getgroupmembers", 'translationPrefix' : 'xe.admin.groups.'})
##
##
##
#if($context.action == "inline")
  &lt;div id="addNewMember"&gt;
    &lt;table&gt;
      &lt;tr&gt;&lt;td class="addlabel"&gt;$msg.get("xe.admin.groups.addUser") #if(!$mainwk)&lt;/td&gt;
        &lt;td&gt;&lt;select name="wiki" onchange="changeWiki(this);"&gt;
               &lt;option value="local" selected="selected"&gt;$msg.get("xe.admin.local")&lt;/option&gt;
               &lt;option value="global"&gt;$msg.get("xe.admin.global")&lt;/option&gt;
             &lt;/select&gt;&lt;/td&gt;
         #else &lt;input type="hidden" name="wiki" value="local" /&gt;&lt;/td&gt; #end
        &lt;td&gt;
          &lt;input id="userSuggest" type="text" size="30" name="newMember" autocomplete="off" onfocus="window.createSuggest(this, 'user');"/&gt;
        &lt;/td&gt;
        &lt;td&gt;
          &lt;input type="button" id="addNewUser" class="button" value="$msg.get('xe.admin.groups.addUser.submit')" onclick="addNewMember('user', $('userSuggest').value);"/&gt;
        &lt;/td&gt;
      &lt;/tr&gt;
      &lt;tr&gt;
        &lt;td class="addlabel"&gt;$msg.get("xe.admin.groups.addGroup") #if(!$mainwk)&lt;/td&gt;
        &lt;td&gt;&lt;select name="wiki" onchange="changeWiki(this);"&gt;
              &lt;option value="local" selected="selected"&gt;$msg.get("xe.admin.local")&lt;/option&gt;
              &lt;option value="global"&gt;$msg.get("xe.admin.global")&lt;/option&gt;
            &lt;/select&gt;&lt;/td&gt;
        #else &lt;input type="hidden" name="wiki" value="local" /&gt;&lt;/td&gt; #end
        &lt;td&gt;
          &lt;input id="groupSuggest" type="text" size="30" name="newMember" autocomplete="off" onfocus="window.createSuggest(this, 'group');"/&gt;
        &lt;/td&gt;
        &lt;td&gt;
          &lt;input type="button" id="addNewGroup" class="button" value="$msg.get('xe.admin.groups.addGroup.submit')" onclick="addNewMember('group', $('groupSuggest').value);"/&gt;
        &lt;/td&gt;
      &lt;/tr&gt;
      &lt;tr&gt;&lt;td colspan="3" id="errMsg"&gt;&lt;/td&gt;&lt;/tr&gt;
    &lt;/table&gt;
  &lt;/div&gt;
{pre}
&lt;script type="text/javascript"&gt;
// &lt;![CDATA[
window.addNewMember = function(uorg, name)
{
     //url = adduorg
     if(name) 
     {
             var url = "$doc.getURL("view")" + "?xpage=adduorg" + "&amp;" + "uorg=" + uorg + "&amp;" + "name=" + name;
             new Ajax.Request(url, 
             {
               method: 'get',
                       onSuccess: function(transport) {
                         $('userSuggest').value = "";
                         $('groupSuggest').value = "";

                         var nr = parseInt(transport.responseText);  
                         if(nr == 0) $('errMsg').innerHTML = "$msg.get('xe.admin.groups.addUser.duplicate')";
                         else {
                                var end = ta.limit;
                                var start = ta.lastoffset;
                                ta.clearCache();
                                if(start &lt; 1)  start = 1;
                                ta.getRows(start, end, start, end);
                         }                   
                       }
             });
     }
}
 //create new ajax suggest
 suggesturl = "$doc.getURL()" + "?xpage=uorgsuggest" + "&amp;" + "classname=XWiki.XWikiUsers" + "&amp;" + "wiki=local";
 
   window.createSuggest = function(input, uorg)
   {
     if(suggesturl.indexOf("&amp;" + "uorg=") &gt; 0) suggesturl = suggesturl.substring(0, suggesturl.indexOf("&amp;" + "uorg="));
     if(uorg == "user") 
            suggesturl += "&amp;" + "uorg=user" + "&amp;";
     else 
            suggesturl += "&amp;" + "uorg=group" + "&amp;";
        
     //clear the errors
        $('errMsg').innerHTML = "";
     return new ajaxSuggest(input, { script: suggesturl, varname:'input' } );
}
// ]]&gt;
&lt;/script&gt;
{/pre}
#end
##
##
##
#else ## stable interface
1 $doc.name

#set($allObjects = $doc.getObjects("XWiki.XWikiGroups"))
#set($itemsPerPage = 50)
#if($request.ipp)
#set($itemsPerPage = $util.parseInt($request.ipp))
#end
#set($pageNumber = 0)
#if($request.page)
#set($pageNumber = $util.parseInt($request.page))
#end
#set($startAt = $itemsPerPage * $pageNumber)
#if($startAt &lt; 0)
#set($startAt = 0)
#end
#set($endAt = $itemsPerPage * ($pageNumber + 1))
#if($endAt &gt; $allObjects.size())
#set($endAt = $allObjects.size())
#end
#if($startAt &gt; $endAt)
#set($startAt = $endAt)
#end
#set($totalPages = ($allObjects.size() - 1) / $itemsPerPage)
#set($crtPageNumber = $startAt / $itemsPerPage)
#set($objects = $allObjects.subList($startAt, $endAt))
#if($context.action == "inline")
#warning($msg.get("userdeletioncannotbecanceled"))
#set($redirect = $xwiki.getRequestURL())
{table}
&lt;span class="floatleft"&gt;$msg.get("xe.admin.groups.members")&lt;/span&gt; &lt;a id="adduser" href="$doc.getURL("objectadd","classname=XWiki.XWikiGroups&amp;amp;xredirect=$redirect")" title="$msg.get("addusertogroup")"&gt;&lt;span class="hidden"&gt;($msg.get("add"))&lt;/span&gt;&lt;/a&gt; | 
#foreach($obj in $objects)
$doc.display("member", $obj) | &lt;a class="deletelink" href="$doc.getURL("objectremove", "classname=XWiki.XWikiGroups&amp;amp;classid=${obj.number}&amp;amp;xredirect=${doc.getURL('inline')}")" title="$msg.get("removethisuserfromgroup")"&gt;$msg.get("delete")&lt;/a&gt;
#end ##foreach
{table}
#else ## inline
{table}
&lt;span class="floatleft"&gt;$msg.get("xe.admin.groups.members")&lt;/span&gt; #if($hasedit)&lt;a id="modifygroup" href="$doc.getURL("inline")"&gt;&lt;span class="hidden"&gt;($msg.get("edit"))&lt;/span&gt;&lt;/a&gt;
#else
#end
#foreach($obj in $objects)
$xwiki.getUserName($obj.getProperty("member").value)
#end ## foreach
{table}
#end ## inline
#pagedViewLinks($itemsPerPage $totalPages $crtPageNumber)
#end</content>
</xwikidoc>
