<?xml version="1.0" encoding="UTF-8"?>

<xwikidoc>
<web>XWiki</web>
<name>XWikiComments</name>
<language></language>
<defaultLanguage>en</defaultLanguage>
<translation>0</translation>
<parent>XWiki.XWikiClasses</parent>
<creator>XWiki.Admin</creator>
<author>XWiki.Admin</author>
<customClass></customClass>
<contentAuthor>XWiki.Admin</contentAuthor>
<creationDate>1106311618000</creationDate>
<date>1263564147000</date>
<contentUpdateDate>1263564147000</contentUpdateDate>
<version>2.1</version>
<title>XWiki Comment Class</title>
<template></template>
<defaultTemplate></defaultTemplate>
<validationScript></validationScript>
<comment></comment>
<minorEdit>false</minorEdit>
<syntaxId>xwiki/2.0</syntaxId>
<hidden>false</hidden>
<class>
<name>XWiki.XWikiComments</name>
<customClass></customClass>
<customMapping></customMapping>
<defaultViewSheet></defaultViewSheet>
<defaultEditSheet></defaultEditSheet>
<defaultWeb></defaultWeb>
<nameField></nameField>
<validationScript></validationScript>
<author>
<name>author</name>
<number>1</number>
<prettyName>Author</prettyName>
<size>30</size>
<unmodifiable>0</unmodifiable>
<classType>com.xpn.xwiki.objects.classes.StringClass</classType>
</author>
<comment>
<name>comment</name>
<number>4</number>
<prettyName>Comment</prettyName>
<rows>5</rows>
<size>40</size>
<unmodifiable>0</unmodifiable>
<classType>com.xpn.xwiki.objects.classes.TextAreaClass</classType>
</comment>
<date>
<dateFormat>dd/MM/yyyy HH:mm:ss</dateFormat>
<emptyIsToday>1</emptyIsToday>
<name>date</name>
<number>3</number>
<picker>1</picker>
<prettyName>Date</prettyName>
<size>20</size>
<unmodifiable>0</unmodifiable>
<classType>com.xpn.xwiki.objects.classes.DateClass</classType>
</date>
<highlight>
<name>highlight</name>
<number>2</number>
<prettyName>Highlighted Text</prettyName>
<rows>2</rows>
<size>40</size>
<unmodifiable>0</unmodifiable>
<classType>com.xpn.xwiki.objects.classes.TextAreaClass</classType>
</highlight>
<replyto>
<name>replyto</name>
<number>5</number>
<numberType>integer</numberType>
<prettyName>Reply To</prettyName>
<size>5</size>
<unmodifiable>0</unmodifiable>
<classType>com.xpn.xwiki.objects.classes.NumberClass</classType>
</replyto>
</class>
<content>{{include document="XWiki.ClassSheet" /}}</content>
</xwikidoc>
