<?xml version="1.0" encoding="UTF-8"?>

<xwikidoc>
<web>XWiki</web>
<name>AccountValidation</name>
<language></language>
<defaultLanguage>en</defaultLanguage>
<translation>0</translation>
<parent>XWiki.WebHome</parent>
<creator>XWiki.Admin</creator>
<author>XWiki.Admin</author>
<customClass></customClass>
<contentAuthor>XWiki.Admin</contentAuthor>
<creationDate>1219859029000</creationDate>
<date>1219860006000</date>
<contentUpdateDate>1219860006000</contentUpdateDate>
<version>1.1</version>
<title></title>
<template></template>
<defaultTemplate></defaultTemplate>
<validationScript></validationScript>
<comment></comment>
<minorEdit>false</minorEdit>
<syntaxId>xwiki/1.0</syntaxId>
<hidden>false</hidden>
<object>
<class>
<name>XWiki.TagClass</name>
<customClass></customClass>
<customMapping></customMapping>
<defaultViewSheet></defaultViewSheet>
<defaultEditSheet></defaultEditSheet>
<defaultWeb></defaultWeb>
<nameField></nameField>
<validationScript></validationScript>
<tags>
<cache>0</cache>
<displayType>checkbox</displayType>
<multiSelect>1</multiSelect>
<name>tags</name>
<number>1</number>
<prettyName>Tags</prettyName>
<relationalStorage>1</relationalStorage>
<separator> </separator>
<separators> ,|</separators>
<size>30</size>
<unmodifiable>0</unmodifiable>
<values></values>
<classType>com.xpn.xwiki.objects.classes.StaticListClass</classType>
</tags>
</class>
<name>XWiki.AccountValidation</name>
<number>0</number>
<className>XWiki.TagClass</className>
<guid>b28d303a-f1f7-4f12-9d11-100b7742d381</guid>
<property>
<tags/>
</property>
</object>
<content>#if("$!{request.validkey}" != '' &amp;&amp; "$!{request.xwikiname}" != '')
  #if($xwiki.validateUser(true) == 0)
    #set($loginURL = $xwiki.getURL('XWiki.XWikiLogin', 'login'))
    #info($msg.get('xe.admin.accountvalidation.success', [${loginURL}]))
  #else
    #warning($msg.get('xe.admin.accountvalidation.failure'))
  #end
#else
  $response.sendRedirect($xwiki.getURL('Main.WebHome'))
#end</content>
</xwikidoc>
