<?xml version="1.0" encoding="UTF-8"?>

<xwikidoc>
<web>XWiki</web>
<name>AdminGeneralSheet</name>
<language></language>
<defaultLanguage></defaultLanguage>
<translation>0</translation>
<parent>XWiki.AdminSheet</parent>
<creator>XWiki.Admin</creator>
<author>XWiki.Admin</author>
<customClass></customClass>
<contentAuthor>XWiki.Admin</contentAuthor>
<creationDate>1211800256000</creationDate>
<date>1240316643000</date>
<contentUpdateDate>1240316643000</contentUpdateDate>
<version>1.1</version>
<title>AdminGeneralSheet</title>
<template></template>
<defaultTemplate></defaultTemplate>
<validationScript></validationScript>
<comment></comment>
<minorEdit>false</minorEdit>
<syntaxId>xwiki/1.0</syntaxId>
<hidden>false</hidden>
<object>
<class>
<name>XWiki.TagClass</name>
<customClass></customClass>
<customMapping></customMapping>
<defaultViewSheet></defaultViewSheet>
<defaultEditSheet></defaultEditSheet>
<defaultWeb></defaultWeb>
<nameField></nameField>
<validationScript></validationScript>
<tags>
<cache>0</cache>
<displayType>checkbox</displayType>
<multiSelect>1</multiSelect>
<name>tags</name>
<number>1</number>
<prettyName>Tags</prettyName>
<relationalStorage>1</relationalStorage>
<separator> </separator>
<separators> ,|</separators>
<size>30</size>
<unmodifiable>0</unmodifiable>
<values></values>
<classType>com.xpn.xwiki.objects.classes.StaticListClass</classType>
</tags>
</class>
<name>XWiki.AdminGeneralSheet</name>
<number>0</number>
<className>XWiki.TagClass</className>
<guid>eb863d01-a864-432b-a58a-b0b1933b490a</guid>
<property>
<tags/>
</property>
</object>
<content>### Administrate general wiki preferences, at global level
#set($legend = ['language', 'editor', 'admin', 'smtp'])
#set($params = $util.hashMap)
#set($params.language = ['multilingual', 'languages' , 'default_language', 'dateformat'])
#set($params.editor = ['editor', 'core.defaultDocumentSyntax'])
#set($params.admin = ['admin_email'])
#set($params.smtp = ['smtp_server', 'smtp_port', 'smtp_server_username', 'smtp_server_password', 'javamail_extra_props'])
#includeForm('XWiki.AdminFieldsDisplaySheet')</content>
</xwikidoc>
