<?xml version="1.0" encoding="UTF-8"?>

<xwikidoc>
<web>XWiki</web>
<name>AdminProgrammingSheet</name>
<language></language>
<defaultLanguage></defaultLanguage>
<translation>0</translation>
<parent>XWiki.AdminSheet</parent>
<creator>XWiki.Admin</creator>
<author>XWiki.Admin</author>
<customClass></customClass>
<contentAuthor>XWiki.Admin</contentAuthor>
<creationDate>1211801263000</creationDate>
<date>1212569686000</date>
<contentUpdateDate>1213892723000</contentUpdateDate>
<version>1.1</version>
<title>AdminProgrammingSheet</title>
<template></template>
<defaultTemplate></defaultTemplate>
<validationScript></validationScript>
<comment></comment>
<minorEdit>false</minorEdit>
<syntaxId>xwiki/1.0</syntaxId>
<hidden>false</hidden>
<object>
<class>
<name>XWiki.TagClass</name>
<customClass></customClass>
<customMapping></customMapping>
<defaultViewSheet></defaultViewSheet>
<defaultEditSheet></defaultEditSheet>
<defaultWeb></defaultWeb>
<nameField></nameField>
<validationScript></validationScript>
<tags>
<cache>0</cache>
<displayType>checkbox</displayType>
<multiSelect>1</multiSelect>
<name>tags</name>
<number>1</number>
<prettyName>Tags</prettyName>
<relationalStorage>1</relationalStorage>
<separator> </separator>
<separators> ,|</separators>
<size>30</size>
<unmodifiable>0</unmodifiable>
<values></values>
<classType>com.xpn.xwiki.objects.classes.StaticListClass</classType>
</tags>
</class>
<name>XWiki.AdminProgrammingSheet</name>
<number>0</number>
<className>XWiki.TagClass</className>
<guid>7ca1cacf-5b61-4318-9a25-2ef9e1eb7911</guid>
<property>
<tags/>
</property>
</object>
<content>### Globally administrate the programming preferences.
#set($legend = ['programming'])
#set($params = $util.hashMap)
#set($params.programming = ['macros_languages', 'macros_velocity', 'macros_groovy', 'macros_mapping', 'notification_pages', 'documentBundles'])
#includeForm('XWiki.AdminFieldsDisplaySheet')
</content></xwikidoc>