<?xml version="1.0" encoding="UTF-8"?>

<xwikidoc>
<web>XWiki</web>
<name>AdminFieldsDisplaySheet</name>
<language></language>
<defaultLanguage></defaultLanguage>
<translation>0</translation>
<parent>XWiki.AdminSheet</parent>
<creator>XWiki.Admin</creator>
<author>XWiki.Admin</author>
<customClass></customClass>
<contentAuthor>XWiki.Admin</contentAuthor>
<creationDate>1211800243000</creationDate>
<date>1214047604000</date>
<contentUpdateDate>1214047604000</contentUpdateDate>
<version>1.1</version>
<title>AdminFieldsDisplaySheet</title>
<template></template>
<defaultTemplate></defaultTemplate>
<validationScript></validationScript>
<comment></comment>
<minorEdit>false</minorEdit>
<syntaxId>xwiki/1.0</syntaxId>
<hidden>false</hidden>
<object>
<class>
<name>XWiki.TagClass</name>
<customClass></customClass>
<customMapping></customMapping>
<defaultViewSheet></defaultViewSheet>
<defaultEditSheet></defaultEditSheet>
<defaultWeb></defaultWeb>
<nameField></nameField>
<validationScript></validationScript>
<tags>
<cache>0</cache>
<displayType>checkbox</displayType>
<multiSelect>1</multiSelect>
<name>tags</name>
<number>1</number>
<prettyName>Tags</prettyName>
<relationalStorage>1</relationalStorage>
<separator> </separator>
<separators> ,|</separators>
<size>30</size>
<unmodifiable>0</unmodifiable>
<values></values>
<classType>com.xpn.xwiki.objects.classes.StaticListClass</classType>
</tags>
</class>
<name>XWiki.AdminFieldsDisplaySheet</name>
<number>0</number>
<className>XWiki.TagClass</className>
<guid>497a843b-9694-4f7e-bec5-33c216659efc</guid>
<property>
<tags/>
</property>
</object>
<content>### Sheet used to generically display the XWikiPreferences object fields in the administration sheets.
#if ("$!section" != "")
{pre}
&lt;form id="$section.toLowerCase()" method="post" action="$xwiki.getURL($currentDoc, "save")" onsubmit="cancelCancelEdit()"&gt;
 #foreach($item in $legend)
   #set($fields = $params.get($item))
   &lt;fieldset class="$item"&gt;
      #if ($legend.size() &gt; 1)
      &lt;legend&gt;$msg.get("admin.${item}")&lt;/legend&gt;
      #end
      #foreach($field in $fields)
        #set($prop = $obj.xWikiClass.get($field))
        #set($title = $msg.get($field))
        #if($title == $field)
         #if($prop)
           #set($title = $!prop.prettyName)
         #end
        #end
        &lt;p&gt;&lt;label class="$field"&gt;$title
        #if($field == "skin")
         #set($skin = $xwiki.skin)
         #if($skin.indexOf(".") != -1)
           #set($skindoc = $xwiki.getDocument($skin))
         &amp;nbsp;&lt;span class="buttonwrapper"&gt;&lt;a href="$skindoc.getURL()"&gt;$msg.get("admin.customize")&lt;/a&gt;&lt;/span&gt;
         #end
        #end
        &lt;/label&gt;
        #if($prop)$doc.displayEdit($prop, "${prefsclassname}_${obj.number}_", $obj)#end 
        &lt;/p&gt;       
      #end
   &lt;/fieldset&gt;
  #end
  &lt;div class="hidden"&gt;
    &lt;input type="hidden" name="xcontinue" value="$xwiki.getURL("$currentDoc", "admin", "editor=${editor}&amp;amp;section=${section}&amp;amp;space=${currentSpace}")" /&gt;
    &lt;input type="hidden" name="xredirect" value="$xwiki.getURL($currentDoc, "admin", "editor=${editor}&amp;amp;section=${section}&amp;amp;space=${currentSpace}")" /&gt;
    &lt;input type="hidden" name="classname" value="XWiki.XWikiPreferences" /&gt;
  &lt;/div&gt;
  &lt;div class="bottombuttons"&gt;
     &lt;p class="admin-buttons"&gt;
        &lt;span class="buttonwrapper"&gt;&lt;input class="button" type="submit" name="formactionsac" value="$msg.get("admin.save")" onclick="document.forms.update.action='$xwiki.getURL($currentDoc, "saveandcontinue")'; if (document.forms.update.onsubmit) document.forms.update.onsubmit();if(checkDocumentContent()) document.forms.update.submit(); return false;" /&gt;&lt;/span&gt;
     &lt;/p&gt;
   &lt;/div&gt; ## bottombuttons
 &lt;/form&gt;
{/pre}
#end</content>
</xwikidoc>
