<?xml version="1.0" encoding="UTF-8"?>

<xwikidoc>
<web>XWiki</web>
<name>Admin</name>
<language></language>
<defaultLanguage>en</defaultLanguage>
<translation>0</translation>
<parent>XWiki.XWikiUsers</parent>
<creator>XWiki.Admin</creator>
<author>XWiki.Admin</author>
<customClass></customClass>
<contentAuthor>XWiki.Admin</contentAuthor>
<creationDate>1108467450000</creationDate>
<date>1264687912000</date>
<contentUpdateDate>1264687912000</contentUpdateDate>
<version>3.1</version>
<title></title>
<template></template>
<defaultTemplate></defaultTemplate>
<validationScript></validationScript>
<comment></comment>
<minorEdit>false</minorEdit>
<syntaxId>xwiki/1.0</syntaxId>
<hidden>false</hidden>
<object>
<class>
<name>XWiki.TagClass</name>
<customClass></customClass>
<customMapping></customMapping>
<defaultViewSheet></defaultViewSheet>
<defaultEditSheet></defaultEditSheet>
<defaultWeb></defaultWeb>
<nameField></nameField>
<validationScript></validationScript>
<tags>
<cache>0</cache>
<displayType>checkbox</displayType>
<multiSelect>1</multiSelect>
<name>tags</name>
<number>1</number>
<prettyName>Tags</prettyName>
<relationalStorage>1</relationalStorage>
<separator> </separator>
<separators> ,|</separators>
<size>30</size>
<unmodifiable>0</unmodifiable>
<values></values>
<classType>com.xpn.xwiki.objects.classes.StaticListClass</classType>
</tags>
</class>
<name>XWiki.Admin</name>
<number>0</number>
<className>XWiki.TagClass</className>
<guid>ffd0c4fd-11cc-4194-bea0-2ae06ca4c35d</guid>
</object>
<object>
<class>
<name>XWiki.WatchListClass</name>
<customClass></customClass>
<customMapping></customMapping>
<defaultViewSheet></defaultViewSheet>
<defaultEditSheet></defaultEditSheet>
<defaultWeb></defaultWeb>
<nameField></nameField>
<validationScript></validationScript>
<documents>
<name>documents</name>
<number>4</number>
<prettyName>Document list</prettyName>
<rows>5</rows>
<size>80</size>
<unmodifiable>0</unmodifiable>
<classType>com.xpn.xwiki.objects.classes.TextAreaClass</classType>
</documents>
<interval>
<cache>0</cache>
<displayType>select</displayType>
<multiSelect>0</multiSelect>
<name>interval</name>
<number>1</number>
<prettyName>Email notifications interval</prettyName>
<relationalStorage>0</relationalStorage>
<separator> </separator>
<separators> ,|</separators>
<size>1</size>
<unmodifiable>0</unmodifiable>
<values>Scheduler.WatchListWeeklyNotifier|Scheduler.WatchListHourlyNotifier|Scheduler.WatchListDailyNotifier</values>
<classType>com.xpn.xwiki.objects.classes.StaticListClass</classType>
</interval>
<spaces>
<name>spaces</name>
<number>3</number>
<prettyName>Space list</prettyName>
<rows>5</rows>
<size>80</size>
<unmodifiable>0</unmodifiable>
<classType>com.xpn.xwiki.objects.classes.TextAreaClass</classType>
</spaces>
<users>
<name>users</name>
<number>5</number>
<prettyName>User list</prettyName>
<rows>5</rows>
<size>80</size>
<unmodifiable>0</unmodifiable>
<classType>com.xpn.xwiki.objects.classes.TextAreaClass</classType>
</users>
<wikis>
<name>wikis</name>
<number>2</number>
<prettyName>Wiki list</prettyName>
<rows>5</rows>
<size>80</size>
<unmodifiable>0</unmodifiable>
<classType>com.xpn.xwiki.objects.classes.TextAreaClass</classType>
</wikis>
</class>
<name>XWiki.Admin</name>
<number>0</number>
<className>XWiki.WatchListClass</className>
<guid>4d1ad867-f557-4f90-aabd-edcad65f7d23</guid>
<property>
<interval>Scheduler.WatchListWeeklyNotifier</interval>
</property>
</object>
<object>
<class>
<name>XWiki.XWikiRights</name>
<customClass></customClass>
<customMapping></customMapping>
<defaultViewSheet></defaultViewSheet>
<defaultEditSheet></defaultEditSheet>
<defaultWeb></defaultWeb>
<nameField></nameField>
<validationScript></validationScript>
<allow>
<defaultValue>1</defaultValue>
<displayFormType>select</displayFormType>
<displayType>allow</displayType>
<name>allow</name>
<number>4</number>
<prettyName>Allow/Deny</prettyName>
<unmodifiable>0</unmodifiable>
<classType>com.xpn.xwiki.objects.classes.BooleanClass</classType>
</allow>
<groups>
<cache>0</cache>
<displayType>select</displayType>
<multiSelect>1</multiSelect>
<name>groups</name>
<number>1</number>
<prettyName>Groups</prettyName>
<relationalStorage>0</relationalStorage>
<separator> </separator>
<size>5</size>
<unmodifiable>0</unmodifiable>
<usesList>1</usesList>
<classType>com.xpn.xwiki.objects.classes.GroupsClass</classType>
</groups>
<levels>
<cache>0</cache>
<displayType>select</displayType>
<multiSelect>1</multiSelect>
<name>levels</name>
<number>2</number>
<prettyName>Levels</prettyName>
<relationalStorage>0</relationalStorage>
<separator> </separator>
<size>3</size>
<unmodifiable>0</unmodifiable>
<classType>com.xpn.xwiki.objects.classes.LevelsClass</classType>
</levels>
<users>
<cache>0</cache>
<displayType>select</displayType>
<multiSelect>1</multiSelect>
<name>users</name>
<number>3</number>
<prettyName>Users</prettyName>
<relationalStorage>0</relationalStorage>
<separator> </separator>
<size>5</size>
<unmodifiable>0</unmodifiable>
<usesList>1</usesList>
<classType>com.xpn.xwiki.objects.classes.UsersClass</classType>
</users>
</class>
<name>XWiki.Admin</name>
<number>0</number>
<className>XWiki.XWikiRights</className>
<guid>3891aa6c-2892-49c5-98ea-f469c1c0ba63</guid>
<property>
<allow>1</allow>
</property>
<property>
<groups>XWiki.XWikiAdminGroup</groups>
</property>
<property>
<levels>edit</levels>
</property>
<property>
<users></users>
</property>
</object>
<object>
<class>
<name>XWiki.XWikiRights</name>
<customClass></customClass>
<customMapping></customMapping>
<defaultViewSheet></defaultViewSheet>
<defaultEditSheet></defaultEditSheet>
<defaultWeb></defaultWeb>
<nameField></nameField>
<validationScript></validationScript>
<allow>
<defaultValue>1</defaultValue>
<displayFormType>select</displayFormType>
<displayType>allow</displayType>
<name>allow</name>
<number>4</number>
<prettyName>Allow/Deny</prettyName>
<unmodifiable>0</unmodifiable>
<classType>com.xpn.xwiki.objects.classes.BooleanClass</classType>
</allow>
<groups>
<cache>0</cache>
<displayType>select</displayType>
<multiSelect>1</multiSelect>
<name>groups</name>
<number>1</number>
<prettyName>Groups</prettyName>
<relationalStorage>0</relationalStorage>
<separator> </separator>
<size>5</size>
<unmodifiable>0</unmodifiable>
<usesList>1</usesList>
<classType>com.xpn.xwiki.objects.classes.GroupsClass</classType>
</groups>
<levels>
<cache>0</cache>
<displayType>select</displayType>
<multiSelect>1</multiSelect>
<name>levels</name>
<number>2</number>
<prettyName>Levels</prettyName>
<relationalStorage>0</relationalStorage>
<separator> </separator>
<size>3</size>
<unmodifiable>0</unmodifiable>
<classType>com.xpn.xwiki.objects.classes.LevelsClass</classType>
</levels>
<users>
<cache>0</cache>
<displayType>select</displayType>
<multiSelect>1</multiSelect>
<name>users</name>
<number>3</number>
<prettyName>Users</prettyName>
<relationalStorage>0</relationalStorage>
<separator> </separator>
<size>5</size>
<unmodifiable>0</unmodifiable>
<usesList>1</usesList>
<classType>com.xpn.xwiki.objects.classes.UsersClass</classType>
</users>
</class>
<name>XWiki.Admin</name>
<number>1</number>
<className>XWiki.XWikiRights</className>
<guid>ba8591b7-23b2-4642-8426-a05fee137c78</guid>
<property>
<allow>1</allow>
</property>
<property>
<groups></groups>
</property>
<property>
<levels>edit</levels>
</property>
<property>
<users>XWiki.Admin</users>
</property>
</object>
<object>
<class>
<name>XWiki.XWikiUsers</name>
<customClass></customClass>
<customMapping></customMapping>
<defaultViewSheet></defaultViewSheet>
<defaultEditSheet></defaultEditSheet>
<defaultWeb></defaultWeb>
<nameField></nameField>
<validationScript></validationScript>
<active>
<defaultValue></defaultValue>
<displayFormType>select</displayFormType>
<displayType>active</displayType>
<name>active</name>
<number>6</number>
<prettyName>Active</prettyName>
<unmodifiable>0</unmodifiable>
<validationMessage></validationMessage>
<validationRegExp></validationRegExp>
<classType>com.xpn.xwiki.objects.classes.BooleanClass</classType>
</active>
<avatar>
<name>avatar</name>
<number>18</number>
<picker>0</picker>
<prettyName>Avatar</prettyName>
<size>30</size>
<unmodifiable>0</unmodifiable>
<validationMessage></validationMessage>
<validationRegExp></validationRegExp>
<classType>com.xpn.xwiki.objects.classes.StringClass</classType>
</avatar>
<blog>
<name>blog</name>
<number>9</number>
<picker>0</picker>
<prettyName>Blog</prettyName>
<size>60</size>
<unmodifiable>0</unmodifiable>
<validationMessage></validationMessage>
<validationRegExp></validationRegExp>
<classType>com.xpn.xwiki.objects.classes.StringClass</classType>
</blog>
<blogfeed>
<name>blogfeed</name>
<number>10</number>
<picker>0</picker>
<prettyName>Blog Feed</prettyName>
<size>60</size>
<unmodifiable>0</unmodifiable>
<validationMessage></validationMessage>
<validationRegExp></validationRegExp>
<classType>com.xpn.xwiki.objects.classes.StringClass</classType>
</blogfeed>
<comment>
<editor>---</editor>
<name>comment</name>
<number>11</number>
<picker>0</picker>
<prettyName>Comment</prettyName>
<rows>5</rows>
<size>40</size>
<unmodifiable>0</unmodifiable>
<validationMessage></validationMessage>
<validationRegExp></validationRegExp>
<classType>com.xpn.xwiki.objects.classes.TextAreaClass</classType>
</comment>
<company>
<name>company</name>
<number>8</number>
<picker>0</picker>
<prettyName>Company</prettyName>
<size>30</size>
<unmodifiable>0</unmodifiable>
<validationMessage></validationMessage>
<validationRegExp></validationRegExp>
<classType>com.xpn.xwiki.objects.classes.StringClass</classType>
</company>
<default_language>
<name>default_language</name>
<number>7</number>
<picker>0</picker>
<prettyName>Default Language</prettyName>
<size>30</size>
<unmodifiable>0</unmodifiable>
<validationMessage></validationMessage>
<validationRegExp></validationRegExp>
<classType>com.xpn.xwiki.objects.classes.StringClass</classType>
</default_language>
<editor>
<cache>0</cache>
<displayType>select</displayType>
<multiSelect>0</multiSelect>
<name>editor</name>
<number>14</number>
<picker>0</picker>
<prettyName>Default Editor</prettyName>
<relationalStorage>0</relationalStorage>
<separator> </separator>
<separators> ,|</separators>
<size>1</size>
<sort>none</sort>
<unmodifiable>0</unmodifiable>
<validationMessage></validationMessage>
<validationRegExp></validationRegExp>
<values>---|Text|Wysiwyg</values>
<classType>com.xpn.xwiki.objects.classes.StaticListClass</classType>
</editor>
<email>
<name>email</name>
<number>3</number>
<picker>0</picker>
<prettyName>e-Mail</prettyName>
<size>30</size>
<unmodifiable>0</unmodifiable>
<validationMessage></validationMessage>
<validationRegExp></validationRegExp>
<classType>com.xpn.xwiki.objects.classes.StringClass</classType>
</email>
<first_name>
<name>first_name</name>
<number>1</number>
<picker>0</picker>
<prettyName>First Name</prettyName>
<size>30</size>
<unmodifiable>0</unmodifiable>
<validationMessage></validationMessage>
<validationRegExp></validationRegExp>
<classType>com.xpn.xwiki.objects.classes.StringClass</classType>
</first_name>
<imaccount>
<name>imaccount</name>
<number>13</number>
<picker>0</picker>
<prettyName>imaccount</prettyName>
<size>30</size>
<unmodifiable>0</unmodifiable>
<validationMessage></validationMessage>
<validationRegExp></validationRegExp>
<classType>com.xpn.xwiki.objects.classes.StringClass</classType>
</imaccount>
<imtype>
<cache>0</cache>
<displayType>select</displayType>
<multiSelect>0</multiSelect>
<name>imtype</name>
<number>12</number>
<picker>0</picker>
<prettyName>IM Type</prettyName>
<relationalStorage>0</relationalStorage>
<separator> </separator>
<separators> ,|</separators>
<size>1</size>
<sort>none</sort>
<unmodifiable>0</unmodifiable>
<validationMessage></validationMessage>
<validationRegExp></validationRegExp>
<values>---|AIM|Yahoo|Jabber|MSN|Skype|ICQ</values>
<classType>com.xpn.xwiki.objects.classes.StaticListClass</classType>
</imtype>
<last_name>
<name>last_name</name>
<number>2</number>
<picker>0</picker>
<prettyName>Last Name</prettyName>
<size>30</size>
<unmodifiable>0</unmodifiable>
<validationMessage></validationMessage>
<validationRegExp></validationRegExp>
<classType>com.xpn.xwiki.objects.classes.StringClass</classType>
</last_name>
<pageWidth>
<cache>0</cache>
<displayType>select</displayType>
<multiSelect>0</multiSelect>
<name>pageWidth</name>
<number>17</number>
<picker>0</picker>
<prettyName>Preferred page width</prettyName>
<relationalStorage>0</relationalStorage>
<separator> </separator>
<separators> ,|</separators>
<size>1</size>
<sort>none</sort>
<unmodifiable>0</unmodifiable>
<validationMessage></validationMessage>
<validationRegExp></validationRegExp>
<values>default|640|800|1024|1280|1600</values>
<classType>com.xpn.xwiki.objects.classes.StaticListClass</classType>
</pageWidth>
<password>
<algorithm></algorithm>
<name>password</name>
<number>4</number>
<picker>0</picker>
<prettyName>Password</prettyName>
<size>10</size>
<storageType>Hash</storageType>
<unmodifiable>0</unmodifiable>
<validationMessage></validationMessage>
<validationRegExp></validationRegExp>
<classType>com.xpn.xwiki.objects.classes.PasswordClass</classType>
</password>
<skin>
<name>skin</name>
<number>16</number>
<picker>0</picker>
<prettyName>skin</prettyName>
<size>30</size>
<unmodifiable>0</unmodifiable>
<validationMessage></validationMessage>
<validationRegExp></validationRegExp>
<classType>com.xpn.xwiki.objects.classes.StringClass</classType>
</skin>
<usertype>
<cache>0</cache>
<displayType>select</displayType>
<multiSelect>0</multiSelect>
<name>usertype</name>
<number>15</number>
<picker>0</picker>
<prettyName>User type</prettyName>
<relationalStorage>0</relationalStorage>
<separator> </separator>
<separators> ,|</separators>
<size>1</size>
<sort>none</sort>
<unmodifiable>0</unmodifiable>
<validationMessage></validationMessage>
<validationRegExp></validationRegExp>
<values>Simple|Advanced</values>
<classType>com.xpn.xwiki.objects.classes.StaticListClass</classType>
</usertype>
<validkey>
<algorithm></algorithm>
<name>validkey</name>
<number>5</number>
<picker>0</picker>
<prettyName>Validation Key</prettyName>
<size>10</size>
<storageType>Clear</storageType>
<unmodifiable>0</unmodifiable>
<validationMessage></validationMessage>
<validationRegExp></validationRegExp>
<classType>com.xpn.xwiki.objects.classes.PasswordClass</classType>
</validkey>
</class>
<name>XWiki.Admin</name>
<number>0</number>
<className>XWiki.XWikiUsers</className>
<guid>7c693971-2ea4-4ecd-89be-520775db3ee8</guid>
<property>
<active>1</active>
</property>
<property>
<avatar></avatar>
</property>
<property>
<blog>http://www.xwiki.org/xwiki/bin/view/Blog/WebHome</blog>
</property>
<property>
<blogfeed>http://www.xwiki.org/xwiki/bin/view/Blog/BlogRss?xpage=plain</blogfeed>
</property>
<property>
<city></city>
</property>
<property>
<comment>Admin is the default Wiki Admin.</comment>
</property>
<property>
<company>XWiki.org</company>
</property>
<property>
<country></country>
</property>
<property>
<default_language></default_language>
</property>
<property>
<editor>---</editor>
</property>
<property>
<email>webmaster@xwiki.org</email>
</property>
<property>
<first_name>Administrator</first_name>
</property>
<property>
<fullname></fullname>
</property>
<property>
<imaccount></imaccount>
</property>
<property>
<imtype>---</imtype>
</property>
<property>
<last_name></last_name>
</property>
<property>
<pageWidth>default</pageWidth>
</property>
<property>
<password>hash:SHA-512:32e5c360d8f7f1bfaf7d84be63546233669174631d3bb230e6f539f922991432388612a4851f378ac6ef7d0c591276c3f1b60aa1aaf479a9025ccd9ac4db3381</password>
</property>
<property>
<skin></skin>
</property>
<property>
<usertype>Advanced</usertype>
</property>
<property>
<validkey></validkey>
</property>
</object>
<content>#includeForm('XWiki.XWikiUserSheet')</content>
</xwikidoc>
