<?xml version="1.0" encoding="UTF-8"?>

<xwikidoc>
<web>XWiki</web>
<name>AdminGroupsSheet</name>
<language></language>
<defaultLanguage></defaultLanguage>
<translation>0</translation>
<parent>XWiki.AdminSheet</parent>
<creator>XWiki.Admin</creator>
<author>XWiki.Admin</author>
<customClass></customClass>
<contentAuthor>XWiki.Admin</contentAuthor>
<creationDate>1211800831000</creationDate>
<date>1240956272000</date>
<contentUpdateDate>1240956272000</contentUpdateDate>
<version>1.1</version>
<title>AdminGroupsSheet</title>
<template></template>
<defaultTemplate></defaultTemplate>
<validationScript></validationScript>
<comment></comment>
<minorEdit>false</minorEdit>
<syntaxId>xwiki/1.0</syntaxId>
<hidden>false</hidden>
<content>### Globally administrate the groups in a wiki.
#set($formname = "update")
#set($saveaction = "save")
##
## set the new interface from xwiki.cfg
##
#set($interface = $xwiki.rightsmanager.defaultUi)
##############################
## display the new interface
##############################
#if($interface == "new")
## 
## Inject needed JS and CSS files
##
#set($ok = $xwiki.jsfx.use("js/xwiki/lightbox/lightbox.js", true))
#set($ok = $xwiki.jsfx.use("js/xwiki/usersandgroups/usersandgroups.js", true))  
#set($ok = $xwiki.ssfx.use("js/xwiki/usersandgroups/usersandgroups.css", true))
#set($ok = $xwiki.jsfx.use("js/xwiki/table/livetable.js", true))
#set($ok = $xwiki.ssfx.use("js/xwiki/table/livetable.css", true))
##
## url to get the groups for displaying them in the ajax-based table
##
#set($url = "?xpage=getgroups")
#if($context.database != "xwiki") 
  #set($mainwk = false) 
#else 
  #set($mainwk = true) 
#end
&lt;div id="xwikieditcontent"&gt;
  &lt;table id="groupstable" class="xwiki-livetable"&gt;
    &lt;tr&gt;
      &lt;td class="xwiki-livetable-pagination" colspan="2"&gt;
        &lt;span id="groupstable-limits" class="xwiki-livetable-limits"&gt;&lt;/span&gt;
        &lt;span id="groupstable-ajax-loader" class="xwiki-livetable-loader"&gt;&lt;img src="$xwiki.getSkinFile('icons/ajax-loader.gif')" alt="$msg.get('xe.livetable.loading')" title="" /&gt;$msg.get("xe.livetable.loading")&lt;/span&gt;
        &lt;span class="pagination"&gt;
          &lt;span id="groupstable-pagination-text" class="xwiki-livetable-pagination-text"&gt;$msg.get("xe.pagination.page")&lt;/span&gt;
          &lt;span id="groupstable-pagination" class="xwiki-livetable-pagination-content" &gt;&lt;/span&gt;
        &lt;/span&gt;
      &lt;/td&gt;
    &lt;/tr&gt;
    &lt;tr&gt;
      &lt;td class="xwiki-livetable-display-container"&gt;
        &lt;table class="xwiki-livetable-display"&gt;
          &lt;thead class="xwiki-livetable-display-header"&gt;
             &lt;tr&gt;
               &lt;th class="xwiki-livetable-display-header-text"&gt;$msg.get("xe.admin.groups.groupname")&lt;/th&gt;
               &lt;th class="xwiki-livetable-display-header-text"&gt;$msg.get("xe.admin.groups.members")&lt;/th&gt;
               &lt;th class="xwiki-livetable-display-header-text"&gt;$msg.get("xe.admin.groups.manage")&lt;/th&gt;
             &lt;/tr&gt;
             &lt;tr id="groupstable-filters" class="xwiki-livetable-display-filters"&gt;
               &lt;td class="xwiki-livetable-display-header-filter"&gt;&lt;input name="name" type="text" class="filter"/&gt;&lt;/td&gt;
               &lt;td class="xwiki-livetable-display-header-filter"&gt;&lt;/td&gt;
               &lt;td class="xwiki-livetable-display-header-filter"&gt;
               #if(!$mainwk) 
                 &lt;select name="wiki" class="filter"&gt;
                   &lt;option value="local" selected="selected"&gt;$msg.get("xe.admin.groups.local")&lt;/option&gt;
                   &lt;option value="global"&gt;$msg.get("xe.admin.groups.global")&lt;/option&gt;
                   &lt;option value="both"&gt;$msg.get("xe.admin.groups.both")&lt;/option&gt;
                 &lt;/select&gt;
               #else 
                 &lt;input type="hidden" value="local" name="wiki" /&gt; 
               #end
               &lt;/td&gt;
             &lt;/tr&gt;
          &lt;/thead&gt;
          &lt;tbody id="groupstable-display" class="xwiki-livetable-display-body"&gt;&lt;tr&gt;&lt;td&gt;&amp;nbsp;&lt;/td&gt;&lt;/tr&gt;&lt;/tbody&gt;
        &lt;/table&gt;
      &lt;/td&gt;
   &lt;/tr&gt;
   &lt;tr&gt;
     &lt;td id="tdAddNewUserOrGroup"&gt;
       &lt;span class="buttonwrapper"&gt;&lt;a href="#" id="addNewGroup"&gt;$msg.get("rightsmanager.addnewgroup")&lt;/a&gt;&lt;/span&gt;
     &lt;/td&gt;
   &lt;/tr&gt;
  &lt;/table&gt;
  #set($addnewurl = $xwiki.getURL("XWiki.XWikiGroups", "view", "xpage=addnewgroup"))
  #set($saveurl = $xwiki.getURL("XWiki.XWikiGroups", "view"))
  #set($redirecturl = $xwiki.getDocument("XWiki.XWikiPreferences").getURL("admin", "editor=${editor}&amp;section=Groups")) 
  {pre}      
  &lt;script type="text/javascript"&gt;
  //&lt;![CDATA[
          var ta = new XWiki.widgets.LiveTable("$url", "groupstable", displayGroups); 
          Event.observe($('addNewGroup'), "click", makeAddHandler("$addnewurl", "$saveurl", "$redirecturl"));
  //]]&gt;
  &lt;/script&gt;
  {/pre}
&lt;/div&gt; ## xwikieditcontent
##############################
## display the old interface
##############################
#else 
 &lt;div id="xwikieditcontent"&gt;
  &lt;p&gt;$xwiki.parseMessage("editgroupsredirect")&lt;/p&gt;
 &lt;/div&gt;
#end</content>
</xwikidoc>
