<?xml version="1.0" encoding="UTF-8"?>

<xwikidoc>
<web>XWiki</web>
<name>AdminRegistrationSheet</name>
<language></language>
<defaultLanguage></defaultLanguage>
<translation>0</translation>
<parent>XWiki.AdminSheet</parent>
<creator>XWiki.Admin</creator>
<author>XWiki.Admin</author>
<customClass></customClass>
<contentAuthor>XWiki.Admin</contentAuthor>
<creationDate>1211801310000</creationDate>
<date>1212568742000</date>
<contentUpdateDate>1213892723000</contentUpdateDate>
<version>1.1</version>
<title>AdminRegistrationSheet</title>
<template></template>
<defaultTemplate></defaultTemplate>
<validationScript></validationScript>
<comment></comment>
<minorEdit>false</minorEdit>
<syntaxId>xwiki/1.0</syntaxId>
<hidden>false</hidden>
<object>
<class>
<name>XWiki.TagClass</name>
<customClass></customClass>
<customMapping></customMapping>
<defaultViewSheet></defaultViewSheet>
<defaultEditSheet></defaultEditSheet>
<defaultWeb></defaultWeb>
<nameField></nameField>
<validationScript></validationScript>
<tags>
<cache>0</cache>
<displayType>checkbox</displayType>
<multiSelect>1</multiSelect>
<name>tags</name>
<number>1</number>
<prettyName>Tags</prettyName>
<relationalStorage>1</relationalStorage>
<separator> </separator>
<separators> ,|</separators>
<size>30</size>
<unmodifiable>0</unmodifiable>
<values></values>
<classType>com.xpn.xwiki.objects.classes.StaticListClass</classType>
</tags>
</class>
<name>XWiki.AdminRegistrationSheet</name>
<number>0</number>
<className>XWiki.TagClass</className>
<guid>e8554f95-025e-4b70-8995-63f4725aa1e3</guid>
<property>
<tags/>
</property>
</object>
<content>### Globally administrate the registration of new users in a wiki.
#set($legend = ['registration'])
#set($params = $util.hashMap)
#set($params.registration = ['use_email_verification', 'auth_active_check', 'validation_email_content', 'confirmation_email_content', 'invitation_email_content'])
#includeForm('XWiki.AdminFieldsDisplaySheet')
</content></xwikidoc>