<?xml version="1.0" encoding="UTF-8"?>

<xwikidoc>
<web>XWiki</web>
<name>AdminPresentationSheet</name>
<language></language>
<defaultLanguage></defaultLanguage>
<translation>0</translation>
<parent>XWiki.AdminSheet</parent>
<creator>XWiki.Admin</creator>
<author>XWiki.Admin</author>
<customClass></customClass>
<contentAuthor>XWiki.Admin</contentAuthor>
<creationDate>1211800290000</creationDate>
<date>1214047286000</date>
<contentUpdateDate>1214047286000</contentUpdateDate>
<version>1.1</version>
<title>AdminPresentationSheet</title>
<template></template>
<defaultTemplate></defaultTemplate>
<validationScript></validationScript>
<comment></comment>
<minorEdit>false</minorEdit>
<syntaxId>xwiki/1.0</syntaxId>
<hidden>false</hidden>
<object>
<class>
<name>XWiki.TagClass</name>
<customClass></customClass>
<customMapping></customMapping>
<defaultViewSheet></defaultViewSheet>
<defaultEditSheet></defaultEditSheet>
<defaultWeb></defaultWeb>
<nameField></nameField>
<validationScript></validationScript>
<tags>
<cache>0</cache>
<displayType>checkbox</displayType>
<multiSelect>1</multiSelect>
<name>tags</name>
<number>1</number>
<prettyName>Tags</prettyName>
<relationalStorage>1</relationalStorage>
<separator> </separator>
<separators> ,|</separators>
<size>30</size>
<unmodifiable>0</unmodifiable>
<values></values>
<classType>com.xpn.xwiki.objects.classes.StaticListClass</classType>
</tags>
</class>
<name>XWiki.AdminPresentationSheet</name>
<number>0</number>
<className>XWiki.TagClass</className>
<guid>64f700dc-c101-4f24-a856-1b40105a2504</guid>
<property>
<tags/>
</property>
</object>
<content>### Administrate the presentation preferences globally and at space level.
#if("$!editor" == 'globaladmin')
  #set($legend = ['header', 'panels', 'footer', 'skin'])
#else
  #set($legend = ['header', 'panels', 'skin'])
#end
#set($params = $util.hashMap)
#set($params.header = ['title', 'meta'])
#set($params.panels = ['showLeftPanels', 'leftPanels', 'showRightPanels', 'rightPanels'])
#if("$!editor" == 'globaladmin')
  #set($params.footer = ['webcopyright', 'version'])
#end
#set($params.skin = ['skin', 'colorTheme', 'stylesheet', 'stylesheets'])
#includeForm('XWiki.AdminFieldsDisplaySheet')</content>
</xwikidoc>
