<?xml version="1.0" encoding="UTF-8"?>

<xwikidoc>
<web>XWiki</web>
<name>AdminImportSheet</name>
<language></language>
<defaultLanguage></defaultLanguage>
<translation>0</translation>
<parent>XWiki.AdminSheet</parent>
<creator>XWiki.Admin</creator>
<author>XWiki.Admin</author>
<customClass></customClass>
<contentAuthor>XWiki.Admin</contentAuthor>
<creationDate>1211801093000</creationDate>
<date>1212569671000</date>
<contentUpdateDate>1213892723000</contentUpdateDate>
<version>1.1</version>
<title>AdminImportSheet</title>
<template></template>
<defaultTemplate></defaultTemplate>
<validationScript></validationScript>
<comment></comment>
<minorEdit>false</minorEdit>
<syntaxId>xwiki/1.0</syntaxId>
<hidden>false</hidden>
<content>## Administrate the wiki import.
{pre}
#template('importinline.vm')
{/pre}</content>
</xwikidoc>
