<?xml version="1.0" encoding="UTF-8"?>

<xwikidoc>
<web>XWiki</web>
<name>ClassTemplate</name>
<language></language>
<defaultLanguage>en</defaultLanguage>
<translation>0</translation>
<parent>XWiki.XWikiClasses</parent>
<creator>XWiki.Admin</creator>
<author>XWiki.Admin</author>
<customClass></customClass>
<contentAuthor>XWiki.Admin</contentAuthor>
<creationDate>1252454400000</creationDate>
<date>1252454400000</date>
<contentUpdateDate>1252454400000</contentUpdateDate>
<version>1.1</version>
<title>Class Template</title>
<template></template>
<defaultTemplate></defaultTemplate>
<validationScript></validationScript>
<comment></comment>
<minorEdit>false</minorEdit>
<syntaxId>xwiki/2.0</syntaxId>
<hidden>false</hidden>
<content>{{velocity}}
## Replace Main with the Space where you want your documents to be created.
## Replace the default parent with the one of your choice and save the document.
##
#set($className = $doc.name.substring(0, $doc.name.indexOf("Class")))
#set($defaultParent = "${doc.space}.${className}Class")
#set($defaultSpace = 'Main')
{{/velocity}}

{{include document="XWiki.ClassSheet"/}}</content>
</xwikidoc>
