<?xml version="1.0" encoding="UTF-8"?>

<xwikidoc>
<web>XWiki</web>
<name>CreatePage</name>
<language></language>
<defaultLanguage>en</defaultLanguage>
<translation>0</translation>
<parent>Main.WebHome</parent>
<creator>XWiki.Admin</creator>
<author>XWiki.Admin</author>
<customClass></customClass>
<contentAuthor>XWiki.Admin</contentAuthor>
<creationDate>1252454400000</creationDate>
<date>1252454400000</date>
<contentUpdateDate>1252454400000</contentUpdateDate>
<version>1.1</version>
<title>#if ($request.getParameter("tocreate") &amp;&amp; $request.getParameter("tocreate") != "page") $msg.get("xe.create.space") #else $msg.get("xe.create.page") #end</title>
<template></template>
<defaultTemplate></defaultTemplate>
<validationScript></validationScript>
<comment></comment>
<minorEdit>false</minorEdit>
<syntaxId>xwiki/2.0</syntaxId>
<hidden>false</hidden>
<content>{{velocity}}
#set($parentdoc = $request.getParameter("parent"))
#if((!$request.getParameter("parent")) || ($request.getParameter("parent") == ""))
#set($pweb = "Main")
#else
#set($pweb = $request.getParameter("parent").substring(0, $request.getParameter("parent").indexOf('.')))
#end
#set($tocreate = $request.getParameter("tocreate"))
#if(!$tocreate || ($tocreate == "") || ($tocreate !="space"))
#set($tocreate = "page")
#end 
{{html}}
&lt;form method="post" action="$doc.getURL("view", "xpage=create")" onsubmit="cancelCancelEdit()"&gt;
&lt;div class="plainmessage"&gt;
&lt;input type="hidden" name="tocreate" value="$tocreate"/&gt;
#if($tocreate=="page")
&lt;dl&gt;
  &lt;dt&gt;$msg.get("spaceandname"):&lt;/dt&gt;
  &lt;dd&gt;&lt;input type="text" name="title" value="${pweb}.Title" onfocus="if(this.value=='${pweb}.Title') this.value='${pweb}.'" onblur="if(this.value=='${pweb}.' || this.value=='') this.value='${pweb}.Title'"/&gt;&lt;/dd&gt;
  &lt;dt&gt;$msg.get("parent"):&lt;/dt&gt;
  &lt;dd&gt;&lt;input type="text" name="parent" value="$!parentdoc"/&gt;&lt;/dd&gt;
&lt;/dl&gt;
#else
$msg.get("xe.create.space.name"): &lt;input type="text" name="title"/&gt;
#end
&lt;input type="submit" class="button" value="$msg.get("create")"/&gt;
&lt;/div&gt;
&lt;/form&gt;
{{/html}}
{{/velocity}}</content>
</xwikidoc>
