<?xml version="1.0" encoding="UTF-8"?>

<xwikidoc>
<web>XWiki</web>
<name>ForgotUsername</name>
<language></language>
<defaultLanguage>en</defaultLanguage>
<translation>0</translation>
<parent>XWiki.WebHome</parent>
<creator>XWiki.Admin</creator>
<author>XWiki.Admin</author>
<customClass></customClass>
<contentAuthor>XWiki.Admin</contentAuthor>
<creationDate>1219710939000</creationDate>
<date>1219710939000</date>
<contentUpdateDate>1219710939000</contentUpdateDate>
<version>1.1</version>
<title>Forgot username</title>
<template></template>
<defaultTemplate></defaultTemplate>
<validationScript></validationScript>
<comment></comment>
<minorEdit>false</minorEdit>
<syntaxId>xwiki/1.0</syntaxId>
<hidden>false</hidden>
<object>
<class>
<name>XWiki.XWikiRights</name>
<customClass></customClass>
<customMapping></customMapping>
<defaultViewSheet></defaultViewSheet>
<defaultEditSheet></defaultEditSheet>
<defaultWeb></defaultWeb>
<nameField></nameField>
<validationScript></validationScript>
<allow>
<defaultValue>1</defaultValue>
<displayFormType>select</displayFormType>
<displayType>allow</displayType>
<name>allow</name>
<number>4</number>
<prettyName>Allow/Deny</prettyName>
<unmodifiable>0</unmodifiable>
<classType>com.xpn.xwiki.objects.classes.BooleanClass</classType>
</allow>
<groups>
<cache>0</cache>
<displayType>select</displayType>
<multiSelect>1</multiSelect>
<name>groups</name>
<number>1</number>
<prettyName>Groups</prettyName>
<relationalStorage>0</relationalStorage>
<separator> </separator>
<size>5</size>
<unmodifiable>0</unmodifiable>
<usesList>1</usesList>
<classType>com.xpn.xwiki.objects.classes.GroupsClass</classType>
</groups>
<levels>
<cache>0</cache>
<displayType>select</displayType>
<multiSelect>1</multiSelect>
<name>levels</name>
<number>2</number>
<prettyName>Levels</prettyName>
<relationalStorage>0</relationalStorage>
<separator> </separator>
<size>3</size>
<unmodifiable>0</unmodifiable>
<classType>com.xpn.xwiki.objects.classes.LevelsClass</classType>
</levels>
<users>
<cache>0</cache>
<displayType>select</displayType>
<multiSelect>1</multiSelect>
<name>users</name>
<number>3</number>
<prettyName>Users</prettyName>
<relationalStorage>0</relationalStorage>
<separator> </separator>
<size>5</size>
<unmodifiable>0</unmodifiable>
<usesList>1</usesList>
<classType>com.xpn.xwiki.objects.classes.UsersClass</classType>
</users>
</class>
<name>XWiki.ForgotUsername</name>
<number>1</number>
<className>XWiki.XWikiRights</className>
<guid>a24c8607-0641-4f5e-b24c-67215fbbb159</guid>
<property>
<allow>0</allow>
</property>
<property>
<levels>edit</levels>
</property>
<property>
<users>XWiki.XWikiGuest</users>
</property>
</object>
<object>
<class>
<name>XWiki.XWikiRights</name>
<customClass></customClass>
<customMapping></customMapping>
<defaultViewSheet></defaultViewSheet>
<defaultEditSheet></defaultEditSheet>
<defaultWeb></defaultWeb>
<nameField></nameField>
<validationScript></validationScript>
<allow>
<defaultValue>1</defaultValue>
<displayFormType>select</displayFormType>
<displayType>allow</displayType>
<name>allow</name>
<number>4</number>
<prettyName>Allow/Deny</prettyName>
<unmodifiable>0</unmodifiable>
<classType>com.xpn.xwiki.objects.classes.BooleanClass</classType>
</allow>
<groups>
<cache>0</cache>
<displayType>select</displayType>
<multiSelect>1</multiSelect>
<name>groups</name>
<number>1</number>
<prettyName>Groups</prettyName>
<relationalStorage>0</relationalStorage>
<separator> </separator>
<size>5</size>
<unmodifiable>0</unmodifiable>
<usesList>1</usesList>
<classType>com.xpn.xwiki.objects.classes.GroupsClass</classType>
</groups>
<levels>
<cache>0</cache>
<displayType>select</displayType>
<multiSelect>1</multiSelect>
<name>levels</name>
<number>2</number>
<prettyName>Levels</prettyName>
<relationalStorage>0</relationalStorage>
<separator> </separator>
<size>3</size>
<unmodifiable>0</unmodifiable>
<classType>com.xpn.xwiki.objects.classes.LevelsClass</classType>
</levels>
<users>
<cache>0</cache>
<displayType>select</displayType>
<multiSelect>1</multiSelect>
<name>users</name>
<number>3</number>
<prettyName>Users</prettyName>
<relationalStorage>0</relationalStorage>
<separator> </separator>
<size>5</size>
<unmodifiable>0</unmodifiable>
<usesList>1</usesList>
<classType>com.xpn.xwiki.objects.classes.UsersClass</classType>
</users>
</class>
<name>XWiki.ForgotUsername</name>
<number>3</number>
<className>XWiki.XWikiRights</className>
<guid>6cf9b584-c46d-4157-aa28-870640ed0356</guid>
<property>
<allow>0</allow>
</property>
<property>
<groups>xwiki:XWiki.XWikiAllGroup</groups>
</property>
<property>
<levels>edit</levels>
</property>
</object>
<object>
<class>
<name>XWiki.XWikiRights</name>
<customClass></customClass>
<customMapping></customMapping>
<defaultViewSheet></defaultViewSheet>
<defaultEditSheet></defaultEditSheet>
<defaultWeb></defaultWeb>
<nameField></nameField>
<validationScript></validationScript>
<allow>
<defaultValue>1</defaultValue>
<displayFormType>select</displayFormType>
<displayType>allow</displayType>
<name>allow</name>
<number>4</number>
<prettyName>Allow/Deny</prettyName>
<unmodifiable>0</unmodifiable>
<classType>com.xpn.xwiki.objects.classes.BooleanClass</classType>
</allow>
<groups>
<cache>0</cache>
<displayType>select</displayType>
<multiSelect>1</multiSelect>
<name>groups</name>
<number>1</number>
<prettyName>Groups</prettyName>
<relationalStorage>0</relationalStorage>
<separator> </separator>
<size>5</size>
<unmodifiable>0</unmodifiable>
<usesList>1</usesList>
<classType>com.xpn.xwiki.objects.classes.GroupsClass</classType>
</groups>
<levels>
<cache>0</cache>
<displayType>select</displayType>
<multiSelect>1</multiSelect>
<name>levels</name>
<number>2</number>
<prettyName>Levels</prettyName>
<relationalStorage>0</relationalStorage>
<separator> </separator>
<size>3</size>
<unmodifiable>0</unmodifiable>
<classType>com.xpn.xwiki.objects.classes.LevelsClass</classType>
</levels>
<users>
<cache>0</cache>
<displayType>select</displayType>
<multiSelect>1</multiSelect>
<name>users</name>
<number>3</number>
<prettyName>Users</prettyName>
<relationalStorage>0</relationalStorage>
<separator> </separator>
<size>5</size>
<unmodifiable>0</unmodifiable>
<usesList>1</usesList>
<classType>com.xpn.xwiki.objects.classes.UsersClass</classType>
</users>
</class>
<name>XWiki.ForgotUsername</name>
<number>5</number>
<className>XWiki.XWikiRights</className>
<guid>1c2f427c-2165-4800-9af5-8ea3cf707bdf</guid>
<property>
<allow>0</allow>
</property>
<property>
<groups>XWiki.XWikiAllGroup</groups>
</property>
<property>
<levels>edit</levels>
</property>
</object>
<content>#set($email = "$!request.get('e')")
#if($email == '')
1 $msg.get("xe.admin.passwordreset.forgotusername")

$msg.get("xe.admin.passwordreset.enteremail")
  &lt;form method="post" action=""&gt;
  &lt;div&gt;$msg.get("xe.admin.passwordreset.email")&lt;input type="text" name="e"/&gt; &lt;input type="submit" value="$msg.get("xe.admin.passwordreset.retrieve")"/&gt;&lt;/div&gt;
  &lt;/form&gt;
#else
  #set($results = $xwiki.searchDocuments(", BaseObject obj, StringProperty prop where obj.name = doc.fullName and obj.className = 'XWiki.XWikiUsers' and prop.id.id = obj.id and prop.id.name = 'email' and prop.value = '$email'"))
  #if($results.size() == 0)
    $msg.get("xe.admin.passwordreset.noaccountregistered")

    [&amp;laquo; $msg.get("xe.admin.passwordreset.differentaddress")&gt;$doc.fullName] | &lt;a href="$xwiki.getURL("XWiki.XWikiLogin", "login", "")"&gt;$msg.get("xe.admin.passwordreset.login") &amp;raquo;&lt;/a&gt;
  #elseif($results.size() == 1)
    $msg.get("xe.admin.passwordreset.usernameis") *${xwiki.getDocument($results.get(0)).name}*

    &lt;a href="$xwiki.getURL("XWiki.XWikiLogin", "login", "")"&gt;$msg.get("xe.admin.passwordreset.login") &amp;raquo;&lt;/a&gt;
  #else
    $msg.get("xe.admin.passwordreset.multipleusernames")
    #foreach($item in $results)
      * *${xwiki.getDocument($item).name}*
    #end

    &lt;a href="$xwiki.getURL("XWiki.XWikiLogin", "login", "")"&gt;$msg.get("xe.admin.passwordreset.login") &amp;raquo;&lt;/a&gt;
  #end
#end
</content></xwikidoc>