<?xml version="1.0" encoding="UTF-8"?>

<xwikidoc>
<web>XWiki</web>
<name>LiveTableResults</name>
<language></language>
<defaultLanguage>en</defaultLanguage>
<translation>0</translation>
<parent>XWiki.WebHome</parent>
<creator>XWiki.Admin</creator>
<author>XWiki.Admin</author>
<customClass></customClass>
<contentAuthor>XWiki.Admin</contentAuthor>
<creationDate>1252454400000</creationDate>
<date>1253617301000</date>
<contentUpdateDate>1253617301000</contentUpdateDate>
<version>1.1</version>
<title>$msg.get("xe.livetable.results")</title>
<template></template>
<defaultTemplate></defaultTemplate>
<validationScript></validationScript>
<comment></comment>
<minorEdit>false</minorEdit>
<syntaxId>xwiki/2.0</syntaxId>
<hidden>false</hidden>
<content>{{include document="XWiki.LiveTableResultsMacros" /}}

{{velocity}}
#set($extra = "")
#if("$!request.space" != "") #set($extra = "${extra} and doc.space = '$request.space'") #end
#if("$!request.orphaned" == "1") #set($extra = "${extra} and doc.parent='' and doc.name&lt;&gt;'WebHome'") #end
#gridresultwithfilter("$!request.classname" $request.collist.split(",") "" "${extra}")
{{/velocity}}</content>
</xwikidoc>
