<?xml version="1.0" encoding="UTF-8"?>

<xwikidoc>
<web>XWiki</web>
<name>Mail</name>
<language></language>
<defaultLanguage></defaultLanguage>
<translation>0</translation>
<parent>XWiki.XWikiClasses</parent>
<creator>superadmin</creator>
<author>superadmin</author>
<customClass></customClass>
<contentAuthor>superadmin</contentAuthor>
<creationDate>1263816319000</creationDate>
<date>1263816319000</date>
<contentUpdateDate>1263816319000</contentUpdateDate>
<version>1.1</version>
<title>XWiki Mail Class</title>
<template></template>
<defaultTemplate></defaultTemplate>
<validationScript></validationScript>
<comment></comment>
<minorEdit>false</minorEdit>
<syntaxId>xwiki/2.0</syntaxId>
<hidden>false</hidden>
<class>
<name>XWiki.Mail</name>
<customClass></customClass>
<customMapping></customMapping>
<defaultViewSheet></defaultViewSheet>
<defaultEditSheet></defaultEditSheet>
<defaultWeb></defaultWeb>
<nameField></nameField>
<validationScript></validationScript>
<html>
<name>html</name>
<number>4</number>
<prettyName>HTML</prettyName>
<rows>15</rows>
<size>80</size>
<unmodifiable>0</unmodifiable>
<classType>com.xpn.xwiki.objects.classes.TextAreaClass</classType>
</html>
<language>
<name>language</name>
<number>2</number>
<prettyName>Language</prettyName>
<size>5</size>
<unmodifiable>0</unmodifiable>
<classType>com.xpn.xwiki.objects.classes.StringClass</classType>
</language>
<subject>
<name>subject</name>
<number>1</number>
<prettyName>Subject</prettyName>
<size>40</size>
<unmodifiable>0</unmodifiable>
<classType>com.xpn.xwiki.objects.classes.StringClass</classType>
</subject>
<text>
<name>text</name>
<number>3</number>
<prettyName>Text</prettyName>
<rows>15</rows>
<size>80</size>
<unmodifiable>0</unmodifiable>
<classType>com.xpn.xwiki.objects.classes.TextAreaClass</classType>
</text>
</class>
<content>{{include document="XWiki.ClassSheet" /}}</content>
</xwikidoc>
