<?xml version="1.0" encoding="UTF-8"?>

<xwikidoc>
<web>XWiki</web>
<name>MeeriaJifibra</name>
<language></language>
<defaultLanguage></defaultLanguage>
<translation>0</translation>
<parent>XWiki.XWikiUsers</parent>
<creator>XWiki.MeeriaJifibra</creator>
<author>XWiki.MeeriaJifibra</author>
<customClass></customClass>
<contentAuthor>XWiki.MeeriaJifibra</contentAuthor>
<creationDate>1343254105000</creationDate>
<date>1343254105000</date>
<contentUpdateDate>1343254105000</contentUpdateDate>
<version>1.1</version>
<title></title>
<template></template>
<defaultTemplate></defaultTemplate>
<validationScript></validationScript>
<comment>Created user</comment>
<minorEdit>false</minorEdit>
<syntaxId>xwiki/1.0</syntaxId>
<hidden>false</hidden>
<object>
<class>
<name>XWiki.XWikiRights</name>
<customClass></customClass>
<customMapping></customMapping>
<defaultViewSheet></defaultViewSheet>
<defaultEditSheet></defaultEditSheet>
<defaultWeb></defaultWeb>
<nameField></nameField>
<validationScript></validationScript>
<allow>
<defaultValue>1</defaultValue>
<displayFormType>select</displayFormType>
<displayType>allow</displayType>
<name>allow</name>
<number>4</number>
<prettyName>Allow/Deny</prettyName>
<unmodifiable>0</unmodifiable>
<classType>com.xpn.xwiki.objects.classes.BooleanClass</classType>
</allow>
<groups>
<cache>0</cache>
<displayType>select</displayType>
<multiSelect>1</multiSelect>
<name>groups</name>
<number>1</number>
<prettyName>Groups</prettyName>
<relationalStorage>0</relationalStorage>
<separator> </separator>
<size>5</size>
<unmodifiable>0</unmodifiable>
<usesList>1</usesList>
<classType>com.xpn.xwiki.objects.classes.GroupsClass</classType>
</groups>
<levels>
<cache>0</cache>
<displayType>select</displayType>
<multiSelect>1</multiSelect>
<name>levels</name>
<number>2</number>
<prettyName>Levels</prettyName>
<relationalStorage>0</relationalStorage>
<separator> </separator>
<size>3</size>
<unmodifiable>0</unmodifiable>
<classType>com.xpn.xwiki.objects.classes.LevelsClass</classType>
</levels>
<users>
<cache>0</cache>
<displayType>select</displayType>
<multiSelect>1</multiSelect>
<name>users</name>
<number>3</number>
<prettyName>Users</prettyName>
<relationalStorage>0</relationalStorage>
<separator> </separator>
<size>5</size>
<unmodifiable>0</unmodifiable>
<usesList>1</usesList>
<classType>com.xpn.xwiki.objects.classes.UsersClass</classType>
</users>
</class>
<name>XWiki.MeeriaJifibra</name>
<number>0</number>
<className>XWiki.XWikiRights</className>
<guid>16ab4c9e-0f2a-41ac-addc-f8f490b33d37</guid>
<property>
<allow>1</allow>
</property>
<property>
<groups>XWiki.XWikiAdminGroup</groups>
</property>
<property>
<levels>edit</levels>
</property>
</object>
<object>
<class>
<name>XWiki.XWikiRights</name>
<customClass></customClass>
<customMapping></customMapping>
<defaultViewSheet></defaultViewSheet>
<defaultEditSheet></defaultEditSheet>
<defaultWeb></defaultWeb>
<nameField></nameField>
<validationScript></validationScript>
<allow>
<defaultValue>1</defaultValue>
<displayFormType>select</displayFormType>
<displayType>allow</displayType>
<name>allow</name>
<number>4</number>
<prettyName>Allow/Deny</prettyName>
<unmodifiable>0</unmodifiable>
<classType>com.xpn.xwiki.objects.classes.BooleanClass</classType>
</allow>
<groups>
<cache>0</cache>
<displayType>select</displayType>
<multiSelect>1</multiSelect>
<name>groups</name>
<number>1</number>
<prettyName>Groups</prettyName>
<relationalStorage>0</relationalStorage>
<separator> </separator>
<size>5</size>
<unmodifiable>0</unmodifiable>
<usesList>1</usesList>
<classType>com.xpn.xwiki.objects.classes.GroupsClass</classType>
</groups>
<levels>
<cache>0</cache>
<displayType>select</displayType>
<multiSelect>1</multiSelect>
<name>levels</name>
<number>2</number>
<prettyName>Levels</prettyName>
<relationalStorage>0</relationalStorage>
<separator> </separator>
<size>3</size>
<unmodifiable>0</unmodifiable>
<classType>com.xpn.xwiki.objects.classes.LevelsClass</classType>
</levels>
<users>
<cache>0</cache>
<displayType>select</displayType>
<multiSelect>1</multiSelect>
<name>users</name>
<number>3</number>
<prettyName>Users</prettyName>
<relationalStorage>0</relationalStorage>
<separator> </separator>
<size>5</size>
<unmodifiable>0</unmodifiable>
<usesList>1</usesList>
<classType>com.xpn.xwiki.objects.classes.UsersClass</classType>
</users>
</class>
<name>XWiki.MeeriaJifibra</name>
<number>1</number>
<className>XWiki.XWikiRights</className>
<guid>b4f12b70-1e91-4509-801b-1d917736c9bf</guid>
<property>
<allow>1</allow>
</property>
<property>
<levels>edit</levels>
</property>
<property>
<users>XWiki.MeeriaJifibra</users>
</property>
</object>
<object>
<class>
<name>XWiki.XWikiUsers</name>
<customClass></customClass>
<customMapping></customMapping>
<defaultViewSheet></defaultViewSheet>
<defaultEditSheet></defaultEditSheet>
<defaultWeb></defaultWeb>
<nameField></nameField>
<validationScript></validationScript>
<active>
<defaultValue></defaultValue>
<displayFormType>select</displayFormType>
<displayType>active</displayType>
<name>active</name>
<number>6</number>
<prettyName>Active</prettyName>
<unmodifiable>0</unmodifiable>
<validationMessage></validationMessage>
<validationRegExp></validationRegExp>
<classType>com.xpn.xwiki.objects.classes.BooleanClass</classType>
</active>
<avatar>
<name>avatar</name>
<number>18</number>
<picker>0</picker>
<prettyName>Avatar</prettyName>
<size>30</size>
<unmodifiable>0</unmodifiable>
<validationMessage></validationMessage>
<validationRegExp></validationRegExp>
<classType>com.xpn.xwiki.objects.classes.StringClass</classType>
</avatar>
<blog>
<name>blog</name>
<number>9</number>
<picker>0</picker>
<prettyName>Blog</prettyName>
<size>60</size>
<unmodifiable>0</unmodifiable>
<validationMessage></validationMessage>
<validationRegExp></validationRegExp>
<classType>com.xpn.xwiki.objects.classes.StringClass</classType>
</blog>
<blogfeed>
<name>blogfeed</name>
<number>10</number>
<picker>0</picker>
<prettyName>Blog Feed</prettyName>
<size>60</size>
<unmodifiable>0</unmodifiable>
<validationMessage></validationMessage>
<validationRegExp></validationRegExp>
<classType>com.xpn.xwiki.objects.classes.StringClass</classType>
</blogfeed>
<comment>
<editor>---</editor>
<name>comment</name>
<number>11</number>
<picker>0</picker>
<prettyName>Comment</prettyName>
<rows>5</rows>
<size>40</size>
<unmodifiable>0</unmodifiable>
<validationMessage></validationMessage>
<validationRegExp></validationRegExp>
<classType>com.xpn.xwiki.objects.classes.TextAreaClass</classType>
</comment>
<company>
<name>company</name>
<number>8</number>
<picker>0</picker>
<prettyName>Company</prettyName>
<size>30</size>
<unmodifiable>0</unmodifiable>
<validationMessage></validationMessage>
<validationRegExp></validationRegExp>
<classType>com.xpn.xwiki.objects.classes.StringClass</classType>
</company>
<default_language>
<name>default_language</name>
<number>7</number>
<picker>0</picker>
<prettyName>Default Language</prettyName>
<size>30</size>
<unmodifiable>0</unmodifiable>
<validationMessage></validationMessage>
<validationRegExp></validationRegExp>
<classType>com.xpn.xwiki.objects.classes.StringClass</classType>
</default_language>
<editor>
<cache>0</cache>
<displayType>select</displayType>
<multiSelect>0</multiSelect>
<name>editor</name>
<number>14</number>
<picker>0</picker>
<prettyName>Default Editor</prettyName>
<relationalStorage>0</relationalStorage>
<separator> </separator>
<separators> ,|</separators>
<size>1</size>
<sort>none</sort>
<unmodifiable>0</unmodifiable>
<validationMessage></validationMessage>
<validationRegExp></validationRegExp>
<values>---|Text|Wysiwyg</values>
<classType>com.xpn.xwiki.objects.classes.StaticListClass</classType>
</editor>
<email>
<name>email</name>
<number>3</number>
<picker>0</picker>
<prettyName>e-Mail</prettyName>
<size>30</size>
<unmodifiable>0</unmodifiable>
<validationMessage></validationMessage>
<validationRegExp></validationRegExp>
<classType>com.xpn.xwiki.objects.classes.StringClass</classType>
</email>
<first_name>
<name>first_name</name>
<number>1</number>
<picker>0</picker>
<prettyName>First Name</prettyName>
<size>30</size>
<unmodifiable>0</unmodifiable>
<validationMessage></validationMessage>
<validationRegExp></validationRegExp>
<classType>com.xpn.xwiki.objects.classes.StringClass</classType>
</first_name>
<imaccount>
<name>imaccount</name>
<number>13</number>
<picker>0</picker>
<prettyName>imaccount</prettyName>
<size>30</size>
<unmodifiable>0</unmodifiable>
<validationMessage></validationMessage>
<validationRegExp></validationRegExp>
<classType>com.xpn.xwiki.objects.classes.StringClass</classType>
</imaccount>
<imtype>
<cache>0</cache>
<displayType>select</displayType>
<multiSelect>0</multiSelect>
<name>imtype</name>
<number>12</number>
<picker>0</picker>
<prettyName>IM Type</prettyName>
<relationalStorage>0</relationalStorage>
<separator> </separator>
<separators> ,|</separators>
<size>1</size>
<sort>none</sort>
<unmodifiable>0</unmodifiable>
<validationMessage></validationMessage>
<validationRegExp></validationRegExp>
<values>---|AIM|Yahoo|Jabber|MSN|Skype|ICQ</values>
<classType>com.xpn.xwiki.objects.classes.StaticListClass</classType>
</imtype>
<last_name>
<name>last_name</name>
<number>2</number>
<picker>0</picker>
<prettyName>Last Name</prettyName>
<size>30</size>
<unmodifiable>0</unmodifiable>
<validationMessage></validationMessage>
<validationRegExp></validationRegExp>
<classType>com.xpn.xwiki.objects.classes.StringClass</classType>
</last_name>
<pageWidth>
<cache>0</cache>
<displayType>select</displayType>
<multiSelect>0</multiSelect>
<name>pageWidth</name>
<number>17</number>
<picker>0</picker>
<prettyName>Preferred page width</prettyName>
<relationalStorage>0</relationalStorage>
<separator> </separator>
<separators> ,|</separators>
<size>1</size>
<sort>none</sort>
<unmodifiable>0</unmodifiable>
<validationMessage></validationMessage>
<validationRegExp></validationRegExp>
<values>default|640|800|1024|1280|1600</values>
<classType>com.xpn.xwiki.objects.classes.StaticListClass</classType>
</pageWidth>
<password>
<algorithm></algorithm>
<name>password</name>
<number>4</number>
<picker>0</picker>
<prettyName>Password</prettyName>
<size>10</size>
<storageType>Hash</storageType>
<unmodifiable>0</unmodifiable>
<validationMessage></validationMessage>
<validationRegExp></validationRegExp>
<classType>com.xpn.xwiki.objects.classes.PasswordClass</classType>
</password>
<skin>
<name>skin</name>
<number>16</number>
<picker>0</picker>
<prettyName>skin</prettyName>
<size>30</size>
<unmodifiable>0</unmodifiable>
<validationMessage></validationMessage>
<validationRegExp></validationRegExp>
<classType>com.xpn.xwiki.objects.classes.StringClass</classType>
</skin>
<usertype>
<cache>0</cache>
<displayType>select</displayType>
<multiSelect>0</multiSelect>
<name>usertype</name>
<number>15</number>
<picker>0</picker>
<prettyName>User type</prettyName>
<relationalStorage>0</relationalStorage>
<separator> </separator>
<separators> ,|</separators>
<size>1</size>
<sort>none</sort>
<unmodifiable>0</unmodifiable>
<validationMessage></validationMessage>
<validationRegExp></validationRegExp>
<values>Simple|Advanced</values>
<classType>com.xpn.xwiki.objects.classes.StaticListClass</classType>
</usertype>
<validkey>
<algorithm></algorithm>
<name>validkey</name>
<number>5</number>
<picker>0</picker>
<prettyName>Validation Key</prettyName>
<size>10</size>
<storageType>Clear</storageType>
<unmodifiable>0</unmodifiable>
<validationMessage></validationMessage>
<validationRegExp></validationRegExp>
<classType>com.xpn.xwiki.objects.classes.PasswordClass</classType>
</validkey>
</class>
<name>XWiki.MeeriaJifibra</name>
<number>0</number>
<className>XWiki.XWikiUsers</className>
<guid>c24fea09-e708-4ea4-99e4-27a7a8450515</guid>
<property>
<active>0</active>
</property>
<property>
<email>lerisenakes@gmail.com</email>
</property>
<property>
<first_name>MeeriaJifibra</first_name>
</property>
<property>
<last_name>MeeriaJifibra</last_name>
</property>
<property>
<password>hash:SHA-512:9d243f5e70d5dcf6d2cefcf7ee1e772073ecbd0c251682baf26b702ac20700bc1a0fdb584f2beacae3f251061d8732926186587b6c635790f9862b3c312544cf</password>
</property>
<property>
<validkey>hdl4nZnGqxoL54sR</validkey>
</property>
</object>
<content>#includeForm("XWiki.XWikiUserSheet")</content>
</xwikidoc>
