<?xml version="1.0" encoding="UTF-8"?>

<xwikidoc>
<web>XWiki</web>
<name>OfficeImporterResults</name>
<language></language>
<defaultLanguage>en</defaultLanguage>
<translation>0</translation>
<parent>XWiki.OfficeImporter</parent>
<creator>XWiki.Admin</creator>
<author>XWiki.Admin</author>
<customClass></customClass>
<contentAuthor>XWiki.Admin</contentAuthor>
<creationDate>1217261425000</creationDate>
<date>1243418963000</date>
<contentUpdateDate>1243418963000</contentUpdateDate>
<version>1.1</version>
<title>$msg.get("xe.officeimporter.results.title")</title>
<template></template>
<defaultTemplate></defaultTemplate>
<validationScript></validationScript>
<comment></comment>
<minorEdit>false</minorEdit>
<syntaxId>xwiki/1.0</syntaxId>
<hidden>false</hidden>
<content>
#if($isguest)
  #error($msg.get("xe.officeimporter.notallowed"))  
#else
  #set($goBack = "[$msg.get('xe.officeimporter.results.goback')&gt;XWiki.OfficeImporter]")  

  ## Validate fileName
  #set($fileUpload=$xwiki.fileupload)
  #set($fileName=$fileUpload.getFileName("filePath"))
  #if("$!{fileName}" == "")
    #error($msg.get("xe.officeimporter.results.missingfile", [$goBack]))
  #end
  
  ## Validate targetSpace
  #if("$!{request.targetSpace}" == "")
    #error($msg.get("xe.officeimporter.results.missingspace", [$goBack]))
  #else
    #set($targetSpace=$request.targetSpace.replaceAll("[:/]", "-"))
  #end

  ## Validate targetPage
  #if("$!{request.targetPage}" == "")
    #error($msg.get("xe.officeimporter.results.missingpage", [$goBack]))
  #else
    #set($targetPage=$request.targetPage.replaceAll("[.:/]", "-"))
  #end  

  ## Split Levels
  #set($headingLevelsArray=$request.getParameterValues("headingLevelsToSplit"))
  #if($headingLevelsArray)
    #foreach($headingLevel in $headingLevelsArray)
      #if("$!{headingLevelsString}" == "")
        #set($headingLevelsString="${headingLevel}")
      #else
        #set($headingLevelsString="${headingLevelsString},${headingLevel}")
      #end
    #end
  #end

  ## Import
  #if($fileName &amp;&amp; $targetSpace &amp;&amp; $targetPage)
    #set($fileContent=$fileUpload.getFileItemData("filePath"))
    #set($options={"appendContent":"$!{request.appendContent}","filterStyles":"$!{request.filterStyles}","splitDocument":"$!{request.splitDocument}", "headingLevelsToSplit":"$!{headingLevelsString}","childPagesNamingMethod":"$!{request.childPagesNamingMethod}","groovyFilter":"$!{request.groovyFilter}"})
    #set($targetDocumentName="${targetSpace}.${targetPage}")
    #set($result=$officeimporter.importDocument($fileContent, $fileName, $targetDocumentName, $options))
    #if($result)
      #set($goBack = "[$msg.get('xe.officeimporter.results.goback')&gt;XWiki.OfficeImporter]")
      #set($targetDocument=$xwiki.getDocument($targetDocumentName))
      #set($resultDocument = "*[$msg.get('xe.officeimporter.results.result')&gt;$targetDocument.getExternalURL('view')]*")  
      #info($msg.get("xe.officeimporter.results.success", [$resultDocument, $goBack]))
    #else
      #error($officeimporter.lastErrorMessage)
    #end
  #end  
#end
</content></xwikidoc>