<?xml version="1.0" encoding="UTF-8"?>

<xwikidoc>
<web>XWiki</web>
<name>ResetPassword</name>
<language></language>
<defaultLanguage>en</defaultLanguage>
<translation>0</translation>
<parent>XWiki.WebHome</parent>
<creator>XWiki.Admin</creator>
<author>XWiki.Admin</author>
<customClass></customClass>
<contentAuthor>XWiki.Admin</contentAuthor>
<creationDate>1219710939000</creationDate>
<date>1228221475000</date>
<contentUpdateDate>1228221475000</contentUpdateDate>
<version>1.1</version>
<title>Reset password (step 1)</title>
<template></template>
<defaultTemplate></defaultTemplate>
<validationScript></validationScript>
<comment></comment>
<minorEdit>false</minorEdit>
<syntaxId>xwiki/1.0</syntaxId>
<hidden>false</hidden>
<object>
<class>
<name>XWiki.TagClass</name>
<customClass></customClass>
<customMapping></customMapping>
<defaultViewSheet></defaultViewSheet>
<defaultEditSheet></defaultEditSheet>
<defaultWeb></defaultWeb>
<nameField></nameField>
<validationScript></validationScript>
<tags>
<cache>0</cache>
<displayType>checkbox</displayType>
<multiSelect>1</multiSelect>
<name>tags</name>
<number>1</number>
<prettyName>Tags</prettyName>
<relationalStorage>1</relationalStorage>
<separator> </separator>
<separators> ,|</separators>
<size>30</size>
<unmodifiable>0</unmodifiable>
<values></values>
<classType>com.xpn.xwiki.objects.classes.StaticListClass</classType>
</tags>
</class>
<name>XWiki.ResetPassword</name>
<number>0</number>
<className>XWiki.TagClass</className>
<guid>138811dc-f248-46a8-8104-c1f4e0e747d0</guid>
<property>
<tags/>
</property>
</object>
<object>
<class>
<name>XWiki.XWikiRights</name>
<customClass></customClass>
<customMapping></customMapping>
<defaultViewSheet></defaultViewSheet>
<defaultEditSheet></defaultEditSheet>
<defaultWeb></defaultWeb>
<nameField></nameField>
<validationScript></validationScript>
<allow>
<defaultValue>1</defaultValue>
<displayFormType>select</displayFormType>
<displayType>allow</displayType>
<name>allow</name>
<number>4</number>
<prettyName>Allow/Deny</prettyName>
<unmodifiable>0</unmodifiable>
<classType>com.xpn.xwiki.objects.classes.BooleanClass</classType>
</allow>
<groups>
<cache>0</cache>
<displayType>select</displayType>
<multiSelect>1</multiSelect>
<name>groups</name>
<number>1</number>
<prettyName>Groups</prettyName>
<relationalStorage>0</relationalStorage>
<separator> </separator>
<size>5</size>
<unmodifiable>0</unmodifiable>
<usesList>1</usesList>
<classType>com.xpn.xwiki.objects.classes.GroupsClass</classType>
</groups>
<levels>
<cache>0</cache>
<displayType>select</displayType>
<multiSelect>1</multiSelect>
<name>levels</name>
<number>2</number>
<prettyName>Levels</prettyName>
<relationalStorage>0</relationalStorage>
<separator> </separator>
<size>3</size>
<unmodifiable>0</unmodifiable>
<classType>com.xpn.xwiki.objects.classes.LevelsClass</classType>
</levels>
<users>
<cache>0</cache>
<displayType>select</displayType>
<multiSelect>1</multiSelect>
<name>users</name>
<number>3</number>
<prettyName>Users</prettyName>
<relationalStorage>0</relationalStorage>
<separator> </separator>
<size>5</size>
<unmodifiable>0</unmodifiable>
<usesList>1</usesList>
<classType>com.xpn.xwiki.objects.classes.UsersClass</classType>
</users>
</class>
<name>XWiki.ResetPassword</name>
<number>0</number>
<className>XWiki.XWikiRights</className>
<guid>95248a3b-024a-4d98-9ab4-52128315c393</guid>
<property>
<allow>0</allow>
</property>
<property>
<groups>XWiki.XWikiAllGroup</groups>
</property>
<property>
<levels>edit</levels>
</property>
</object>
<object>
<class>
<name>XWiki.XWikiRights</name>
<customClass></customClass>
<customMapping></customMapping>
<defaultViewSheet></defaultViewSheet>
<defaultEditSheet></defaultEditSheet>
<defaultWeb></defaultWeb>
<nameField></nameField>
<validationScript></validationScript>
<allow>
<defaultValue>1</defaultValue>
<displayFormType>select</displayFormType>
<displayType>allow</displayType>
<name>allow</name>
<number>4</number>
<prettyName>Allow/Deny</prettyName>
<unmodifiable>0</unmodifiable>
<classType>com.xpn.xwiki.objects.classes.BooleanClass</classType>
</allow>
<groups>
<cache>0</cache>
<displayType>select</displayType>
<multiSelect>1</multiSelect>
<name>groups</name>
<number>1</number>
<prettyName>Groups</prettyName>
<relationalStorage>0</relationalStorage>
<separator> </separator>
<size>5</size>
<unmodifiable>0</unmodifiable>
<usesList>1</usesList>
<classType>com.xpn.xwiki.objects.classes.GroupsClass</classType>
</groups>
<levels>
<cache>0</cache>
<displayType>select</displayType>
<multiSelect>1</multiSelect>
<name>levels</name>
<number>2</number>
<prettyName>Levels</prettyName>
<relationalStorage>0</relationalStorage>
<separator> </separator>
<size>3</size>
<unmodifiable>0</unmodifiable>
<classType>com.xpn.xwiki.objects.classes.LevelsClass</classType>
</levels>
<users>
<cache>0</cache>
<displayType>select</displayType>
<multiSelect>1</multiSelect>
<name>users</name>
<number>3</number>
<prettyName>Users</prettyName>
<relationalStorage>0</relationalStorage>
<separator> </separator>
<size>5</size>
<unmodifiable>0</unmodifiable>
<usesList>1</usesList>
<classType>com.xpn.xwiki.objects.classes.UsersClass</classType>
</users>
</class>
<name>XWiki.ResetPassword</name>
<number>1</number>
<className>XWiki.XWikiRights</className>
<guid>00d36cc3-3c0e-4e7d-ae68-4658f139c971</guid>
<property>
<allow>0</allow>
</property>
<property>
<levels>edit</levels>
</property>
<property>
<users>XWiki.XWikiGuest</users>
</property>
</object>
<object>
<class>
<name>XWiki.XWikiRights</name>
<customClass></customClass>
<customMapping></customMapping>
<defaultViewSheet></defaultViewSheet>
<defaultEditSheet></defaultEditSheet>
<defaultWeb></defaultWeb>
<nameField></nameField>
<validationScript></validationScript>
<allow>
<defaultValue>1</defaultValue>
<displayFormType>select</displayFormType>
<displayType>allow</displayType>
<name>allow</name>
<number>4</number>
<prettyName>Allow/Deny</prettyName>
<unmodifiable>0</unmodifiable>
<classType>com.xpn.xwiki.objects.classes.BooleanClass</classType>
</allow>
<groups>
<cache>0</cache>
<displayType>select</displayType>
<multiSelect>1</multiSelect>
<name>groups</name>
<number>1</number>
<prettyName>Groups</prettyName>
<relationalStorage>0</relationalStorage>
<separator> </separator>
<size>5</size>
<unmodifiable>0</unmodifiable>
<usesList>1</usesList>
<classType>com.xpn.xwiki.objects.classes.GroupsClass</classType>
</groups>
<levels>
<cache>0</cache>
<displayType>select</displayType>
<multiSelect>1</multiSelect>
<name>levels</name>
<number>2</number>
<prettyName>Levels</prettyName>
<relationalStorage>0</relationalStorage>
<separator> </separator>
<size>3</size>
<unmodifiable>0</unmodifiable>
<classType>com.xpn.xwiki.objects.classes.LevelsClass</classType>
</levels>
<users>
<cache>0</cache>
<displayType>select</displayType>
<multiSelect>1</multiSelect>
<name>users</name>
<number>3</number>
<prettyName>Users</prettyName>
<relationalStorage>0</relationalStorage>
<separator> </separator>
<size>5</size>
<unmodifiable>0</unmodifiable>
<usesList>1</usesList>
<classType>com.xpn.xwiki.objects.classes.UsersClass</classType>
</users>
</class>
<name>XWiki.ResetPassword</name>
<number>2</number>
<className>XWiki.XWikiRights</className>
<guid>fc3776ee-c99c-495b-8bc2-5b559ceefefd</guid>
<property>
<allow>0</allow>
</property>
<property>
<groups>xwiki:XWiki.XWikiAllGroup</groups>
</property>
<property>
<levels>edit</levels>
</property>
</object>
<content>#**
This page starts the password reset procedure. It works according to the next algorithm:
1. Display a form requesting the username
2. When receiving the username via form submission, generate a random verification string which is stored (as a hash) inside a ResetPasswordRequestClass object attached to the user's profile page. If no such object exists, it is created, but an existing object will be reused, meaning that at most one password reset request can be active at a moment.
3. Send an email to the address configured in the user's profile, containing a link to the second step of the password reset procedure.

URL parameters:

u = user account sent in the form

!!!!! IMPORTANT !!!!!

This document requires programming rights, so always make sure
it is saved by a user with programming rights, and that
it is secured against unprivileged editing.

*#
##
##
## First, check if the page has programming rights, as nothing works otherwise
#if($xwiki.hasProgrammingRights())
##
##
## The name of the class used for storing password reset verification data.
#set($verifClass = "XWiki.ResetPasswordRequestClass")
#set($userName = "$!request.get('u')")
#if($userName == '') ## First step, display the form requesting the username
  1 $msg.get("xe.admin.passwordreset.forgotpassword")

  $msg.get("xe.admin.passwordreset.startprocess")

  &lt;form method="post" action=""&gt;
  &lt;div&gt; $msg.get("xe.admin.passwordreset.username") &lt;input type="text" name="u"/&gt; &lt;input type="submit" value="$msg.get("xe.admin.passwordreset.resetpassword")"/&gt;&lt;/div&gt;
  &lt;/form&gt;
#else ## Second step, generate the verification string, store it, and send the email
  ## TODO: Once the usernames are not bound to the XWiki space, revisit this code
  #if($userName.indexOf('.') != -1)
    #set($userDoc = $xwiki.getDocument(${userName}))
  #else
    #set($userDoc = $xwiki.getDocument("XWiki.${userName}"))
  #end
  ## Check if the user exists and has a valid email address configured in his profile
  #set($userObj = "")
  #set($userObj = $userDoc.getObject('XWiki.XWikiUsers'))
  #if("$!userObj" == "")
    #warning($msg.get("xe.admin.passwordreset.nouser", [$userName]))
  #elseif ($userDoc.getObject('XWiki.LDAPProfileClass'))
    #warning($msg.get("xe.admin.passwordreset.ldapuser", [$userName]))
  #else
    #set($userEmail = $userObj.getProperty("email").value)
    #if("$!userEmail" == "")
      #error($msg.get("xe.admin.passwordreset.cannotreset"))
    #else
      ## Find the object that will hold the verification string
      #set($verifObj = "")
      #set($verifObj = $userDoc.getObject($verifClass))
      #if("$!verifObj" == "")
        #set($verifObj = $userDoc.newObject($verifClass))
      #end
      ## Generate a random string
      #set($verifStr = $xwiki.generateRandomString(30))
      ## If the class is correctly configured, the string should automatically be stored as a hash
      $verifObj.set("verification", $verifStr)
      $userDoc.saveWithProgrammingRights()
      ## Compose the verification URL
      #set($passwordResetURL = $xwiki.getDocument("XWiki.ResetPasswordComplete").getExternalURL("view", "u=${userName}&amp;amp;v=${verifStr}"))
      ## Send an email; the variables will be retrieved from the velocity context
      #set($mailResult = $xwiki.mailsender.sendMessageFromTemplate($xwiki.getXWikiPreference('admin_email', 'no-reply@xwiki.org'), $userEmail, $util.null, $util.null, $context.language, "XWiki.ResetPasswordMailContent", $context.vcontext))
      #if($mailResult == 0)
        #info($msg.get("xe.admin.passwordreset.emailsent", [$userEmail]))
      #else
        #error($msg.get("xe.admin.passwordreset.reseterror"))
      #end
    #end
  #end
  &lt;a href="$doc.getURL()"&gt;&amp;laquo; $msg.get("xe.admin.passwordreset.retry")&lt;/a&gt; |
  &lt;a href="$xwiki.getURL("XWiki.XWikiLogin", "login", "")"&gt;$msg.get("xe.admin.passwordreset.login") &amp;raquo;&lt;/a&gt;
#end
## Clear private variables, so that they cannot be accessed from the rest of the page (comments, panels...)
#set($verifStr = "")
#set($passwordResetURL = "")
##
##
#else ## No programming rights, warn and exit
  #error($msg.get("xe.admin.passwordreset.noprogrammingrights"))
#end</content>
</xwikidoc>
