<?xml version="1.0" encoding="UTF-8"?>

<xwikidoc>
<web>XWiki</web>
<name>SchedulerJobClass</name>
<language></language>
<defaultLanguage></defaultLanguage>
<translation>0</translation>
<parent>XWiki.XWikiClasses</parent>
<creator>superadmin</creator>
<author>superadmin</author>
<customClass></customClass>
<contentAuthor>superadmin</contentAuthor>
<creationDate>1263818512000</creationDate>
<date>1263818512000</date>
<contentUpdateDate>1263818512000</contentUpdateDate>
<version>1.1</version>
<title>XWiki Scheduler Job Class</title>
<template></template>
<defaultTemplate></defaultTemplate>
<validationScript></validationScript>
<comment></comment>
<minorEdit>false</minorEdit>
<syntaxId>xwiki/2.0</syntaxId>
<hidden>false</hidden>
<class>
<name>XWiki.SchedulerJobClass</name>
<customClass></customClass>
<customMapping></customMapping>
<defaultViewSheet></defaultViewSheet>
<defaultEditSheet></defaultEditSheet>
<defaultWeb></defaultWeb>
<nameField></nameField>
<validationScript></validationScript>
<contextDatabase>
<name>contextDatabase</name>
<number>9</number>
<prettyName>Job execution context database</prettyName>
<size>30</size>
<unmodifiable>0</unmodifiable>
<classType>com.xpn.xwiki.objects.classes.StringClass</classType>
</contextDatabase>
<contextLang>
<name>contextLang</name>
<number>8</number>
<prettyName>Job execution context lang</prettyName>
<size>30</size>
<unmodifiable>0</unmodifiable>
<classType>com.xpn.xwiki.objects.classes.StringClass</classType>
</contextLang>
<contextUser>
<name>contextUser</name>
<number>7</number>
<prettyName>Job execution context user</prettyName>
<size>30</size>
<unmodifiable>0</unmodifiable>
<classType>com.xpn.xwiki.objects.classes.StringClass</classType>
</contextUser>
<cron>
<name>cron</name>
<number>5</number>
<prettyName>Cron Expression</prettyName>
<size>30</size>
<unmodifiable>0</unmodifiable>
<classType>com.xpn.xwiki.objects.classes.StringClass</classType>
</cron>
<jobClass>
<name>jobClass</name>
<number>3</number>
<prettyName>Job Class</prettyName>
<size>60</size>
<unmodifiable>0</unmodifiable>
<classType>com.xpn.xwiki.objects.classes.StringClass</classType>
</jobClass>
<jobDescription>
<name>jobDescription</name>
<number>2</number>
<prettyName>Job Description</prettyName>
<rows>10</rows>
<size>45</size>
<unmodifiable>0</unmodifiable>
<classType>com.xpn.xwiki.objects.classes.TextAreaClass</classType>
</jobDescription>
<jobName>
<name>jobName</name>
<number>1</number>
<prettyName>Job Name</prettyName>
<size>60</size>
<unmodifiable>0</unmodifiable>
<classType>com.xpn.xwiki.objects.classes.StringClass</classType>
</jobName>
<script>
<name>script</name>
<number>6</number>
<prettyName>Job Script</prettyName>
<rows>10</rows>
<size>45</size>
<unmodifiable>0</unmodifiable>
<classType>com.xpn.xwiki.objects.classes.TextAreaClass</classType>
</script>
<status>
<name>status</name>
<number>4</number>
<prettyName>Status</prettyName>
<size>30</size>
<unmodifiable>0</unmodifiable>
<classType>com.xpn.xwiki.objects.classes.StringClass</classType>
</status>
</class>
<content>{{include document="XWiki.ClassSheet" /}}</content>
</xwikidoc>
