<?xml version="1.0" encoding="UTF-8"?>

<xwikidoc>
<web>XWiki</web>
<name>SchedulerJobSheet</name>
<language></language>
<defaultLanguage>en</defaultLanguage>
<translation>0</translation>
<parent>XWiki.SchedulerJobClass</parent>
<creator>XWiki.Admin</creator>
<author>XWiki.Admin</author>
<customClass></customClass>
<contentAuthor>XWiki.Admin</contentAuthor>
<creationDate>1252454400000</creationDate>
<date>1254345318000</date>
<contentUpdateDate>1254345318000</contentUpdateDate>
<version>1.1</version>
<title>Scheduler Job Sheet</title>
<template></template>
<defaultTemplate></defaultTemplate>
<validationScript></validationScript>
<comment></comment>
<minorEdit>false</minorEdit>
<syntaxId>xwiki/2.0</syntaxId>
<hidden>false</hidden>
<content>{{velocity}}
#if($doc.getObject('XWiki.SchedulerJobClass'))
#set($job = $doc.getObject("XWiki.SchedulerJobClass"))
**$msg.get("xe.scheduler.job.name")**

$!doc.display('jobName')

**$msg.get("xe.scheduler.job.description")**

$!doc.display('jobDescription')

**$msg.get("xe.scheduler.job.expression")**

$!doc.display('cron')

**$msg.get("xe.scheduler.job.script")**

#if($context.action=="inline")
$!doc.display("script")
#elseif($context.action=="view" &amp;&amp; "$!job.getProperty('script').value" !="")
{{code language="java"}}
$job.getProperty('script').value
{{/code}}
#end

#if($context.action=="inline")
{{info}}$msg.get('xe.scheduler.job.scriptexplanation')){{/info}}

{{info}}"Below some example of valid cron expression, from the [[official quartz scheduler documentation&gt;&gt;http://www.opensymphony.com/quartz/api/org/quartz/CronExpression.html&gt;_blank]]:

|= Cron expression |= Meaning
| **0 15 10 * * ?** | Fire at 10:15am every day
| **0 15 10 ? * MON-FRI** | Fire at 10:15am every Monday, Tuesday, Wednesday, Thursday and Friday
| ** 0 0/5 14 * * ?** | Fire every 5 minutes starting at 2pm and ending at 2:55pm, every day
| ** 0 15 10 ? * 6L** | Fire at 10:15am on the last Friday of every month
{{/info}}

#elseif($context.action=="view")
[[$msg.get("xe.scheduler.job.backtolist")&gt;&gt;Scheduler.WebHome]]
#end
#else
 {{warning}}$msg.get('xe.scheduler.job.object'){{/warning}}
#end
{{/velocity}}</content>
</xwikidoc>
