<?xml version="1.0" encoding="UTF-8"?>

<xwikidoc>
<web>XWiki</web>
<name>SheetClass</name>
<language></language>
<defaultLanguage></defaultLanguage>
<translation>0</translation>
<parent>XWiki.XWikiClasses</parent>
<creator>superadmin</creator>
<author>superadmin</author>
<customClass></customClass>
<contentAuthor>superadmin</contentAuthor>
<creationDate>1263816319000</creationDate>
<date>1263816319000</date>
<contentUpdateDate>1263816319000</contentUpdateDate>
<version>1.1</version>
<title>XWiki Sheet Class</title>
<template></template>
<defaultTemplate></defaultTemplate>
<validationScript></validationScript>
<comment></comment>
<minorEdit>false</minorEdit>
<syntaxId>xwiki/2.0</syntaxId>
<hidden>false</hidden>
<class>
<name>XWiki.SheetClass</name>
<customClass></customClass>
<customMapping></customMapping>
<defaultViewSheet></defaultViewSheet>
<defaultEditSheet></defaultEditSheet>
<defaultWeb></defaultWeb>
<nameField></nameField>
<validationScript></validationScript>
<defaultEditMode>
<name>defaultEditMode</name>
<number>1</number>
<prettyName>Default Edit Mode</prettyName>
<size>15</size>
<unmodifiable>0</unmodifiable>
<classType>com.xpn.xwiki.objects.classes.StringClass</classType>
</defaultEditMode>
</class>
<content>{{include document="XWiki.ClassSheet" /}}

Class that should be used to recognize sheet pages.</content>
</xwikidoc>
