<?xml version="1.0" encoding="UTF-8"?>

<xwikidoc>
<web>XWiki</web>
<name>Treeview</name>
<language></language>
<defaultLanguage>en</defaultLanguage>
<translation>0</translation>
<parent>Main.AllDocs</parent>
<creator>XWiki.Admin</creator>
<author>XWiki.Admin</author>
<customClass></customClass>
<contentAuthor>XWiki.Admin</contentAuthor>
<creationDate>1252454400000</creationDate>
<date>1252454400000</date>
<contentUpdateDate>1252454400000</contentUpdateDate>
<version>1.1</version>
<title>$msg.get("xe.index.tree")</title>
<template></template>
<defaultTemplate></defaultTemplate>
<validationScript></validationScript>
<comment></comment>
<minorEdit>false</minorEdit>
<syntaxId>xwiki/2.0</syntaxId>
<hidden>false</hidden>
<content>{{velocity}}
## Smartclient
$xwiki.jsfx.use("js/smartclient/initsc.js", true)##
$xwiki.jsfx.use("js/smartclient/modules/ISC_Core.js")##
## TODO: remove this line   
## when http://forums.smartclient.com/showthread.php?t=3097 will be fixed
$xwiki.jsfx.use("js/smartclient/overwritesc.js")##
$xwiki.jsfx.use("js/smartclient/modules/ISC_Foundation.js")##
$xwiki.jsfx.use("js/smartclient/modules/ISC_Containers.js")##
$xwiki.jsfx.use("js/smartclient/modules/ISC_Grids.js")##
$xwiki.jsfx.use("js/smartclient/modules/ISC_Forms.js")##
$xwiki.jsfx.use("js/smartclient/modules/ISC_DataBinding.js")##
$xwiki.jsfx.use("js/smartclient/skins/Enterprise/load_skin.js")##
## XWikiExplorer
$xwiki.jsfx.use("js/xwiki/xwikiexplorer/xwikiexplorer.js", true)##
{{/velocity}}
{{html}}
&lt;div id="XWEWrapper" style="height:300px;margin-right:20px;padding-bottom:30px;"&gt;&lt;/div&gt;
&lt;script type="text/javascript"&gt;
isc.XWETreeGrid.create({
  ID: "Treeview",
  // Example of default values:
  // defaultValue: "Main.WebHome",
  // defaultValue: "Main.RecentChanges@lquo.gif",
  defaultValue: "",
  htmlElement: "XWEWrapper", // Mandatory HTML wrapper.
  matchElement: true, // Make the widget match HTML wrapper size.
  // Example of data sources:
  // dataSource: isc.XWEDataSource.create({}),
  // dataSource: isc.XWESpaceDataSource.create({ space: "Main" }),
  dataSource: isc.XWEWikiDataSource.create({}),
  displaySuggest: true, // Display the input at the bottom.
  displayLinks: true, // Node titles are HTML links.
  displayAttachments: true, // Display pages attachments.
  displayAttachmentsOnTop: true // Display attachments before page children.
}).draw();
&lt;/script&gt;
{{/html}}
</content></xwikidoc>