<?xml version="1.0" encoding="UTF-8"?>

<xwikidoc>
<web>XWiki</web>
<name>WatchListRss</name>
<language></language>
<defaultLanguage>en</defaultLanguage>
<translation>0</translation>
<parent>XWiki.WatchListManager</parent>
<creator>XWiki.Admin</creator>
<author>XWiki.Admin</author>
<customClass></customClass>
<contentAuthor>XWiki.Admin</contentAuthor>
<creationDate>1251378776000</creationDate>
<date>1251378776000</date>
<contentUpdateDate>1251378776000</contentUpdateDate>
<version>1.1</version>
<title></title>
<template></template>
<defaultTemplate></defaultTemplate>
<validationScript></validationScript>
<comment></comment>
<minorEdit>false</minorEdit>
<syntaxId>xwiki/2.0</syntaxId>
<hidden>false</hidden>
<object>
<class>
<name>XWiki.TagClass</name>
<customClass></customClass>
<customMapping></customMapping>
<defaultViewSheet></defaultViewSheet>
<defaultEditSheet></defaultEditSheet>
<defaultWeb></defaultWeb>
<nameField></nameField>
<validationScript></validationScript>
<tags>
<cache>0</cache>
<displayType>checkbox</displayType>
<multiSelect>1</multiSelect>
<name>tags</name>
<number>1</number>
<prettyName>Tags</prettyName>
<relationalStorage>1</relationalStorage>
<separator> </separator>
<separators> ,|</separators>
<size>30</size>
<unmodifiable>0</unmodifiable>
<values></values>
<classType>com.xpn.xwiki.objects.classes.StaticListClass</classType>
</tags>
</class>
<name>XWiki.WatchListRss</name>
<number>0</number>
<className>XWiki.TagClass</className>
<guid>b32dad92-129d-4968-a22d-2950e1ca28a7</guid>
<property>
<tags/>
</property>
</object>
<content>{{velocity}}
## WatchList RSS.
## This page must be called with the following query string: "?xpage=plain&amp;outputSyntax=plain"
#if("$!request.xpage" != "plain" &amp;&amp; "$!request.outputSyntax" != "plain")
WatchList RSS feed
#else
$!response.setContentType("application/text+xml")##
#set($feed = $xwiki.watchlist.getFeed(20))##
#set($discard = $feed.set)
$xwiki.feed.getFeedOutput($xwiki.watchlist.getFeed(20), "rss_2.0")##
#end
{{/velocity}}</content>
</xwikidoc>
