<?xml version="1.0" encoding="UTF-8"?>

<xwikidoc>
<web>XWiki</web>
<name>WatchListManager</name>
<language></language>
<defaultLanguage>en</defaultLanguage>
<translation>0</translation>
<parent>XWiki.WebHome</parent>
<creator>XWiki.Admin</creator>
<author>XWiki.Admin</author>
<customClass></customClass>
<contentAuthor>XWiki.Admin</contentAuthor>
<creationDate>1204121756000</creationDate>
<date>1204121756000</date>
<contentUpdateDate>1204121756000</contentUpdateDate>
<version>1.1</version>
<title></title>
<template></template>
<defaultTemplate></defaultTemplate>
<validationScript></validationScript>
<comment></comment>
<minorEdit>false</minorEdit>
<syntaxId>xwiki/1.0</syntaxId>
<hidden>false</hidden>
<content>###
### User's watchlist
###
###
#if ($request.user)
  #set ($udoc = $xwiki.getDocument($request.user))
  #if ($udoc.getObjects("XWiki.XWikiUsers").size() &gt; 0)
    #set ($profileDoc = $udoc)
    #set ($isMyProfile = false)
  #else
    #xwikimessageboxstart($msg.get("watchlist") $msg.get("notauser"))
    #xwikimessageboxend()
  #end
#else
  #set ($profileDoc = $crtUserDoc)
  #set ($isMyProfile = true)
#end
#if ($profileDoc)
1 $msg.get("watchlist.title", [$xwiki.getUserName($profileDoc.fullName, false)])
#if ($request.removedocument || $request.removespace)
  #set ($el = "")
  #if ($isMyProfile)
    #if ($request.removedocument)
      #set ($el = $request.removedocument)
      #set ($ret = $xwiki.watchlist.removeDocument($request.removedocument))
    #else
      #set ($el = $request.removespace)
      #set ($ret = $xwiki.watchlist.removeSpace($request.removespace))
    #end
  #else
    #if ($request.removedocument)
      #set ($el = $request.removedocument)
      #set ($ret = $xwiki.watchlist.removeDocumentForUser($profileDoc.fullName, $request.removedocument))
    #else
      #set ($el = $request.removespace)
      #set ($ret = $xwiki.watchlist.removeSpaceForUser($profileDoc.fullName, $request.removespace))
    #end
  #end
  #if ($ret == true)
    #info($msg.get("watchlist.delete.ok", [$el]))
  #else
    #error($msg.get("watchlist.delete.ko", [$el]))
  #end
#elseif ($request.removespace)
#end
    ##
    ## Info
    ##
    1 $msg.get("watchlist.staytuned")
    ##
    ## Notifications
    ##
    &lt;div class="padded"&gt;
        &lt;div style="width:48%;float:left;"&gt;
        &lt;h2&gt;$msg.get("watchlist.staytuned.email")&lt;/h2&gt;
        &lt;p&gt;
        $msg.get("watchlist.staytuned.email.info")
        &lt;/p&gt;
        &lt;form action="$profileDoc.getURL("save")" method="post"&gt;
          &lt;fieldset&gt;
          $msg.get("watchlist.staytuned.email.frequency"):
          $profileDoc.display("interval", "edit")
          &lt;input type="hidden" name="xredirect" id="xredirect" value="$doc.getURL("view")" /&gt;
          &lt;span class="buttonwrapper"&gt;&lt;input type="submit" value="$msg.get('watchlist.staytuned.email.frequency.save')" class="button"/&gt;&lt;/span&gt;
          &lt;/fieldset&gt;
        &lt;/form&gt;
        &lt;/div&gt;
        &lt;div style="width:48%;float:right;"&gt;
        &lt;h2&gt;$msg.get("watchlist.staytuned.rss")&lt;/h2&gt;
        &lt;a rel="_blank" href="$xwiki.getURL("XWiki.WatchListRss", "view", "xpage=plain&amp;amp;outputSyntax=plain")" style="padding-left:16px;background:url('$xwiki.getSkinFile('icons/black-rss-mini2.png')') left no-repeat;font-weight:bold;"&gt;$msg.get("watchlist.staytuned.rss.info")&lt;/a&gt;&lt;br/&gt;
        &lt;br/&gt;
        &lt;/div&gt;
        &lt;div style="clear:both;"&gt;&lt;/div&gt;
    &lt;/div&gt;
    ##
    ## Watched elements
    ##
    &lt;div class="padded"&gt;
        ##
        ## Pages
        ##
        1 $msg.get("watchlist.elements")
        &lt;h2&gt;$msg.get("watchlist.pages")&lt;/h2&gt;
        &lt;table id="searchTable1" class="grid sortable filterable doOddEven"&gt;
        &lt;tr class="sortHeader"&gt;
            &lt;th&gt;$msg.get("watchlist.page")&lt;/th&gt;
            &lt;th style="width:140px" class="selectFilter"&gt;$msg.get("watchlist.space")&lt;/th&gt;
            &lt;th style="width:180px" class="unsortable noFilter"&gt;$msg.get("watchlist.actions")&lt;/th&gt;
        &lt;/tr&gt;
        #set ($wlist = $xwiki.watchlist.getWatchedDocuments())
        #foreach($item in $wlist)
            #if ($item != "")
            &lt;tr&gt;
                #set ($idoc = $xwiki.getDocument($item))
                #if (!$idoc.isNew())
                &lt;td&gt;&lt;a href="$idoc.getURL()"&gt;$idoc.getDisplayTitle().replaceAll("[^\\.,:]+:", "")&lt;/a&gt;&lt;/td&gt;
                &lt;td&gt;$idoc.space&lt;/td&gt;
                &lt;td&gt;&lt;a href="$doc.getURL("view", "removedocument=${item}")" title="$msg.get("watchlist.delete.tooltip")"&gt;$msg.get("watchlist.delete")&lt;/a&gt;&lt;/td&gt;
                #else
                  #if ($isMyProfile)
                    #set ($ret = $xwiki.watchlist.removeDocument($item))
                  #else
                    #set ($ret = $xwiki.watchlist.removeDocumentForUser($profileDoc.fullName, $item))
                  #end
                #end
            &lt;/tr&gt;
            #end
        #end
        &lt;/table&gt;
        ##
        ## Spaces
        ##
        &lt;h2&gt;$msg.get("watchlist.spaces")&lt;/h2&gt;
        &lt;table id="searchTable2" class="grid sortable doOddEven"&gt;
        &lt;tr class=""&gt;
            &lt;th&gt;$msg.get("watchlist.space")&lt;/th&gt;
            &lt;th style="width:180px" class="unsortable noFilter"&gt;$msg.get("watchlist.actions")&lt;/th&gt;
        &lt;/tr&gt;
        #set ($wlist = $xwiki.watchlist.getWatchedSpaces())
        #foreach($item in $wlist)
            #if ($item != "")
            &lt;tr&gt;
                &lt;td&gt;$item.replaceAll("[^\\.,:]+:", "")&lt;/td&gt;
                &lt;td&gt;&lt;a href="$doc.getURL("view", "removespace=${item}")" title="$msg.get("watchlist.delete.tooltip")"&gt;$msg.get("watchlist.delete")&lt;/a&gt;&lt;/td&gt;
            &lt;/tr&gt;
            #end
        #end
        &lt;/table&gt;
    &lt;/div&gt;
#end</content>
</xwikidoc>
