<?xml version="1.0" encoding="UTF-8"?>

<xwikidoc>
<web>XWiki</web>
<name>WatchListClass</name>
<language></language>
<defaultLanguage></defaultLanguage>
<translation>0</translation>
<parent>XWiki.XWikiClasses</parent>
<creator>superadmin</creator>
<author>superadmin</author>
<customClass></customClass>
<contentAuthor>superadmin</contentAuthor>
<creationDate>1263816319000</creationDate>
<date>1263816319000</date>
<contentUpdateDate>1263816319000</contentUpdateDate>
<version>1.1</version>
<title>XWiki WatchList Notification Rules Class</title>
<template></template>
<defaultTemplate></defaultTemplate>
<validationScript></validationScript>
<comment></comment>
<minorEdit>true</minorEdit>
<syntaxId>xwiki/2.0</syntaxId>
<hidden>false</hidden>
<class>
<name>XWiki.WatchListClass</name>
<customClass></customClass>
<customMapping></customMapping>
<defaultViewSheet></defaultViewSheet>
<defaultEditSheet></defaultEditSheet>
<defaultWeb></defaultWeb>
<nameField></nameField>
<validationScript></validationScript>
<documents>
<name>documents</name>
<number>4</number>
<prettyName>Document list</prettyName>
<rows>5</rows>
<size>80</size>
<unmodifiable>0</unmodifiable>
<classType>com.xpn.xwiki.objects.classes.TextAreaClass</classType>
</documents>
<interval>
<cache>0</cache>
<displayType>select</displayType>
<multiSelect>0</multiSelect>
<name>interval</name>
<number>1</number>
<prettyName>Email notifications interval</prettyName>
<relationalStorage>0</relationalStorage>
<separator> </separator>
<separators> ,|</separators>
<size>1</size>
<unmodifiable>0</unmodifiable>
<values>Scheduler.WatchListWeeklyNotifier|Scheduler.WatchListHourlyNotifier|Scheduler.WatchListDailyNotifier</values>
<classType>com.xpn.xwiki.objects.classes.StaticListClass</classType>
</interval>
<spaces>
<name>spaces</name>
<number>3</number>
<prettyName>Space list</prettyName>
<rows>5</rows>
<size>80</size>
<unmodifiable>0</unmodifiable>
<classType>com.xpn.xwiki.objects.classes.TextAreaClass</classType>
</spaces>
<users>
<name>users</name>
<number>5</number>
<prettyName>User list</prettyName>
<rows>5</rows>
<size>80</size>
<unmodifiable>0</unmodifiable>
<classType>com.xpn.xwiki.objects.classes.TextAreaClass</classType>
</users>
<wikis>
<name>wikis</name>
<number>2</number>
<prettyName>Wiki list</prettyName>
<rows>5</rows>
<size>80</size>
<unmodifiable>0</unmodifiable>
<classType>com.xpn.xwiki.objects.classes.TextAreaClass</classType>
</wikis>
</class>
<content>{{include document="XWiki.ClassSheet" /}}</content>
</xwikidoc>
