<?xml version="1.0" encoding="UTF-8"?>

<xwikidoc>
<web>XWiki</web>
<name>WikiMacroClass</name>
<language></language>
<defaultLanguage></defaultLanguage>
<translation>0</translation>
<parent>XWiki.WebHome</parent>
<creator>superadmin</creator>
<author>superadmin</author>
<customClass></customClass>
<contentAuthor>superadmin</contentAuthor>
<creationDate>1263816319000</creationDate>
<date>1263816319000</date>
<contentUpdateDate>1263816319000</contentUpdateDate>
<version>1.1</version>
<title>XWiki Wiki Macro Class</title>
<template></template>
<defaultTemplate></defaultTemplate>
<validationScript></validationScript>
<comment></comment>
<minorEdit>false</minorEdit>
<syntaxId>xwiki/2.0</syntaxId>
<hidden>false</hidden>
<class>
<name>XWiki.WikiMacroClass</name>
<customClass></customClass>
<customMapping></customMapping>
<defaultViewSheet></defaultViewSheet>
<defaultEditSheet></defaultEditSheet>
<defaultWeb></defaultWeb>
<nameField></nameField>
<validationScript></validationScript>
<code>
<name>code</name>
<number>8</number>
<prettyName>Macro code</prettyName>
<rows>20</rows>
<size>40</size>
<unmodifiable>0</unmodifiable>
<classType>com.xpn.xwiki.objects.classes.TextAreaClass</classType>
</code>
<contentDescription>
<name>contentDescription</name>
<number>7</number>
<prettyName>Content description (Not applicable for "No content" type)</prettyName>
<rows>5</rows>
<size>40</size>
<unmodifiable>0</unmodifiable>
<classType>com.xpn.xwiki.objects.classes.TextAreaClass</classType>
</contentDescription>
<contentType>
<cache>0</cache>
<displayType>select</displayType>
<multiSelect>0</multiSelect>
<name>contentType</name>
<number>6</number>
<prettyName>Macro content type</prettyName>
<relationalStorage>0</relationalStorage>
<separator>|</separator>
<separators>|</separators>
<size>1</size>
<unmodifiable>0</unmodifiable>
<values>Mandatory|Optional|No content</values>
<classType>com.xpn.xwiki.objects.classes.StaticListClass</classType>
</contentType>
<defaultCategory>
<name>defaultCategory</name>
<number>4</number>
<prettyName>Default category</prettyName>
<size>30</size>
<unmodifiable>0</unmodifiable>
<classType>com.xpn.xwiki.objects.classes.StringClass</classType>
</defaultCategory>
<description>
<name>description</name>
<number>3</number>
<prettyName>Macro description</prettyName>
<rows>5</rows>
<size>40</size>
<unmodifiable>0</unmodifiable>
<classType>com.xpn.xwiki.objects.classes.TextAreaClass</classType>
</description>
<id>
<name>id</name>
<number>1</number>
<prettyName>Macro id</prettyName>
<size>30</size>
<unmodifiable>0</unmodifiable>
<classType>com.xpn.xwiki.objects.classes.StringClass</classType>
</id>
<name>
<name>name</name>
<number>2</number>
<prettyName>Macro name</prettyName>
<size>30</size>
<unmodifiable>0</unmodifiable>
<classType>com.xpn.xwiki.objects.classes.StringClass</classType>
</name>
<supportsInlineMode>
<displayFormType>select</displayFormType>
<displayType>yesno</displayType>
<name>supportsInlineMode</name>
<number>5</number>
<prettyName>Supports inline mode</prettyName>
<unmodifiable>0</unmodifiable>
<classType>com.xpn.xwiki.objects.classes.BooleanClass</classType>
</supportsInlineMode>
</class>
<content>{{include document="XWiki.ClassSheet" /}}</content>
</xwikidoc>
