<?xml version="1.0" encoding="UTF-8"?>

<xwikidoc>
<web>XWiki</web>
<name>WikiMacroParameterClass</name>
<language></language>
<defaultLanguage></defaultLanguage>
<translation>0</translation>
<parent>XWiki.WebHome</parent>
<creator>superadmin</creator>
<author>superadmin</author>
<customClass></customClass>
<contentAuthor>superadmin</contentAuthor>
<creationDate>1263816319000</creationDate>
<date>1263816319000</date>
<contentUpdateDate>1263816319000</contentUpdateDate>
<version>1.1</version>
<title>XWiki Wiki Macro Parameter Class</title>
<template></template>
<defaultTemplate></defaultTemplate>
<validationScript></validationScript>
<comment></comment>
<minorEdit>false</minorEdit>
<syntaxId>xwiki/2.0</syntaxId>
<hidden>false</hidden>
<class>
<name>XWiki.WikiMacroParameterClass</name>
<customClass></customClass>
<customMapping></customMapping>
<defaultViewSheet></defaultViewSheet>
<defaultEditSheet></defaultEditSheet>
<defaultWeb></defaultWeb>
<nameField></nameField>
<validationScript></validationScript>
<description>
<name>description</name>
<number>2</number>
<prettyName>Parameter description</prettyName>
<rows>5</rows>
<size>40</size>
<unmodifiable>0</unmodifiable>
<classType>com.xpn.xwiki.objects.classes.TextAreaClass</classType>
</description>
<mandatory>
<displayFormType>select</displayFormType>
<displayType>yesno</displayType>
<name>mandatory</name>
<number>3</number>
<prettyName>Parameter mandatory</prettyName>
<unmodifiable>0</unmodifiable>
<classType>com.xpn.xwiki.objects.classes.BooleanClass</classType>
</mandatory>
<name>
<name>name</name>
<number>1</number>
<prettyName>Parameter name</prettyName>
<size>30</size>
<unmodifiable>0</unmodifiable>
<classType>com.xpn.xwiki.objects.classes.StringClass</classType>
</name>
</class>
<content>{{include document="XWiki.ClassSheet" /}}</content>
</xwikidoc>
