<?xml version="1.0" encoding="UTF-8"?>

<xwikidoc>
<web>XWiki</web>
<name>XWikiSkins</name>
<language></language>
<defaultLanguage></defaultLanguage>
<translation>0</translation>
<parent>XWiki.XWikiClasses</parent>
<creator>superadmin</creator>
<author>superadmin</author>
<customClass></customClass>
<contentAuthor>superadmin</contentAuthor>
<creationDate>1263816318000</creationDate>
<date>1263816318000</date>
<contentUpdateDate>1263816318000</contentUpdateDate>
<version>1.1</version>
<title>XWiki Skin Class</title>
<template></template>
<defaultTemplate></defaultTemplate>
<validationScript></validationScript>
<comment></comment>
<minorEdit>false</minorEdit>
<syntaxId>xwiki/2.0</syntaxId>
<hidden>false</hidden>
<class>
<name>XWiki.XWikiSkins</name>
<customClass></customClass>
<customMapping></customMapping>
<defaultViewSheet></defaultViewSheet>
<defaultEditSheet></defaultEditSheet>
<defaultWeb></defaultWeb>
<nameField></nameField>
<validationScript></validationScript>
<baseskin>
<name>baseskin</name>
<number>2</number>
<prettyName>Base Skin</prettyName>
<size>30</size>
<unmodifiable>0</unmodifiable>
<classType>com.xpn.xwiki.objects.classes.StringClass</classType>
</baseskin>
<edit.vm>
<name>edit.vm</name>
<number>9</number>
<prettyName>Edit</prettyName>
<rows>15</rows>
<size>80</size>
<unmodifiable>0</unmodifiable>
<classType>com.xpn.xwiki.objects.classes.TextAreaClass</classType>
</edit.vm>
<footer.vm>
<name>footer.vm</name>
<number>6</number>
<prettyName>Footer</prettyName>
<rows>15</rows>
<size>80</size>
<unmodifiable>0</unmodifiable>
<classType>com.xpn.xwiki.objects.classes.TextAreaClass</classType>
</footer.vm>
<header.vm>
<name>header.vm</name>
<number>5</number>
<prettyName>Header</prettyName>
<rows>15</rows>
<size>80</size>
<unmodifiable>0</unmodifiable>
<classType>com.xpn.xwiki.objects.classes.TextAreaClass</classType>
</header.vm>
<logo>
<name>logo</name>
<number>3</number>
<prettyName>Logo</prettyName>
<size>30</size>
<unmodifiable>0</unmodifiable>
<classType>com.xpn.xwiki.objects.classes.StringClass</classType>
</logo>
<name>
<name>name</name>
<number>1</number>
<prettyName>Name</prettyName>
<size>30</size>
<unmodifiable>0</unmodifiable>
<classType>com.xpn.xwiki.objects.classes.StringClass</classType>
</name>
<style.css>
<name>style.css</name>
<number>4</number>
<prettyName>Style</prettyName>
<rows>15</rows>
<size>80</size>
<unmodifiable>0</unmodifiable>
<classType>com.xpn.xwiki.objects.classes.TextAreaClass</classType>
</style.css>
<view.vm>
<name>view.vm</name>
<number>8</number>
<prettyName>View</prettyName>
<rows>15</rows>
<size>80</size>
<unmodifiable>0</unmodifiable>
<classType>com.xpn.xwiki.objects.classes.TextAreaClass</classType>
</view.vm>
<viewheader.vm>
<name>viewheader.vm</name>
<number>7</number>
<prettyName>View Header</prettyName>
<rows>15</rows>
<size>80</size>
<unmodifiable>0</unmodifiable>
<classType>com.xpn.xwiki.objects.classes.TextAreaClass</classType>
</viewheader.vm>
</class>
<content>{{include document="XWiki.ClassSheet" /}}</content>
</xwikidoc>
