<?xml version="1.0" encoding="UTF-8"?>

<xwikidoc>
<web>XWiki</web>
<name>XWikiClasses</name>
<language></language>
<defaultLanguage>en</defaultLanguage>
<translation>0</translation>
<parent>XWiki.WebHome</parent>
<creator>XWiki.Admin</creator>
<author>XWiki.Admin</author>
<customClass></customClass>
<contentAuthor>XWiki.Admin</contentAuthor>
<creationDate>1252454400000</creationDate>
<date>1252454400000</date>
<contentUpdateDate>1252454400000</contentUpdateDate>
<version>1.1</version>
<title>Data types</title>
<template></template>
<defaultTemplate></defaultTemplate>
<validationScript></validationScript>
<comment></comment>
<minorEdit>false</minorEdit>
<syntaxId>xwiki/2.0</syntaxId>
<hidden>false</hidden>
<content>{{velocity}}
#if($request.space &amp;&amp; $request.name)
  #if($request.name.endsWith("Class"))
    #set($targetClassName="${request.space}.${request.name}")
  #else
    #set($targetClassName="${request.space}.${request.name}Class")
  #end
  #if($xwiki.hasAccessLevel('edit', $context.user, $targetClassName))
    $response.sendRedirect($xwiki.getURL($context.util.noaccents($targetClassName), 'edit', "editor=wiki&amp;template=$!{request.template}&amp;sheet=$!{request.sheet}&amp;parent=$!{request.parent}"))
    ## Stop processing, since we already sent a redirect.
    #stop
  #end
#end
{{/velocity}}
This tool allows to define structured data types (classes) in your wiki. Please consult the [[developer's guide&gt;&gt;http://www.xwiki.org/xwiki/bin/view/DevGuide/WebHome]] to get familiar with the XWiki data model and the public APIs.

= Templates for new data types =

Here are the templates and sheets for creating new classes:

* [[Default code for displaying a class&gt;&gt;ClassSheet]]
* [[Document template for new classes&gt;&gt;ClassTemplate]]
* [[Default code for displaying class instances (objects)&gt;&gt;ObjectSheet]]
* [[Document template for new objects&gt;&gt;ObjectTemplate]]

= Create a new data type =

Choose a simple name, such as //Article//, //Book//, //Employee//. '//Class//' will be appended at the end automatically.

{{velocity}}
#if("$!{targetClassName}" != ''){{warning}}You don't have permission to create that class{{/warning}}#end

{{html}}
&lt;form action="$doc.URL" method="post"&gt;
  &lt;div&gt;
    &lt;input type="hidden" name="parent" value="XWiki.XWikiClasses"/&gt;
    &lt;input type="hidden" name="template" value="XWiki.ClassTemplate"/&gt;
    &lt;input type="hidden" name="sheet" value="1"/&gt;
    Space: &lt;input type="text" name="space" value="XWiki"/&gt;
    Class: &lt;input type="text" name="name" value="Name of the class" class="withTip"/&gt;
    &lt;span class="buttonwrapper"&gt;&lt;input type="submit" value="Create this Class" class="button"/&gt;&lt;/span&gt;
  &lt;/div&gt;
&lt;/form&gt;
{{/html}}{{/velocity}}

= Data types defined in this wiki =

{{velocity}}
##
## Existing classes are enumerated, grouped by space name.
## The list is already sorted alphabetically
##
#set($prevSpace = '')
#foreach ($classname in $xwiki.classList)
    #set($classdoc = $xwiki.getDocument($classname))
    #if($classdoc.space != $prevSpace)
      ; [[$classdoc.space&gt;&gt;${classdoc.space}.WebHome]] space:
      #set($prevSpace = $classdoc.space)
    #end
    : [[$classdoc.name&gt;&gt;$classdoc.fullName]]
#end
{{/velocity}}
</content></xwikidoc>