<?xml version="1.0" encoding="UTF-8"?>

<xwikidoc>
<web>XWiki</web>
<name>XWikiAllGroup</name>
<language></language>
<defaultLanguage>en</defaultLanguage>
<translation>0</translation>
<parent>XWiki.XWikiGroups</parent>
<creator>XWiki.Admin</creator>
<author>XWiki.Admin</author>
<customClass></customClass>
<contentAuthor>XWiki.Admin</contentAuthor>
<creationDate>1106311621000</creationDate>
<date>1296651789000</date>
<contentUpdateDate>1296651789000</contentUpdateDate>
<version>19.1</version>
<title></title>
<template></template>
<defaultTemplate></defaultTemplate>
<validationScript></validationScript>
<comment></comment>
<minorEdit>false</minorEdit>
<syntaxId>xwiki/1.0</syntaxId>
<hidden>false</hidden>
<object>
<class>
<name>XWiki.TagClass</name>
<customClass></customClass>
<customMapping></customMapping>
<defaultViewSheet></defaultViewSheet>
<defaultEditSheet></defaultEditSheet>
<defaultWeb></defaultWeb>
<nameField></nameField>
<validationScript></validationScript>
<tags>
<cache>0</cache>
<displayType>checkbox</displayType>
<multiSelect>1</multiSelect>
<name>tags</name>
<number>1</number>
<prettyName>Tags</prettyName>
<relationalStorage>1</relationalStorage>
<separator> </separator>
<separators> ,|</separators>
<size>30</size>
<unmodifiable>0</unmodifiable>
<values></values>
<classType>com.xpn.xwiki.objects.classes.StaticListClass</classType>
</tags>
</class>
<name>XWiki.XWikiAllGroup</name>
<number>0</number>
<className>XWiki.TagClass</className>
<guid>2fb62712-f401-4ca7-b2f8-0b23559d2c0f</guid>
<property>
<tags/>
</property>
</object>
<object>
<class>
<name>XWiki.XWikiGroups</name>
<customClass></customClass>
<customMapping></customMapping>
<defaultViewSheet></defaultViewSheet>
<defaultEditSheet></defaultEditSheet>
<defaultWeb></defaultWeb>
<nameField></nameField>
<validationScript></validationScript>
<member>
<name>member</name>
<number>1</number>
<prettyName>Member</prettyName>
<size>30</size>
<unmodifiable>0</unmodifiable>
<classType>com.xpn.xwiki.objects.classes.StringClass</classType>
</member>
</class>
<name>XWiki.XWikiAllGroup</name>
<number>0</number>
<className>XWiki.XWikiGroups</className>
<guid>2a75be72-5d84-4d53-a381-e571702c4234</guid>
<property>
<member>XWiki.Admin</member>
</property>
</object>
<object>
<class>
<name>XWiki.XWikiGroups</name>
<customClass></customClass>
<customMapping></customMapping>
<defaultViewSheet></defaultViewSheet>
<defaultEditSheet></defaultEditSheet>
<defaultWeb></defaultWeb>
<nameField></nameField>
<validationScript></validationScript>
<member>
<name>member</name>
<number>1</number>
<prettyName>Member</prettyName>
<size>30</size>
<unmodifiable>0</unmodifiable>
<classType>com.xpn.xwiki.objects.classes.StringClass</classType>
</member>
</class>
<name>XWiki.XWikiAllGroup</name>
<number>1</number>
<className>XWiki.XWikiGroups</className>
<guid>4cb53a95-b9e2-4975-918c-27bbfa9b1d9a</guid>
<property>
<member>XWiki.Lars</member>
</property>
</object>
<object>
<class>
<name>XWiki.XWikiGroups</name>
<customClass></customClass>
<customMapping></customMapping>
<defaultViewSheet></defaultViewSheet>
<defaultEditSheet></defaultEditSheet>
<defaultWeb></defaultWeb>
<nameField></nameField>
<validationScript></validationScript>
<member>
<name>member</name>
<number>1</number>
<prettyName>Member</prettyName>
<size>30</size>
<unmodifiable>0</unmodifiable>
<classType>com.xpn.xwiki.objects.classes.StringClass</classType>
</member>
</class>
<name>XWiki.XWikiAllGroup</name>
<number>2</number>
<className>XWiki.XWikiGroups</className>
<guid>3f4ff7bb-e990-475e-9220-9e03abaef367</guid>
<property>
<member>XWiki.Alex</member>
</property>
</object>
<object>
<class>
<name>XWiki.XWikiGroups</name>
<customClass></customClass>
<customMapping></customMapping>
<defaultViewSheet></defaultViewSheet>
<defaultEditSheet></defaultEditSheet>
<defaultWeb></defaultWeb>
<nameField></nameField>
<validationScript></validationScript>
<member>
<name>member</name>
<number>1</number>
<prettyName>Member</prettyName>
<size>30</size>
<unmodifiable>0</unmodifiable>
<classType>com.xpn.xwiki.objects.classes.StringClass</classType>
</member>
</class>
<name>XWiki.XWikiAllGroup</name>
<number>9</number>
<className>XWiki.XWikiGroups</className>
<guid>f929440a-2312-4958-8913-6cfabb7ae3b9</guid>
<property>
<member>XWiki.HarbMontero</member>
</property>
</object>
<object>
<class>
<name>XWiki.XWikiGroups</name>
<customClass></customClass>
<customMapping></customMapping>
<defaultViewSheet></defaultViewSheet>
<defaultEditSheet></defaultEditSheet>
<defaultWeb></defaultWeb>
<nameField></nameField>
<validationScript></validationScript>
<member>
<name>member</name>
<number>1</number>
<prettyName>Member</prettyName>
<size>30</size>
<unmodifiable>0</unmodifiable>
<classType>com.xpn.xwiki.objects.classes.StringClass</classType>
</member>
</class>
<name>XWiki.XWikiAllGroup</name>
<number>20</number>
<className>XWiki.XWikiGroups</className>
<guid>1de83870-ff22-4201-8852-057bd9a7be36</guid>
<property>
<member>XWiki.cpena</member>
</property>
</object>
<object>
<class>
<name>XWiki.XWikiGroups</name>
<customClass></customClass>
<customMapping></customMapping>
<defaultViewSheet></defaultViewSheet>
<defaultEditSheet></defaultEditSheet>
<defaultWeb></defaultWeb>
<nameField></nameField>
<validationScript></validationScript>
<member>
<name>member</name>
<number>1</number>
<prettyName>Member</prettyName>
<size>30</size>
<unmodifiable>0</unmodifiable>
<classType>com.xpn.xwiki.objects.classes.StringClass</classType>
</member>
</class>
<name>XWiki.XWikiAllGroup</name>
<number>21</number>
<className>XWiki.XWikiGroups</className>
<guid>4ff84419-0009-4c35-8c10-62f68323571d</guid>
<property>
<member>XWiki.kated</member>
</property>
</object>
<object>
<class>
<name>XWiki.XWikiGroups</name>
<customClass></customClass>
<customMapping></customMapping>
<defaultViewSheet></defaultViewSheet>
<defaultEditSheet></defaultEditSheet>
<defaultWeb></defaultWeb>
<nameField></nameField>
<validationScript></validationScript>
<member>
<name>member</name>
<number>1</number>
<prettyName>Member</prettyName>
<size>30</size>
<unmodifiable>0</unmodifiable>
<classType>com.xpn.xwiki.objects.classes.StringClass</classType>
</member>
</class>
<name>XWiki.XWikiAllGroup</name>
<number>22</number>
<className>XWiki.XWikiGroups</className>
<guid>bc7be965-1849-4322-893d-61fd323b960b</guid>
<property>
<member>XWiki.nadinet</member>
</property>
</object>
<object>
<class>
<name>XWiki.XWikiGroups</name>
<customClass></customClass>
<customMapping></customMapping>
<defaultViewSheet></defaultViewSheet>
<defaultEditSheet></defaultEditSheet>
<defaultWeb></defaultWeb>
<nameField></nameField>
<validationScript></validationScript>
<member>
<name>member</name>
<number>1</number>
<prettyName>Member</prettyName>
<size>30</size>
<unmodifiable>0</unmodifiable>
<classType>com.xpn.xwiki.objects.classes.StringClass</classType>
</member>
</class>
<name>XWiki.XWikiAllGroup</name>
<number>23</number>
<className>XWiki.XWikiGroups</className>
<guid>d57cb4ae-345e-4d09-bafe-d38fc8717a5a</guid>
<property>
<member>XWiki.RiceBiore</member>
</property>
</object>
<object>
<class>
<name>XWiki.XWikiGroups</name>
<customClass></customClass>
<customMapping></customMapping>
<defaultViewSheet></defaultViewSheet>
<defaultEditSheet></defaultEditSheet>
<defaultWeb></defaultWeb>
<nameField></nameField>
<validationScript></validationScript>
<member>
<name>member</name>
<number>1</number>
<prettyName>Member</prettyName>
<size>30</size>
<unmodifiable>0</unmodifiable>
<classType>com.xpn.xwiki.objects.classes.StringClass</classType>
</member>
</class>
<name>XWiki.XWikiAllGroup</name>
<number>24</number>
<className>XWiki.XWikiGroups</className>
<guid>1776768f-baa9-438a-ad05-d3f4b2b0000e</guid>
<property>
<member>XWiki.Irrartulk</member>
</property>
</object>
<object>
<class>
<name>XWiki.XWikiGroups</name>
<customClass></customClass>
<customMapping></customMapping>
<defaultViewSheet></defaultViewSheet>
<defaultEditSheet></defaultEditSheet>
<defaultWeb></defaultWeb>
<nameField></nameField>
<validationScript></validationScript>
<member>
<name>member</name>
<number>1</number>
<prettyName>Member</prettyName>
<size>30</size>
<unmodifiable>0</unmodifiable>
<classType>com.xpn.xwiki.objects.classes.StringClass</classType>
</member>
</class>
<name>XWiki.XWikiAllGroup</name>
<number>25</number>
<className>XWiki.XWikiGroups</className>
<guid>2cd2c42d-501f-4e0a-afde-87c06752c0f1</guid>
<property>
<member>XWiki.HenryPaz</member>
</property>
</object>
<object>
<class>
<name>XWiki.XWikiGroups</name>
<customClass></customClass>
<customMapping></customMapping>
<defaultViewSheet></defaultViewSheet>
<defaultEditSheet></defaultEditSheet>
<defaultWeb></defaultWeb>
<nameField></nameField>
<validationScript></validationScript>
<member>
<name>member</name>
<number>1</number>
<prettyName>Member</prettyName>
<size>30</size>
<unmodifiable>0</unmodifiable>
<classType>com.xpn.xwiki.objects.classes.StringClass</classType>
</member>
</class>
<name>XWiki.XWikiAllGroup</name>
<number>26</number>
<className>XWiki.XWikiGroups</className>
<guid>75e22642-2504-4da9-9003-d41b562118eb</guid>
<property>
<member>XWiki.Valaymnneew</member>
</property>
</object>
<object>
<class>
<name>XWiki.XWikiGroups</name>
<customClass></customClass>
<customMapping></customMapping>
<defaultViewSheet></defaultViewSheet>
<defaultEditSheet></defaultEditSheet>
<defaultWeb></defaultWeb>
<nameField></nameField>
<validationScript></validationScript>
<member>
<name>member</name>
<number>1</number>
<prettyName>Member</prettyName>
<size>30</size>
<unmodifiable>0</unmodifiable>
<classType>com.xpn.xwiki.objects.classes.StringClass</classType>
</member>
</class>
<name>XWiki.XWikiAllGroup</name>
<number>27</number>
<className>XWiki.XWikiGroups</className>
<guid>95502a1c-cff7-4d9a-976a-97d27d846c58</guid>
<property>
<member>XWiki.soicinfussy</member>
</property>
</object>
<object>
<class>
<name>XWiki.XWikiGroups</name>
<customClass></customClass>
<customMapping></customMapping>
<defaultViewSheet></defaultViewSheet>
<defaultEditSheet></defaultEditSheet>
<defaultWeb></defaultWeb>
<nameField></nameField>
<validationScript></validationScript>
<member>
<name>member</name>
<number>1</number>
<prettyName>Member</prettyName>
<size>30</size>
<unmodifiable>0</unmodifiable>
<classType>com.xpn.xwiki.objects.classes.StringClass</classType>
</member>
</class>
<name>XWiki.XWikiAllGroup</name>
<number>28</number>
<className>XWiki.XWikiGroups</className>
<guid>8fb23ee7-c5c3-45cb-928e-7a587201077b</guid>
<property>
<member>XWiki.Groozybooford</member>
</property>
</object>
<object>
<class>
<name>XWiki.XWikiGroups</name>
<customClass></customClass>
<customMapping></customMapping>
<defaultViewSheet></defaultViewSheet>
<defaultEditSheet></defaultEditSheet>
<defaultWeb></defaultWeb>
<nameField></nameField>
<validationScript></validationScript>
<member>
<name>member</name>
<number>1</number>
<prettyName>Member</prettyName>
<size>30</size>
<unmodifiable>0</unmodifiable>
<classType>com.xpn.xwiki.objects.classes.StringClass</classType>
</member>
</class>
<name>XWiki.XWikiAllGroup</name>
<number>29</number>
<className>XWiki.XWikiGroups</className>
<guid>63332dad-2fa9-430a-8a32-bf0adb28315e</guid>
<property>
<member>XWiki.nipGlittysype</member>
</property>
</object>
<object>
<class>
<name>XWiki.XWikiGroups</name>
<customClass></customClass>
<customMapping></customMapping>
<defaultViewSheet></defaultViewSheet>
<defaultEditSheet></defaultEditSheet>
<defaultWeb></defaultWeb>
<nameField></nameField>
<validationScript></validationScript>
<member>
<name>member</name>
<number>1</number>
<prettyName>Member</prettyName>
<size>30</size>
<unmodifiable>0</unmodifiable>
<classType>com.xpn.xwiki.objects.classes.StringClass</classType>
</member>
</class>
<name>XWiki.XWikiAllGroup</name>
<number>30</number>
<className>XWiki.XWikiGroups</className>
<guid>9c7a3180-00f9-423f-a6c0-bcc24827d429</guid>
<property>
<member>XWiki.payclactutt</member>
</property>
</object>
<object>
<class>
<name>XWiki.XWikiGroups</name>
<customClass></customClass>
<customMapping></customMapping>
<defaultViewSheet></defaultViewSheet>
<defaultEditSheet></defaultEditSheet>
<defaultWeb></defaultWeb>
<nameField></nameField>
<validationScript></validationScript>
<member>
<name>member</name>
<number>1</number>
<prettyName>Member</prettyName>
<size>30</size>
<unmodifiable>0</unmodifiable>
<classType>com.xpn.xwiki.objects.classes.StringClass</classType>
</member>
</class>
<name>XWiki.XWikiAllGroup</name>
<number>31</number>
<className>XWiki.XWikiGroups</className>
<guid>51097f16-a103-4a92-8bbb-294f7493d56c</guid>
<property>
<member>XWiki.sawsgooma</member>
</property>
</object>
<object>
<class>
<name>XWiki.XWikiGroups</name>
<customClass></customClass>
<customMapping></customMapping>
<defaultViewSheet></defaultViewSheet>
<defaultEditSheet></defaultEditSheet>
<defaultWeb></defaultWeb>
<nameField></nameField>
<validationScript></validationScript>
<member>
<name>member</name>
<number>1</number>
<prettyName>Member</prettyName>
<size>30</size>
<unmodifiable>0</unmodifiable>
<classType>com.xpn.xwiki.objects.classes.StringClass</classType>
</member>
</class>
<name>XWiki.XWikiAllGroup</name>
<number>32</number>
<className>XWiki.XWikiGroups</className>
<guid>2ec82e61-df99-4ee0-a215-bf9a2ae3f987</guid>
<property>
<member>XWiki.orestecem</member>
</property>
</object>
<object>
<class>
<name>XWiki.XWikiGroups</name>
<customClass></customClass>
<customMapping></customMapping>
<defaultViewSheet></defaultViewSheet>
<defaultEditSheet></defaultEditSheet>
<defaultWeb></defaultWeb>
<nameField></nameField>
<validationScript></validationScript>
<member>
<name>member</name>
<number>1</number>
<prettyName>Member</prettyName>
<size>30</size>
<unmodifiable>0</unmodifiable>
<classType>com.xpn.xwiki.objects.classes.StringClass</classType>
</member>
</class>
<name>XWiki.XWikiAllGroup</name>
<number>33</number>
<className>XWiki.XWikiGroups</className>
<guid>b1bc77d0-1ae5-4362-873c-871968c8dbb6</guid>
<property>
<member>XWiki.RidoShieddy</member>
</property>
</object>
<object>
<class>
<name>XWiki.XWikiGroups</name>
<customClass></customClass>
<customMapping></customMapping>
<defaultViewSheet></defaultViewSheet>
<defaultEditSheet></defaultEditSheet>
<defaultWeb></defaultWeb>
<nameField></nameField>
<validationScript></validationScript>
<member>
<name>member</name>
<number>1</number>
<prettyName>Member</prettyName>
<size>30</size>
<unmodifiable>0</unmodifiable>
<classType>com.xpn.xwiki.objects.classes.StringClass</classType>
</member>
</class>
<name>XWiki.XWikiAllGroup</name>
<number>34</number>
<className>XWiki.XWikiGroups</className>
<guid>13870ca0-e0e6-4923-a97a-e4db20a5c986</guid>
<property>
<member>XWiki.milionfoloved</member>
</property>
</object>
<object>
<class>
<name>XWiki.XWikiGroups</name>
<customClass></customClass>
<customMapping></customMapping>
<defaultViewSheet></defaultViewSheet>
<defaultEditSheet></defaultEditSheet>
<defaultWeb></defaultWeb>
<nameField></nameField>
<validationScript></validationScript>
<member>
<name>member</name>
<number>1</number>
<prettyName>Member</prettyName>
<size>30</size>
<unmodifiable>0</unmodifiable>
<classType>com.xpn.xwiki.objects.classes.StringClass</classType>
</member>
</class>
<name>XWiki.XWikiAllGroup</name>
<number>35</number>
<className>XWiki.XWikiGroups</className>
<guid>ef2a7d36-0cd2-4333-9c71-bb58d34dca62</guid>
<property>
<member>XWiki.Hibiodafluoli</member>
</property>
</object>
<object>
<class>
<name>XWiki.XWikiGroups</name>
<customClass></customClass>
<customMapping></customMapping>
<defaultViewSheet></defaultViewSheet>
<defaultEditSheet></defaultEditSheet>
<defaultWeb></defaultWeb>
<nameField></nameField>
<validationScript></validationScript>
<member>
<name>member</name>
<number>1</number>
<prettyName>Member</prettyName>
<size>30</size>
<unmodifiable>0</unmodifiable>
<classType>com.xpn.xwiki.objects.classes.StringClass</classType>
</member>
</class>
<name>XWiki.XWikiAllGroup</name>
<number>36</number>
<className>XWiki.XWikiGroups</className>
<guid>9bb7638d-aba0-40ec-bb24-9971df33514b</guid>
<property>
<member>XWiki.ItalfDath</member>
</property>
</object>
<object>
<class>
<name>XWiki.XWikiGroups</name>
<customClass></customClass>
<customMapping></customMapping>
<defaultViewSheet></defaultViewSheet>
<defaultEditSheet></defaultEditSheet>
<defaultWeb></defaultWeb>
<nameField></nameField>
<validationScript></validationScript>
<member>
<name>member</name>
<number>1</number>
<prettyName>Member</prettyName>
<size>30</size>
<unmodifiable>0</unmodifiable>
<classType>com.xpn.xwiki.objects.classes.StringClass</classType>
</member>
</class>
<name>XWiki.XWikiAllGroup</name>
<number>37</number>
<className>XWiki.XWikiGroups</className>
<guid>aeddf9da-b5dd-4484-add8-d4a32c375383</guid>
<property>
<member>XWiki.LonOLyncRot</member>
</property>
</object>
<object>
<class>
<name>XWiki.XWikiGroups</name>
<customClass></customClass>
<customMapping></customMapping>
<defaultViewSheet></defaultViewSheet>
<defaultEditSheet></defaultEditSheet>
<defaultWeb></defaultWeb>
<nameField></nameField>
<validationScript></validationScript>
<member>
<name>member</name>
<number>1</number>
<prettyName>Member</prettyName>
<size>30</size>
<unmodifiable>0</unmodifiable>
<classType>com.xpn.xwiki.objects.classes.StringClass</classType>
</member>
</class>
<name>XWiki.XWikiAllGroup</name>
<number>38</number>
<className>XWiki.XWikiGroups</className>
<guid>4b3fd8ae-b5f4-439e-94fa-ddd9e238ad6e</guid>
<property>
<member>XWiki.pandoraJewelry2raph6</member>
</property>
</object>
<object>
<class>
<name>XWiki.XWikiGroups</name>
<customClass></customClass>
<customMapping></customMapping>
<defaultViewSheet></defaultViewSheet>
<defaultEditSheet></defaultEditSheet>
<defaultWeb></defaultWeb>
<nameField></nameField>
<validationScript></validationScript>
<member>
<name>member</name>
<number>1</number>
<prettyName>Member</prettyName>
<size>30</size>
<unmodifiable>0</unmodifiable>
<classType>com.xpn.xwiki.objects.classes.StringClass</classType>
</member>
</class>
<name>XWiki.XWikiAllGroup</name>
<number>39</number>
<className>XWiki.XWikiGroups</className>
<guid>62220337-7c4a-43ae-8017-1677a9fee473</guid>
<property>
<member>XWiki.ALDARACREAMS</member>
</property>
</object>
<object>
<class>
<name>XWiki.XWikiGroups</name>
<customClass></customClass>
<customMapping></customMapping>
<defaultViewSheet></defaultViewSheet>
<defaultEditSheet></defaultEditSheet>
<defaultWeb></defaultWeb>
<nameField></nameField>
<validationScript></validationScript>
<member>
<name>member</name>
<number>1</number>
<prettyName>Member</prettyName>
<size>30</size>
<unmodifiable>0</unmodifiable>
<classType>com.xpn.xwiki.objects.classes.StringClass</classType>
</member>
</class>
<name>XWiki.XWikiAllGroup</name>
<number>40</number>
<className>XWiki.XWikiGroups</className>
<guid>551b079c-d81a-4edc-ba20-b50263e48897</guid>
<property>
<member>XWiki.viagrakievppu</member>
</property>
</object>
<object>
<class>
<name>XWiki.XWikiGroups</name>
<customClass></customClass>
<customMapping></customMapping>
<defaultViewSheet></defaultViewSheet>
<defaultEditSheet></defaultEditSheet>
<defaultWeb></defaultWeb>
<nameField></nameField>
<validationScript></validationScript>
<member>
<name>member</name>
<number>1</number>
<prettyName>Member</prettyName>
<size>30</size>
<unmodifiable>0</unmodifiable>
<classType>com.xpn.xwiki.objects.classes.StringClass</classType>
</member>
</class>
<name>XWiki.XWikiAllGroup</name>
<number>41</number>
<className>XWiki.XWikiGroups</className>
<guid>ef25e43b-96dc-4427-8b8a-3dced3d366a7</guid>
<property>
<member>XWiki.Henrydkqj9</member>
</property>
</object>
<object>
<class>
<name>XWiki.XWikiGroups</name>
<customClass></customClass>
<customMapping></customMapping>
<defaultViewSheet></defaultViewSheet>
<defaultEditSheet></defaultEditSheet>
<defaultWeb></defaultWeb>
<nameField></nameField>
<validationScript></validationScript>
<member>
<name>member</name>
<number>1</number>
<prettyName>Member</prettyName>
<size>30</size>
<unmodifiable>0</unmodifiable>
<classType>com.xpn.xwiki.objects.classes.StringClass</classType>
</member>
</class>
<name>XWiki.XWikiAllGroup</name>
<number>42</number>
<className>XWiki.XWikiGroups</className>
<guid>4e02afed-19f4-404e-8ff2-ffac074314fc</guid>
<property>
<member>XWiki.licencjackiek973</member>
</property>
</object>
<object>
<class>
<name>XWiki.XWikiGroups</name>
<customClass></customClass>
<customMapping></customMapping>
<defaultViewSheet></defaultViewSheet>
<defaultEditSheet></defaultEditSheet>
<defaultWeb></defaultWeb>
<nameField></nameField>
<validationScript></validationScript>
<member>
<name>member</name>
<number>1</number>
<prettyName>Member</prettyName>
<size>30</size>
<unmodifiable>0</unmodifiable>
<classType>com.xpn.xwiki.objects.classes.StringClass</classType>
</member>
</class>
<name>XWiki.XWikiAllGroup</name>
<number>43</number>
<className>XWiki.XWikiGroups</className>
<guid>1e0077d1-0c7d-4a8c-a938-99a7573a2500</guid>
<property>
<member>XWiki.11111</member>
</property>
</object>
<object>
<class>
<name>XWiki.XWikiGroups</name>
<customClass></customClass>
<customMapping></customMapping>
<defaultViewSheet></defaultViewSheet>
<defaultEditSheet></defaultEditSheet>
<defaultWeb></defaultWeb>
<nameField></nameField>
<validationScript></validationScript>
<member>
<name>member</name>
<number>1</number>
<prettyName>Member</prettyName>
<size>30</size>
<unmodifiable>0</unmodifiable>
<classType>com.xpn.xwiki.objects.classes.StringClass</classType>
</member>
</class>
<name>XWiki.XWikiAllGroup</name>
<number>44</number>
<className>XWiki.XWikiGroups</className>
<guid>49513c48-0db6-4420-bce6-2dac2a817055</guid>
<property>
<member>XWiki.11112</member>
</property>
</object>
<object>
<class>
<name>XWiki.XWikiGroups</name>
<customClass></customClass>
<customMapping></customMapping>
<defaultViewSheet></defaultViewSheet>
<defaultEditSheet></defaultEditSheet>
<defaultWeb></defaultWeb>
<nameField></nameField>
<validationScript></validationScript>
<member>
<name>member</name>
<number>1</number>
<prettyName>Member</prettyName>
<size>30</size>
<unmodifiable>0</unmodifiable>
<classType>com.xpn.xwiki.objects.classes.StringClass</classType>
</member>
</class>
<name>XWiki.XWikiAllGroup</name>
<number>45</number>
<className>XWiki.XWikiGroups</className>
<guid>6deeff61-e95d-4c03-a9f6-1519962cbbe4</guid>
<property>
<member>XWiki.11113</member>
</property>
</object>
<object>
<class>
<name>XWiki.XWikiGroups</name>
<customClass></customClass>
<customMapping></customMapping>
<defaultViewSheet></defaultViewSheet>
<defaultEditSheet></defaultEditSheet>
<defaultWeb></defaultWeb>
<nameField></nameField>
<validationScript></validationScript>
<member>
<name>member</name>
<number>1</number>
<prettyName>Member</prettyName>
<size>30</size>
<unmodifiable>0</unmodifiable>
<classType>com.xpn.xwiki.objects.classes.StringClass</classType>
</member>
</class>
<name>XWiki.XWikiAllGroup</name>
<number>46</number>
<className>XWiki.XWikiGroups</className>
<guid>3cefdad7-6052-4f44-a328-920b1be75c1e</guid>
<property>
<member>XWiki.KakachodeMamahase</member>
</property>
</object>
<object>
<class>
<name>XWiki.XWikiGroups</name>
<customClass></customClass>
<customMapping></customMapping>
<defaultViewSheet></defaultViewSheet>
<defaultEditSheet></defaultEditSheet>
<defaultWeb></defaultWeb>
<nameField></nameField>
<validationScript></validationScript>
<member>
<name>member</name>
<number>1</number>
<prettyName>Member</prettyName>
<size>30</size>
<unmodifiable>0</unmodifiable>
<classType>com.xpn.xwiki.objects.classes.StringClass</classType>
</member>
</class>
<name>XWiki.XWikiAllGroup</name>
<number>47</number>
<className>XWiki.XWikiGroups</className>
<guid>8e6d54f0-680c-4898-b0db-76f2890c1263</guid>
<property>
<member>XWiki.SammyHazra</member>
</property>
</object>
<object>
<class>
<name>XWiki.XWikiGroups</name>
<customClass></customClass>
<customMapping></customMapping>
<defaultViewSheet></defaultViewSheet>
<defaultEditSheet></defaultEditSheet>
<defaultWeb></defaultWeb>
<nameField></nameField>
<validationScript></validationScript>
<member>
<name>member</name>
<number>1</number>
<prettyName>Member</prettyName>
<size>30</size>
<unmodifiable>0</unmodifiable>
<classType>com.xpn.xwiki.objects.classes.StringClass</classType>
</member>
</class>
<name>XWiki.XWikiAllGroup</name>
<number>48</number>
<className>XWiki.XWikiGroups</className>
<guid>cd125cf3-46e2-4d9e-9a59-da3849d7de10</guid>
<property>
<member>XWiki.DarrenSammy</member>
</property>
</object>
<object>
<class>
<name>XWiki.XWikiGroups</name>
<customClass></customClass>
<customMapping></customMapping>
<defaultViewSheet></defaultViewSheet>
<defaultEditSheet></defaultEditSheet>
<defaultWeb></defaultWeb>
<nameField></nameField>
<validationScript></validationScript>
<member>
<name>member</name>
<number>1</number>
<prettyName>Member</prettyName>
<size>30</size>
<unmodifiable>0</unmodifiable>
<classType>com.xpn.xwiki.objects.classes.StringClass</classType>
</member>
</class>
<name>XWiki.XWikiAllGroup</name>
<number>49</number>
<className>XWiki.XWikiGroups</className>
<guid>f1017c05-40b0-44f6-8f20-3fe2ee275275</guid>
<property>
<member>XWiki.DarreSammy</member>
</property>
</object>
<object>
<class>
<name>XWiki.XWikiGroups</name>
<customClass></customClass>
<customMapping></customMapping>
<defaultViewSheet></defaultViewSheet>
<defaultEditSheet></defaultEditSheet>
<defaultWeb></defaultWeb>
<nameField></nameField>
<validationScript></validationScript>
<member>
<name>member</name>
<number>1</number>
<prettyName>Member</prettyName>
<size>30</size>
<unmodifiable>0</unmodifiable>
<classType>com.xpn.xwiki.objects.classes.StringClass</classType>
</member>
</class>
<name>XWiki.XWikiAllGroup</name>
<number>50</number>
<className>XWiki.XWikiGroups</className>
<guid>dc8c5cf4-1592-4c13-b641-e128f20131e8</guid>
<property>
<member>XWiki.Darre1Sammy</member>
</property>
</object>
<object>
<class>
<name>XWiki.XWikiGroups</name>
<customClass></customClass>
<customMapping></customMapping>
<defaultViewSheet></defaultViewSheet>
<defaultEditSheet></defaultEditSheet>
<defaultWeb></defaultWeb>
<nameField></nameField>
<validationScript></validationScript>
<member>
<name>member</name>
<number>1</number>
<prettyName>Member</prettyName>
<size>30</size>
<unmodifiable>0</unmodifiable>
<classType>com.xpn.xwiki.objects.classes.StringClass</classType>
</member>
</class>
<name>XWiki.XWikiAllGroup</name>
<number>51</number>
<className>XWiki.XWikiGroups</className>
<guid>689ae330-f300-49ab-882b-9a14f3dfe2c6</guid>
<property>
<member>XWiki.Darre003Sammy</member>
</property>
</object>
<object>
<class>
<name>XWiki.XWikiGroups</name>
<customClass></customClass>
<customMapping></customMapping>
<defaultViewSheet></defaultViewSheet>
<defaultEditSheet></defaultEditSheet>
<defaultWeb></defaultWeb>
<nameField></nameField>
<validationScript></validationScript>
<member>
<name>member</name>
<number>1</number>
<prettyName>Member</prettyName>
<size>30</size>
<unmodifiable>0</unmodifiable>
<classType>com.xpn.xwiki.objects.classes.StringClass</classType>
</member>
</class>
<name>XWiki.XWikiAllGroup</name>
<number>52</number>
<className>XWiki.XWikiGroups</className>
<guid>edd75d68-8f7d-45bc-bc18-113c077d1d46</guid>
<property>
<member>XWiki.Evidlyroldirm</member>
</property>
</object>
<object>
<class>
<name>XWiki.XWikiGroups</name>
<customClass></customClass>
<customMapping></customMapping>
<defaultViewSheet></defaultViewSheet>
<defaultEditSheet></defaultEditSheet>
<defaultWeb></defaultWeb>
<nameField></nameField>
<validationScript></validationScript>
<member>
<name>member</name>
<number>1</number>
<prettyName>Member</prettyName>
<size>30</size>
<unmodifiable>0</unmodifiable>
<classType>com.xpn.xwiki.objects.classes.StringClass</classType>
</member>
</class>
<name>XWiki.XWikiAllGroup</name>
<number>53</number>
<className>XWiki.XWikiGroups</className>
<guid>559b6f31-220a-49dc-807d-4e458902879d</guid>
<property>
<member>XWiki.FresteOccarry</member>
</property>
</object>
<object>
<class>
<name>XWiki.XWikiGroups</name>
<customClass></customClass>
<customMapping></customMapping>
<defaultViewSheet></defaultViewSheet>
<defaultEditSheet></defaultEditSheet>
<defaultWeb></defaultWeb>
<nameField></nameField>
<validationScript></validationScript>
<member>
<name>member</name>
<number>1</number>
<prettyName>Member</prettyName>
<size>30</size>
<unmodifiable>0</unmodifiable>
<classType>com.xpn.xwiki.objects.classes.StringClass</classType>
</member>
</class>
<name>XWiki.XWikiAllGroup</name>
<number>54</number>
<className>XWiki.XWikiGroups</className>
<guid>38d44d08-6c9e-4521-8271-81713ecf87ee</guid>
<property>
<member>XWiki.Mourmouth</member>
</property>
</object>
<object>
<class>
<name>XWiki.XWikiGroups</name>
<customClass></customClass>
<customMapping></customMapping>
<defaultViewSheet></defaultViewSheet>
<defaultEditSheet></defaultEditSheet>
<defaultWeb></defaultWeb>
<nameField></nameField>
<validationScript></validationScript>
<member>
<name>member</name>
<number>1</number>
<prettyName>Member</prettyName>
<size>30</size>
<unmodifiable>0</unmodifiable>
<classType>com.xpn.xwiki.objects.classes.StringClass</classType>
</member>
</class>
<name>XWiki.XWikiAllGroup</name>
<number>55</number>
<className>XWiki.XWikiGroups</className>
<guid>d4044972-6327-49b9-8eab-a901eff91d1f</guid>
<property>
<member>XWiki.ALDARAUSCHEAP</member>
</property>
</object>
<object>
<class>
<name>XWiki.XWikiGroups</name>
<customClass></customClass>
<customMapping></customMapping>
<defaultViewSheet></defaultViewSheet>
<defaultEditSheet></defaultEditSheet>
<defaultWeb></defaultWeb>
<nameField></nameField>
<validationScript></validationScript>
<member>
<name>member</name>
<number>1</number>
<prettyName>Member</prettyName>
<size>30</size>
<unmodifiable>0</unmodifiable>
<classType>com.xpn.xwiki.objects.classes.StringClass</classType>
</member>
</class>
<name>XWiki.XWikiAllGroup</name>
<number>56</number>
<className>XWiki.XWikiGroups</className>
<guid>9091ded5-2c5d-48bd-8bc6-ab732f2091ad</guid>
<property>
<member>XWiki.ALDARAUSCHEA</member>
</property>
</object>
<object>
<class>
<name>XWiki.XWikiGroups</name>
<customClass></customClass>
<customMapping></customMapping>
<defaultViewSheet></defaultViewSheet>
<defaultEditSheet></defaultEditSheet>
<defaultWeb></defaultWeb>
<nameField></nameField>
<validationScript></validationScript>
<member>
<name>member</name>
<number>1</number>
<prettyName>Member</prettyName>
<size>30</size>
<unmodifiable>0</unmodifiable>
<classType>com.xpn.xwiki.objects.classes.StringClass</classType>
</member>
</class>
<name>XWiki.XWikiAllGroup</name>
<number>57</number>
<className>XWiki.XWikiGroups</className>
<guid>03b919ef-2c41-4b1c-a5f8-62c0db4736ca</guid>
<property>
<member>XWiki.MeeriaJifibra</member>
</property>
</object>
<object>
<class>
<name>XWiki.XWikiGroups</name>
<customClass></customClass>
<customMapping></customMapping>
<defaultViewSheet></defaultViewSheet>
<defaultEditSheet></defaultEditSheet>
<defaultWeb></defaultWeb>
<nameField></nameField>
<validationScript></validationScript>
<member>
<name>member</name>
<number>1</number>
<prettyName>Member</prettyName>
<size>30</size>
<unmodifiable>0</unmodifiable>
<classType>com.xpn.xwiki.objects.classes.StringClass</classType>
</member>
</class>
<name>XWiki.XWikiAllGroup</name>
<number>58</number>
<className>XWiki.XWikiGroups</className>
<guid>ed94bb77-5b3b-413c-bdac-9764f8a1f934</guid>
<property>
<member>XWiki.FmhoeFmhoe</member>
</property>
</object>
<object>
<class>
<name>XWiki.XWikiGroups</name>
<customClass></customClass>
<customMapping></customMapping>
<defaultViewSheet></defaultViewSheet>
<defaultEditSheet></defaultEditSheet>
<defaultWeb></defaultWeb>
<nameField></nameField>
<validationScript></validationScript>
<member>
<name>member</name>
<number>1</number>
<prettyName>Member</prettyName>
<size>30</size>
<unmodifiable>0</unmodifiable>
<classType>com.xpn.xwiki.objects.classes.StringClass</classType>
</member>
</class>
<name>XWiki.XWikiAllGroup</name>
<number>59</number>
<className>XWiki.XWikiGroups</className>
<guid>e8c779f4-9da3-4ffd-aa11-29e944d50e90</guid>
<property>
<member>XWiki.GindaGinda</member>
</property>
</object>
<object>
<class>
<name>XWiki.XWikiGroups</name>
<customClass></customClass>
<customMapping></customMapping>
<defaultViewSheet></defaultViewSheet>
<defaultEditSheet></defaultEditSheet>
<defaultWeb></defaultWeb>
<nameField></nameField>
<validationScript></validationScript>
<member>
<name>member</name>
<number>1</number>
<prettyName>Member</prettyName>
<size>30</size>
<unmodifiable>0</unmodifiable>
<classType>com.xpn.xwiki.objects.classes.StringClass</classType>
</member>
</class>
<name>XWiki.XWikiAllGroup</name>
<number>60</number>
<className>XWiki.XWikiGroups</className>
<guid>6c87972e-2a93-431e-8ae4-e8c8ee94cd5b</guid>
<property>
<member>XWiki.KnkvdKnkvd</member>
</property>
</object>
<object>
<class>
<name>XWiki.XWikiGroups</name>
<customClass></customClass>
<customMapping></customMapping>
<defaultViewSheet></defaultViewSheet>
<defaultEditSheet></defaultEditSheet>
<defaultWeb></defaultWeb>
<nameField></nameField>
<validationScript></validationScript>
<member>
<name>member</name>
<number>1</number>
<prettyName>Member</prettyName>
<size>30</size>
<unmodifiable>0</unmodifiable>
<classType>com.xpn.xwiki.objects.classes.StringClass</classType>
</member>
</class>
<name>XWiki.XWikiAllGroup</name>
<number>61</number>
<className>XWiki.XWikiGroups</className>
<guid>f553dee5-3b29-4f5b-94ab-bbf5babcba65</guid>
<property>
<member>XWiki.Lasonteroovfv5</member>
</property>
</object>
<object>
<class>
<name>XWiki.XWikiGroups</name>
<customClass></customClass>
<customMapping></customMapping>
<defaultViewSheet></defaultViewSheet>
<defaultEditSheet></defaultEditSheet>
<defaultWeb></defaultWeb>
<nameField></nameField>
<validationScript></validationScript>
<member>
<name>member</name>
<number>1</number>
<prettyName>Member</prettyName>
<size>30</size>
<unmodifiable>0</unmodifiable>
<classType>com.xpn.xwiki.objects.classes.StringClass</classType>
</member>
</class>
<name>XWiki.XWikiAllGroup</name>
<number>62</number>
<className>XWiki.XWikiGroups</className>
<guid>057bc383-fef2-411e-bdde-33465d195d3f</guid>
<property>
<member>XWiki.LabySehydayx</member>
</property>
</object>
<object>
<class>
<name>XWiki.XWikiGroups</name>
<customClass></customClass>
<customMapping></customMapping>
<defaultViewSheet></defaultViewSheet>
<defaultEditSheet></defaultEditSheet>
<defaultWeb></defaultWeb>
<nameField></nameField>
<validationScript></validationScript>
<member>
<name>member</name>
<number>1</number>
<prettyName>Member</prettyName>
<size>30</size>
<unmodifiable>0</unmodifiable>
<classType>com.xpn.xwiki.objects.classes.StringClass</classType>
</member>
</class>
<name>XWiki.XWikiAllGroup</name>
<number>63</number>
<className>XWiki.XWikiGroups</className>
<guid>6ead2020-5db9-4d8a-8a0e-b6d8286a7623</guid>
<property>
<member>XWiki.dfhdfgdf</member>
</property>
</object>
<content>#includeForm("XWiki.XWikiGroupSheet")</content>
</xwikidoc>
