<?xml version="1.0" encoding="UTF-8"?>

<xwikidoc>
<web>XWiki</web>
<name>XWikiPreferences</name>
<language></language>
<defaultLanguage>en</defaultLanguage>
<translation>0</translation>
<parent>XWiki.WebHome</parent>
<creator>XWiki.Admin</creator>
<author>XWiki.Alex</author>
<customClass></customClass>
<contentAuthor>XWiki.Alex</contentAuthor>
<creationDate>1106311617000</creationDate>
<date>1358436495000</date>
<contentUpdateDate>1358436495000</contentUpdateDate>
<version>9.30</version>
<title>XWiki Preferences</title>
<template></template>
<defaultTemplate></defaultTemplate>
<validationScript></validationScript>
<comment>deny register right for XWiki.XWikiAdminGroup</comment>
<minorEdit>true</minorEdit>
<syntaxId>xwiki/1.0</syntaxId>
<hidden>false</hidden>
<class>
<name>XWiki.XWikiPreferences</name>
<customClass></customClass>
<customMapping>internal</customMapping>
<defaultViewSheet></defaultViewSheet>
<defaultEditSheet></defaultEditSheet>
<defaultWeb></defaultWeb>
<nameField></nameField>
<validationScript></validationScript>
<ad_clientid>
<customDisplay></customDisplay>
<name>ad_clientid</name>
<number>25</number>
<prettyName>Advertisement Client ID</prettyName>
<size>60</size>
<tooltip></tooltip>
<unmodifiable>0</unmodifiable>
<validationMessage></validationMessage>
<validationRegExp></validationRegExp>
<classType>com.xpn.xwiki.objects.classes.StringClass</classType>
</ad_clientid>
<admin_email>
<customDisplay></customDisplay>
<name>admin_email</name>
<number>14</number>
<prettyName>Admin eMail</prettyName>
<size>30</size>
<tooltip></tooltip>
<unmodifiable>0</unmodifiable>
<validationMessage></validationMessage>
<validationRegExp></validationRegExp>
<classType>com.xpn.xwiki.objects.classes.StringClass</classType>
</admin_email>
<auth_active_check>
<customDisplay></customDisplay>
<defaultValue></defaultValue>
<displayFormType>select</displayFormType>
<displayType>yesno</displayType>
<name>auth_active_check</name>
<number>31</number>
<prettyName>Authentication Active Check</prettyName>
<tooltip></tooltip>
<unmodifiable>0</unmodifiable>
<validationMessage></validationMessage>
<validationRegExp></validationRegExp>
<classType>com.xpn.xwiki.objects.classes.BooleanClass</classType>
</auth_active_check>
<authenticate_edit>
<customDisplay></customDisplay>
<defaultValue></defaultValue>
<displayFormType>select</displayFormType>
<displayType>yesno</displayType>
<name>authenticate_edit</name>
<number>7</number>
<prettyName>Authenticate On Edit</prettyName>
<tooltip></tooltip>
<unmodifiable>0</unmodifiable>
<validationMessage></validationMessage>
<validationRegExp></validationRegExp>
<classType>com.xpn.xwiki.objects.classes.BooleanClass</classType>
</authenticate_edit>
<authenticate_view>
<customDisplay></customDisplay>
<defaultValue></defaultValue>
<displayFormType>select</displayFormType>
<displayType>yesno</displayType>
<name>authenticate_view</name>
<number>5</number>
<prettyName>Authenticated View</prettyName>
<tooltip></tooltip>
<unmodifiable>0</unmodifiable>
<validationMessage></validationMessage>
<validationRegExp></validationRegExp>
<classType>com.xpn.xwiki.objects.classes.BooleanClass</classType>
</authenticate_view>
<backlinks>
<customDisplay></customDisplay>
<defaultValue></defaultValue>
<displayFormType>select</displayFormType>
<displayType>yesno</displayType>
<name>backlinks</name>
<number>25</number>
<prettyName>Backlinks</prettyName>
<tooltip></tooltip>
<unmodifiable>0</unmodifiable>
<validationMessage></validationMessage>
<validationRegExp></validationRegExp>
<classType>com.xpn.xwiki.objects.classes.BooleanClass</classType>
</backlinks>
<colorTheme>
<cache>0</cache>
<displayType>select</displayType>
<multiSelect>0</multiSelect>
<name>colorTheme</name>
<number>76</number>
<prettyName>Color theme</prettyName>
<relationalStorage>0</relationalStorage>
<separator> </separator>
<size>1</size>
<sql>select doc.fullName, doc.title from XWikiDocument as doc, BaseObject as theme where doc.fullName=theme.name and theme.className='ColorThemes.ColorThemeClass' and doc.fullName&lt;&gt;'ColorThemes.ColorThemeTemplate'</sql>
<unmodifiable>0</unmodifiable>
<classType>com.xpn.xwiki.objects.classes.DBListClass</classType>
</colorTheme>
<comment_anonymous>
<cache>0</cache>
<customDisplay></customDisplay>
<displayType>select</displayType>
<multiSelect>0</multiSelect>
<name>comment_anonymous</name>
<number>39</number>
<picker></picker>
<prettyName>Anonymous</prettyName>
<relationalStorage>0</relationalStorage>
<separator> </separator>
<separators> ,|</separators>
<size>1</size>
<sort>none</sort>
<tooltip></tooltip>
<unmodifiable>0</unmodifiable>
<validationMessage></validationMessage>
<validationRegExp></validationRegExp>
<values>---|Image|Text</values>
<classType>com.xpn.xwiki.objects.classes.StaticListClass</classType>
</comment_anonymous>
<comment_registered>
<cache>0</cache>
<customDisplay></customDisplay>
<displayType>select</displayType>
<multiSelect>0</multiSelect>
<name>comment_registered</name>
<number>40</number>
<picker></picker>
<prettyName>Registered</prettyName>
<relationalStorage>0</relationalStorage>
<separator> </separator>
<separators> ,|</separators>
<size>1</size>
<sort>none</sort>
<tooltip></tooltip>
<unmodifiable>0</unmodifiable>
<validationMessage></validationMessage>
<validationRegExp></validationRegExp>
<values>---|Image|Text</values>
<classType>com.xpn.xwiki.objects.classes.StaticListClass</classType>
</comment_registered>
<confirmation_email_content>
<contenttype>FullyRenderedText</contenttype>
<customDisplay></customDisplay>
<editor>---</editor>
<name>confirmation_email_content</name>
<number>16</number>
<prettyName>Confirmation eMail Content</prettyName>
<rows>10</rows>
<size>72</size>
<tooltip></tooltip>
<unmodifiable>0</unmodifiable>
<validationMessage></validationMessage>
<validationRegExp></validationRegExp>
<classType>com.xpn.xwiki.objects.classes.TextAreaClass</classType>
</confirmation_email_content>
<convertmail>
<customDisplay></customDisplay>
<name>convertmail</name>
<number>50</number>
<prettyName>convert email type</prettyName>
<size>1</size>
<tooltip></tooltip>
<unmodifiable>0</unmodifiable>
<validationMessage></validationMessage>
<validationRegExp></validationRegExp>
<classType>com.xpn.xwiki.objects.classes.StringClass</classType>
</convertmail>
<core.defaultDocumentSyntax>
<name>core.defaultDocumentSyntax</name>
<number>59</number>
<prettyName>Default document syntax</prettyName>
<size>60</size>
<unmodifiable>0</unmodifiable>
<classType>com.xpn.xwiki.objects.classes.StringClass</classType>
</core.defaultDocumentSyntax>
<dateformat>
<name>dateformat</name>
<number>54</number>
<prettyName>Date Format</prettyName>
<size>30</size>
<unmodifiable>0</unmodifiable>
<classType>com.xpn.xwiki.objects.classes.StringClass</classType>
</dateformat>
<default_language>
<customDisplay></customDisplay>
<name>default_language</name>
<number>20</number>
<prettyName>Default Language</prettyName>
<size>5</size>
<tooltip></tooltip>
<unmodifiable>0</unmodifiable>
<validationMessage></validationMessage>
<validationRegExp></validationRegExp>
<classType>com.xpn.xwiki.objects.classes.StringClass</classType>
</default_language>
<documentBundles>
<customDisplay></customDisplay>
<name>documentBundles</name>
<number>52</number>
<prettyName>Internationalization Document Bundles</prettyName>
<size>60</size>
<tooltip></tooltip>
<unmodifiable>0</unmodifiable>
<validationMessage></validationMessage>
<validationRegExp></validationRegExp>
<classType>com.xpn.xwiki.objects.classes.StringClass</classType>
</documentBundles>
<edit_anonymous>
<cache>0</cache>
<customDisplay></customDisplay>
<displayType>select</displayType>
<multiSelect>0</multiSelect>
<name>edit_anonymous</name>
<number>37</number>
<picker></picker>
<prettyName>Anonymous</prettyName>
<relationalStorage>0</relationalStorage>
<separator> </separator>
<separators> ,|</separators>
<size>1</size>
<sort>none</sort>
<tooltip></tooltip>
<unmodifiable>0</unmodifiable>
<validationMessage></validationMessage>
<validationRegExp></validationRegExp>
<values>---|Image|Text</values>
<classType>com.xpn.xwiki.objects.classes.StaticListClass</classType>
</edit_anonymous>
<edit_registered>
<cache>0</cache>
<customDisplay></customDisplay>
<displayType>select</displayType>
<multiSelect>0</multiSelect>
<name>edit_registered</name>
<number>38</number>
<picker></picker>
<prettyName>Registered</prettyName>
<relationalStorage>0</relationalStorage>
<separator> </separator>
<separators> ,|</separators>
<size>1</size>
<sort>none</sort>
<tooltip></tooltip>
<unmodifiable>0</unmodifiable>
<validationMessage></validationMessage>
<validationRegExp></validationRegExp>
<values>---|Image|Text</values>
<classType>com.xpn.xwiki.objects.classes.StaticListClass</classType>
</edit_registered>
<editbox_height>
<customDisplay></customDisplay>
<name>editbox_height</name>
<number>24</number>
<prettyName>Editbox Height</prettyName>
<size>5</size>
<tooltip></tooltip>
<unmodifiable>0</unmodifiable>
<validationMessage></validationMessage>
<validationRegExp></validationRegExp>
<classType>com.xpn.xwiki.objects.classes.StringClass</classType>
</editbox_height>
<editbox_width>
<customDisplay></customDisplay>
<name>editbox_width</name>
<number>23</number>
<prettyName>Editbox Width</prettyName>
<size>5</size>
<tooltip></tooltip>
<unmodifiable>0</unmodifiable>
<validationMessage></validationMessage>
<validationRegExp></validationRegExp>
<classType>com.xpn.xwiki.objects.classes.StringClass</classType>
</editbox_width>
<editor>
<cache>0</cache>
<customDisplay></customDisplay>
<displayType>select</displayType>
<multiSelect>0</multiSelect>
<name>editor</name>
<number>23</number>
<picker></picker>
<prettyName>Default Editor</prettyName>
<relationalStorage>0</relationalStorage>
<separator> </separator>
<separators> ,|</separators>
<size>1</size>
<sort>none</sort>
<tooltip></tooltip>
<unmodifiable>0</unmodifiable>
<validationMessage></validationMessage>
<validationRegExp></validationRegExp>
<values>Text|Wysiwyg</values>
<classType>com.xpn.xwiki.objects.classes.StaticListClass</classType>
</editor>
<invitation_email_content>
<contenttype>FullyRenderedText</contenttype>
<customDisplay></customDisplay>
<editor>---</editor>
<name>invitation_email_content</name>
<number>34</number>
<prettyName>Invitation eMail Content</prettyName>
<rows>10</rows>
<size>72</size>
<tooltip></tooltip>
<unmodifiable>0</unmodifiable>
<validationMessage></validationMessage>
<validationRegExp></validationRegExp>
<classType>com.xpn.xwiki.objects.classes.TextAreaClass</classType>
</invitation_email_content>
<javamail_extra_props>
<name>javamail_extra_props</name>
<number>58</number>
<prettyName>Additional JavaMail properties</prettyName>
<rows>6</rows>
<size>60</size>
<unmodifiable>0</unmodifiable>
<classType>com.xpn.xwiki.objects.classes.TextAreaClass</classType>
</javamail_extra_props>
<languages>
<customDisplay></customDisplay>
<name>languages</name>
<number>49</number>
<prettyName>Supported languages</prettyName>
<size>30</size>
<tooltip></tooltip>
<unmodifiable>0</unmodifiable>
<validationMessage></validationMessage>
<validationRegExp></validationRegExp>
<classType>com.xpn.xwiki.objects.classes.StringClass</classType>
</languages>
<ldap>
<displayFormType>select</displayFormType>
<displayType>yesno</displayType>
<name>ldap</name>
<number>60</number>
<prettyName>Ldap</prettyName>
<unmodifiable>0</unmodifiable>
<classType>com.xpn.xwiki.objects.classes.BooleanClass</classType>
</ldap>
<ldap_UID_attr>
<name>ldap_UID_attr</name>
<number>69</number>
<prettyName>Ldap UID attribute name</prettyName>
<size>60</size>
<unmodifiable>0</unmodifiable>
<classType>com.xpn.xwiki.objects.classes.StringClass</classType>
</ldap_UID_attr>
<ldap_base_DN>
<name>ldap_base_DN</name>
<number>68</number>
<prettyName>Ldap base DN</prettyName>
<size>60</size>
<unmodifiable>0</unmodifiable>
<classType>com.xpn.xwiki.objects.classes.StringClass</classType>
</ldap_base_DN>
<ldap_bind_DN>
<name>ldap_bind_DN</name>
<number>63</number>
<prettyName>Ldap login matching</prettyName>
<size>60</size>
<unmodifiable>0</unmodifiable>
<classType>com.xpn.xwiki.objects.classes.StringClass</classType>
</ldap_bind_DN>
<ldap_bind_pass>
<name>ldap_bind_pass</name>
<number>64</number>
<prettyName>Ldap password matching</prettyName>
<size>60</size>
<unmodifiable>0</unmodifiable>
<classType>com.xpn.xwiki.objects.classes.StringClass</classType>
</ldap_bind_pass>
<ldap_exclude_group>
<name>ldap_exclude_group</name>
<number>67</number>
<prettyName>Ldap group to exclude</prettyName>
<size>60</size>
<unmodifiable>0</unmodifiable>
<classType>com.xpn.xwiki.objects.classes.StringClass</classType>
</ldap_exclude_group>
<ldap_fields_mapping>
<name>ldap_fields_mapping</name>
<number>70</number>
<prettyName>Ldap user fiels mapping</prettyName>
<size>60</size>
<unmodifiable>0</unmodifiable>
<classType>com.xpn.xwiki.objects.classes.StringClass</classType>
</ldap_fields_mapping>
<ldap_group_mapping>
<name>ldap_group_mapping</name>
<number>72</number>
<prettyName>Ldap groups mapping</prettyName>
<rows>5</rows>
<size>60</size>
<unmodifiable>0</unmodifiable>
<classType>com.xpn.xwiki.objects.classes.TextAreaClass</classType>
</ldap_group_mapping>
<ldap_groupcache_expiration>
<name>ldap_groupcache_expiration</name>
<number>73</number>
<prettyName>LDAP groups members cache</prettyName>
<size>60</size>
<unmodifiable>0</unmodifiable>
<classType>com.xpn.xwiki.objects.classes.StringClass</classType>
</ldap_groupcache_expiration>
<ldap_mode_group_sync>
<cache>0</cache>
<displayType>select</displayType>
<multiSelect>0</multiSelect>
<name>ldap_mode_group_sync</name>
<number>74</number>
<prettyName>LDAP groups sync mode</prettyName>
<relationalStorage>0</relationalStorage>
<separator> </separator>
<separators> ,|</separators>
<size>1</size>
<unmodifiable>0</unmodifiable>
<values>|always|create</values>
<classType>com.xpn.xwiki.objects.classes.StaticListClass</classType>
</ldap_mode_group_sync>
<ldap_port>
<name>ldap_port</name>
<number>62</number>
<prettyName>Ldap server port</prettyName>
<size>60</size>
<unmodifiable>0</unmodifiable>
<classType>com.xpn.xwiki.objects.classes.StringClass</classType>
</ldap_port>
<ldap_server>
<name>ldap_server</name>
<number>61</number>
<prettyName>Ldap server adress</prettyName>
<size>60</size>
<unmodifiable>0</unmodifiable>
<classType>com.xpn.xwiki.objects.classes.StringClass</classType>
</ldap_server>
<ldap_trylocal>
<displayFormType>select</displayFormType>
<displayType>yesno</displayType>
<name>ldap_trylocal</name>
<number>75</number>
<prettyName>Try local login</prettyName>
<unmodifiable>0</unmodifiable>
<classType>com.xpn.xwiki.objects.classes.BooleanClass</classType>
</ldap_trylocal>
<ldap_update_user>
<displayFormType>select</displayFormType>
<displayType>yesno</displayType>
<name>ldap_update_user</name>
<number>71</number>
<prettyName>Update user from LDAP</prettyName>
<unmodifiable>0</unmodifiable>
<classType>com.xpn.xwiki.objects.classes.BooleanClass</classType>
</ldap_update_user>
<ldap_user_group>
<name>ldap_user_group</name>
<number>66</number>
<prettyName>Ldap group filter</prettyName>
<size>60</size>
<unmodifiable>0</unmodifiable>
<classType>com.xpn.xwiki.objects.classes.StringClass</classType>
</ldap_user_group>
<ldap_validate_password>
<displayFormType>select</displayFormType>
<displayType>yesno</displayType>
<name>ldap_validate_password</name>
<number>65</number>
<prettyName>Validate Ldap user/password</prettyName>
<unmodifiable>0</unmodifiable>
<classType>com.xpn.xwiki.objects.classes.BooleanClass</classType>
</ldap_validate_password>
<leftPanels>
<customDisplay></customDisplay>
<name>leftPanels</name>
<number>44</number>
<prettyName>Panels displayed on the left</prettyName>
<size>60</size>
<tooltip></tooltip>
<unmodifiable>0</unmodifiable>
<validationMessage></validationMessage>
<validationRegExp></validationRegExp>
<classType>com.xpn.xwiki.objects.classes.StringClass</classType>
</leftPanels>
<macros_groovy>
<customDisplay></customDisplay>
<name>macros_groovy</name>
<number>28</number>
<prettyName>Macros for Groovy</prettyName>
<size>60</size>
<tooltip></tooltip>
<unmodifiable>0</unmodifiable>
<validationMessage></validationMessage>
<validationRegExp></validationRegExp>
<classType>com.xpn.xwiki.objects.classes.StringClass</classType>
</macros_groovy>
<macros_languages>
<customDisplay></customDisplay>
<name>macros_languages</name>
<number>26</number>
<prettyName>Macros Languages</prettyName>
<size>60</size>
<tooltip></tooltip>
<unmodifiable>0</unmodifiable>
<validationMessage></validationMessage>
<validationRegExp></validationRegExp>
<classType>com.xpn.xwiki.objects.classes.StringClass</classType>
</macros_languages>
<macros_mapping>
<contenttype>FullyRenderedText</contenttype>
<customDisplay></customDisplay>
<editor>---</editor>
<name>macros_mapping</name>
<number>30</number>
<prettyName>Macros Mapping</prettyName>
<rows>15</rows>
<size>60</size>
<tooltip></tooltip>
<unmodifiable>0</unmodifiable>
<validationMessage></validationMessage>
<validationRegExp></validationRegExp>
<classType>com.xpn.xwiki.objects.classes.TextAreaClass</classType>
</macros_mapping>
<macros_velocity>
<customDisplay></customDisplay>
<name>macros_velocity</name>
<number>27</number>
<prettyName>Macros for Velocity</prettyName>
<size>60</size>
<tooltip></tooltip>
<unmodifiable>0</unmodifiable>
<validationMessage></validationMessage>
<validationRegExp></validationRegExp>
<classType>com.xpn.xwiki.objects.classes.StringClass</classType>
</macros_velocity>
<macros_wiki>
<customDisplay></customDisplay>
<name>macros_wiki</name>
<number>32</number>
<prettyName>Macros for the Wiki Parser</prettyName>
<size>60</size>
<tooltip></tooltip>
<unmodifiable>0</unmodifiable>
<validationMessage></validationMessage>
<validationRegExp></validationRegExp>
<classType>com.xpn.xwiki.objects.classes.StringClass</classType>
</macros_wiki>
<macros_wiki2>
<customDisplay></customDisplay>
<name>macros_wiki2</name>
<number>29</number>
<prettyName>Macros for new Wiki Parser</prettyName>
<size>60</size>
<tooltip></tooltip>
<unmodifiable>0</unmodifiable>
<validationMessage></validationMessage>
<validationRegExp></validationRegExp>
<classType>com.xpn.xwiki.objects.classes.StringClass</classType>
</macros_wiki2>
<menu>
<contenttype>FullyRenderedText</contenttype>
<customDisplay></customDisplay>
<editor>---</editor>
<name>menu</name>
<number>8</number>
<prettyName>Menu</prettyName>
<rows>8</rows>
<size>60</size>
<tooltip></tooltip>
<unmodifiable>0</unmodifiable>
<validationMessage></validationMessage>
<validationRegExp></validationRegExp>
<classType>com.xpn.xwiki.objects.classes.TextAreaClass</classType>
</menu>
<meta>
<contenttype>FullyRenderedText</contenttype>
<customDisplay></customDisplay>
<editor>---</editor>
<name>meta</name>
<number>9</number>
<prettyName>HTTP Meta Info</prettyName>
<rows>5</rows>
<size>40</size>
<tooltip></tooltip>
<unmodifiable>0</unmodifiable>
<validationMessage></validationMessage>
<validationRegExp></validationRegExp>
<classType>com.xpn.xwiki.objects.classes.TextAreaClass</classType>
</meta>
<multilingual>
<customDisplay></customDisplay>
<defaultValue></defaultValue>
<displayFormType>select</displayFormType>
<displayType>yesno</displayType>
<name>multilingual</name>
<number>19</number>
<prettyName>Multi-Lingual</prettyName>
<tooltip></tooltip>
<unmodifiable>0</unmodifiable>
<validationMessage></validationMessage>
<validationRegExp></validationRegExp>
<classType>com.xpn.xwiki.objects.classes.BooleanClass</classType>
</multilingual>
<notification_pages>
<customDisplay></customDisplay>
<name>notification_pages</name>
<number>33</number>
<prettyName>Notification Pages</prettyName>
<size>60</size>
<tooltip></tooltip>
<unmodifiable>0</unmodifiable>
<validationMessage></validationMessage>
<validationRegExp></validationRegExp>
<classType>com.xpn.xwiki.objects.classes.StringClass</classType>
</notification_pages>
<pageWidth>
<cache>0</cache>
<customDisplay></customDisplay>
<displayType>select</displayType>
<multiSelect>0</multiSelect>
<name>pageWidth</name>
<number>48</number>
<picker></picker>
<prettyName>Preferred page width</prettyName>
<relationalStorage>0</relationalStorage>
<separator> </separator>
<separators> ,|</separators>
<size>1</size>
<sort>none</sort>
<tooltip></tooltip>
<unmodifiable>0</unmodifiable>
<validationMessage></validationMessage>
<validationRegExp></validationRegExp>
<values>default|640|800|1024|1280|1600</values>
<classType>com.xpn.xwiki.objects.classes.StaticListClass</classType>
</pageWidth>
<parent>
<name>parent</name>
<number>52</number>
<prettyName>Parent Space</prettyName>
<size>30</size>
<unmodifiable>0</unmodifiable>
<classType>com.xpn.xwiki.objects.classes.StringClass</classType>
</parent>
<plugins>
<customDisplay></customDisplay>
<name>plugins</name>
<number>6</number>
<prettyName>Plugins</prettyName>
<size>40</size>
<tooltip></tooltip>
<unmodifiable>0</unmodifiable>
<validationMessage></validationMessage>
<validationRegExp></validationRegExp>
<classType>com.xpn.xwiki.objects.classes.StringClass</classType>
</plugins>
<registration_anonymous>
<cache>0</cache>
<customDisplay></customDisplay>
<displayType>select</displayType>
<multiSelect>0</multiSelect>
<name>registration_anonymous</name>
<number>35</number>
<picker></picker>
<prettyName>Anonymous</prettyName>
<relationalStorage>0</relationalStorage>
<separator> </separator>
<separators> ,|</separators>
<size>1</size>
<sort>none</sort>
<tooltip></tooltip>
<unmodifiable>0</unmodifiable>
<validationMessage></validationMessage>
<validationRegExp></validationRegExp>
<values>---|Image|Text</values>
<classType>com.xpn.xwiki.objects.classes.StaticListClass</classType>
</registration_anonymous>
<registration_registered>
<cache>0</cache>
<customDisplay></customDisplay>
<displayType>select</displayType>
<multiSelect>0</multiSelect>
<name>registration_registered</name>
<number>36</number>
<picker></picker>
<prettyName>Registered</prettyName>
<relationalStorage>0</relationalStorage>
<separator> </separator>
<separators> ,|</separators>
<size>1</size>
<sort>none</sort>
<tooltip></tooltip>
<unmodifiable>0</unmodifiable>
<validationMessage></validationMessage>
<validationRegExp></validationRegExp>
<values>---|Image|Text</values>
<classType>com.xpn.xwiki.objects.classes.StaticListClass</classType>
</registration_registered>
<renderXWikiGroovyRenderer>
<customDisplay></customDisplay>
<defaultValue></defaultValue>
<displayFormType>select</displayFormType>
<displayType>yesno</displayType>
<name>renderXWikiGroovyRenderer</name>
<number>42</number>
<prettyName>Render Groovy code</prettyName>
<tooltip></tooltip>
<unmodifiable>0</unmodifiable>
<validationMessage></validationMessage>
<validationRegExp></validationRegExp>
<classType>com.xpn.xwiki.objects.classes.BooleanClass</classType>
</renderXWikiGroovyRenderer>
<renderXWikiRadeoxRenderer>
<customDisplay></customDisplay>
<defaultValue></defaultValue>
<displayFormType>select</displayFormType>
<displayType>yesno</displayType>
<name>renderXWikiRadeoxRenderer</name>
<number>43</number>
<prettyName>Render Wiki syntax</prettyName>
<tooltip></tooltip>
<unmodifiable>0</unmodifiable>
<validationMessage></validationMessage>
<validationRegExp></validationRegExp>
<classType>com.xpn.xwiki.objects.classes.BooleanClass</classType>
</renderXWikiRadeoxRenderer>
<renderXWikiVelocityRenderer>
<customDisplay></customDisplay>
<defaultValue></defaultValue>
<displayFormType>select</displayFormType>
<displayType>yesno</displayType>
<name>renderXWikiVelocityRenderer</name>
<number>41</number>
<prettyName>Render velocity code</prettyName>
<tooltip></tooltip>
<unmodifiable>0</unmodifiable>
<validationMessage></validationMessage>
<validationRegExp></validationRegExp>
<classType>com.xpn.xwiki.objects.classes.BooleanClass</classType>
</renderXWikiVelocityRenderer>
<rightPanels>
<customDisplay></customDisplay>
<name>rightPanels</name>
<number>45</number>
<prettyName>Panels displayed on the right</prettyName>
<size>60</size>
<tooltip></tooltip>
<unmodifiable>0</unmodifiable>
<validationMessage></validationMessage>
<validationRegExp></validationRegExp>
<classType>com.xpn.xwiki.objects.classes.StringClass</classType>
</rightPanels>
<showLeftPanels>
<customDisplay></customDisplay>
<defaultValue></defaultValue>
<displayFormType>select</displayFormType>
<displayType>yesno</displayType>
<name>showLeftPanels</name>
<number>46</number>
<prettyName>Display the left panel column</prettyName>
<tooltip></tooltip>
<unmodifiable>0</unmodifiable>
<validationMessage></validationMessage>
<validationRegExp></validationRegExp>
<classType>com.xpn.xwiki.objects.classes.BooleanClass</classType>
</showLeftPanels>
<showRightPanels>
<customDisplay></customDisplay>
<defaultValue></defaultValue>
<displayFormType>select</displayFormType>
<displayType>yesno</displayType>
<name>showRightPanels</name>
<number>47</number>
<prettyName>Display the right panel column</prettyName>
<tooltip></tooltip>
<unmodifiable>0</unmodifiable>
<validationMessage></validationMessage>
<validationRegExp></validationRegExp>
<classType>com.xpn.xwiki.objects.classes.BooleanClass</classType>
</showRightPanels>
<skin>
<customDisplay></customDisplay>
<name>skin</name>
<number>2</number>
<prettyName>Skin</prettyName>
<size>20</size>
<tooltip></tooltip>
<unmodifiable>0</unmodifiable>
<validationMessage></validationMessage>
<validationRegExp></validationRegExp>
<classType>com.xpn.xwiki.objects.classes.StringClass</classType>
</skin>
<smtp_port>
<name>smtp_port</name>
<number>55</number>
<prettyName>SMTP Port</prettyName>
<size>5</size>
<unmodifiable>0</unmodifiable>
<classType>com.xpn.xwiki.objects.classes.StringClass</classType>
</smtp_port>
<smtp_server>
<customDisplay></customDisplay>
<name>smtp_server</name>
<number>13</number>
<prettyName>SMTP Server</prettyName>
<size>30</size>
<tooltip></tooltip>
<unmodifiable>0</unmodifiable>
<validationMessage></validationMessage>
<validationRegExp></validationRegExp>
<classType>com.xpn.xwiki.objects.classes.StringClass</classType>
</smtp_server>
<smtp_server_password>
<name>smtp_server_password</name>
<number>57</number>
<prettyName>Server password (optional)</prettyName>
<size>30</size>
<unmodifiable>0</unmodifiable>
<classType>com.xpn.xwiki.objects.classes.StringClass</classType>
</smtp_server_password>
<smtp_server_username>
<name>smtp_server_username</name>
<number>56</number>
<prettyName>Server username (optional)</prettyName>
<size>30</size>
<unmodifiable>0</unmodifiable>
<classType>com.xpn.xwiki.objects.classes.StringClass</classType>
</smtp_server_username>
<stylesheet>
<customDisplay></customDisplay>
<name>stylesheet</name>
<number>17</number>
<prettyName>Stylesheet</prettyName>
<size>30</size>
<tooltip></tooltip>
<unmodifiable>0</unmodifiable>
<validationMessage></validationMessage>
<validationRegExp></validationRegExp>
<classType>com.xpn.xwiki.objects.classes.StringClass</classType>
</stylesheet>
<stylesheets>
<customDisplay></customDisplay>
<name>stylesheets</name>
<number>18</number>
<prettyName>Stylesheets</prettyName>
<size>30</size>
<tooltip></tooltip>
<unmodifiable>0</unmodifiable>
<validationMessage></validationMessage>
<validationRegExp></validationRegExp>
<classType>com.xpn.xwiki.objects.classes.StringClass</classType>
</stylesheets>
<tags>
<customDisplay></customDisplay>
<defaultValue></defaultValue>
<displayFormType>select</displayFormType>
<displayType>yesno</displayType>
<name>tags</name>
<number>51</number>
<prettyName>Activate the tagging</prettyName>
<tooltip></tooltip>
<unmodifiable>0</unmodifiable>
<validationMessage></validationMessage>
<validationRegExp></validationRegExp>
<classType>com.xpn.xwiki.objects.classes.BooleanClass</classType>
</tags>
<title>
<customDisplay></customDisplay>
<name>title</name>
<number>10</number>
<prettyName>Title</prettyName>
<size>30</size>
<tooltip></tooltip>
<unmodifiable>0</unmodifiable>
<validationMessage></validationMessage>
<validationRegExp></validationRegExp>
<classType>com.xpn.xwiki.objects.classes.StringClass</classType>
</title>
<upload_maxsize>
<name>upload_maxsize</name>
<number>53</number>
<numberType>long</numberType>
<prettyName>Maximum Upload Size</prettyName>
<size>5</size>
<unmodifiable>0</unmodifiable>
<classType>com.xpn.xwiki.objects.classes.NumberClass</classType>
</upload_maxsize>
<use_email_verification>
<customDisplay></customDisplay>
<defaultValue></defaultValue>
<displayFormType>select</displayFormType>
<displayType>yesno</displayType>
<name>use_email_verification</name>
<number>24</number>
<prettyName>Use eMail Verification</prettyName>
<tooltip></tooltip>
<unmodifiable>0</unmodifiable>
<validationMessage></validationMessage>
<validationRegExp></validationRegExp>
<classType>com.xpn.xwiki.objects.classes.BooleanClass</classType>
</use_email_verification>
<validation_email_content>
<contenttype>FullyRenderedText</contenttype>
<customDisplay></customDisplay>
<editor>---</editor>
<name>validation_email_content</name>
<number>15</number>
<prettyName>Validation eMail Content</prettyName>
<rows>10</rows>
<size>72</size>
<tooltip></tooltip>
<unmodifiable>0</unmodifiable>
<validationMessage></validationMessage>
<validationRegExp></validationRegExp>
<classType>com.xpn.xwiki.objects.classes.TextAreaClass</classType>
</validation_email_content>
<version>
<customDisplay></customDisplay>
<name>version</name>
<number>12</number>
<prettyName>Version</prettyName>
<size>30</size>
<tooltip></tooltip>
<unmodifiable>0</unmodifiable>
<validationMessage></validationMessage>
<validationRegExp></validationRegExp>
<classType>com.xpn.xwiki.objects.classes.StringClass</classType>
</version>
<webbgcolor>
<customDisplay></customDisplay>
<name>webbgcolor</name>
<number>2</number>
<prettyName>Web Background Color</prettyName>
<size>10</size>
<tooltip></tooltip>
<unmodifiable>0</unmodifiable>
<validationMessage></validationMessage>
<validationRegExp></validationRegExp>
<classType>com.xpn.xwiki.objects.classes.StringClass</classType>
</webbgcolor>
<webcopyright>
<customDisplay></customDisplay>
<name>webcopyright</name>
<number>5</number>
<prettyName>Web Copyright</prettyName>
<size>60</size>
<tooltip></tooltip>
<unmodifiable>0</unmodifiable>
<validationMessage></validationMessage>
<validationRegExp></validationRegExp>
<classType>com.xpn.xwiki.objects.classes.StringClass</classType>
</webcopyright>
</class>
<object>
<class>
<name>XWiki.TagClass</name>
<customClass></customClass>
<customMapping></customMapping>
<defaultViewSheet></defaultViewSheet>
<defaultEditSheet></defaultEditSheet>
<defaultWeb></defaultWeb>
<nameField></nameField>
<validationScript></validationScript>
<tags>
<cache>0</cache>
<displayType>checkbox</displayType>
<multiSelect>1</multiSelect>
<name>tags</name>
<number>1</number>
<prettyName>Tags</prettyName>
<relationalStorage>1</relationalStorage>
<separator> </separator>
<separators> ,|</separators>
<size>30</size>
<unmodifiable>0</unmodifiable>
<values></values>
<classType>com.xpn.xwiki.objects.classes.StaticListClass</classType>
</tags>
</class>
<name>XWiki.XWikiPreferences</name>
<number>0</number>
<className>XWiki.TagClass</className>
<guid>8c774c6e-8f81-4b50-99e8-51a75f858077</guid>
</object>
<object>
<class>
<name>XWiki.XWikiGlobalRights</name>
<customClass></customClass>
<customMapping></customMapping>
<defaultViewSheet></defaultViewSheet>
<defaultEditSheet></defaultEditSheet>
<defaultWeb></defaultWeb>
<nameField></nameField>
<validationScript></validationScript>
<allow>
<defaultValue>1</defaultValue>
<displayFormType>select</displayFormType>
<displayType>allow</displayType>
<name>allow</name>
<number>4</number>
<prettyName>Allow/Deny</prettyName>
<unmodifiable>0</unmodifiable>
<classType>com.xpn.xwiki.objects.classes.BooleanClass</classType>
</allow>
<groups>
<cache>0</cache>
<displayType>select</displayType>
<multiSelect>1</multiSelect>
<name>groups</name>
<number>1</number>
<prettyName>Groups</prettyName>
<relationalStorage>0</relationalStorage>
<separator> </separator>
<size>5</size>
<unmodifiable>0</unmodifiable>
<usesList>1</usesList>
<classType>com.xpn.xwiki.objects.classes.GroupsClass</classType>
</groups>
<levels>
<cache>0</cache>
<displayType>select</displayType>
<multiSelect>1</multiSelect>
<name>levels</name>
<number>2</number>
<prettyName>Levels</prettyName>
<relationalStorage>0</relationalStorage>
<separator> </separator>
<size>3</size>
<unmodifiable>0</unmodifiable>
<classType>com.xpn.xwiki.objects.classes.LevelsClass</classType>
</levels>
<users>
<cache>0</cache>
<displayType>select</displayType>
<multiSelect>1</multiSelect>
<name>users</name>
<number>3</number>
<prettyName>Users</prettyName>
<relationalStorage>0</relationalStorage>
<separator> </separator>
<size>5</size>
<unmodifiable>0</unmodifiable>
<usesList>1</usesList>
<classType>com.xpn.xwiki.objects.classes.UsersClass</classType>
</users>
</class>
<name>XWiki.XWikiPreferences</name>
<number>0</number>
<className>XWiki.XWikiGlobalRights</className>
<guid>369eb46f-6311-437b-a3a1-38755f324898</guid>
<property>
<allow>1</allow>
</property>
<property>
<groups>XWiki.XWikiAdminGroup,</groups>
</property>
<property>
<levels>admin,edit,undelete</levels>
</property>
<property>
<users></users>
</property>
</object>
<object>
<class>
<name>XWiki.XWikiGlobalRights</name>
<customClass></customClass>
<customMapping></customMapping>
<defaultViewSheet></defaultViewSheet>
<defaultEditSheet></defaultEditSheet>
<defaultWeb></defaultWeb>
<nameField></nameField>
<validationScript></validationScript>
<allow>
<defaultValue>1</defaultValue>
<displayFormType>select</displayFormType>
<displayType>allow</displayType>
<name>allow</name>
<number>4</number>
<prettyName>Allow/Deny</prettyName>
<unmodifiable>0</unmodifiable>
<classType>com.xpn.xwiki.objects.classes.BooleanClass</classType>
</allow>
<groups>
<cache>0</cache>
<displayType>select</displayType>
<multiSelect>1</multiSelect>
<name>groups</name>
<number>1</number>
<prettyName>Groups</prettyName>
<relationalStorage>0</relationalStorage>
<separator> </separator>
<size>5</size>
<unmodifiable>0</unmodifiable>
<usesList>1</usesList>
<classType>com.xpn.xwiki.objects.classes.GroupsClass</classType>
</groups>
<levels>
<cache>0</cache>
<displayType>select</displayType>
<multiSelect>1</multiSelect>
<name>levels</name>
<number>2</number>
<prettyName>Levels</prettyName>
<relationalStorage>0</relationalStorage>
<separator> </separator>
<size>3</size>
<unmodifiable>0</unmodifiable>
<classType>com.xpn.xwiki.objects.classes.LevelsClass</classType>
</levels>
<users>
<cache>0</cache>
<displayType>select</displayType>
<multiSelect>1</multiSelect>
<name>users</name>
<number>3</number>
<prettyName>Users</prettyName>
<relationalStorage>0</relationalStorage>
<separator> </separator>
<size>5</size>
<unmodifiable>0</unmodifiable>
<usesList>1</usesList>
<classType>com.xpn.xwiki.objects.classes.UsersClass</classType>
</users>
</class>
<name>XWiki.XWikiPreferences</name>
<number>1</number>
<className>XWiki.XWikiGlobalRights</className>
<guid>e9630277-a371-4228-8659-8a1abc7bacfa</guid>
<property>
<allow>1</allow>
</property>
<property>
<groups>XWiki.XWikiAllGroup,</groups>
</property>
<property>
<levels>view,un</levels>
</property>
<property>
<users></users>
</property>
</object>
<object>
<class>
<name>XWiki.XWikiGlobalRights</name>
<customClass></customClass>
<customMapping></customMapping>
<defaultViewSheet></defaultViewSheet>
<defaultEditSheet></defaultEditSheet>
<defaultWeb></defaultWeb>
<nameField></nameField>
<validationScript></validationScript>
<allow>
<defaultValue>1</defaultValue>
<displayFormType>select</displayFormType>
<displayType>allow</displayType>
<name>allow</name>
<number>4</number>
<prettyName>Allow/Deny</prettyName>
<unmodifiable>0</unmodifiable>
<classType>com.xpn.xwiki.objects.classes.BooleanClass</classType>
</allow>
<groups>
<cache>0</cache>
<displayType>select</displayType>
<multiSelect>1</multiSelect>
<name>groups</name>
<number>1</number>
<prettyName>Groups</prettyName>
<relationalStorage>0</relationalStorage>
<separator> </separator>
<size>5</size>
<unmodifiable>0</unmodifiable>
<usesList>1</usesList>
<classType>com.xpn.xwiki.objects.classes.GroupsClass</classType>
</groups>
<levels>
<cache>0</cache>
<displayType>select</displayType>
<multiSelect>1</multiSelect>
<name>levels</name>
<number>2</number>
<prettyName>Levels</prettyName>
<relationalStorage>0</relationalStorage>
<separator> </separator>
<size>3</size>
<unmodifiable>0</unmodifiable>
<classType>com.xpn.xwiki.objects.classes.LevelsClass</classType>
</levels>
<users>
<cache>0</cache>
<displayType>select</displayType>
<multiSelect>1</multiSelect>
<name>users</name>
<number>3</number>
<prettyName>Users</prettyName>
<relationalStorage>0</relationalStorage>
<separator> </separator>
<size>5</size>
<unmodifiable>0</unmodifiable>
<usesList>1</usesList>
<classType>com.xpn.xwiki.objects.classes.UsersClass</classType>
</users>
</class>
<name>XWiki.XWikiPreferences</name>
<number>2</number>
<className>XWiki.XWikiGlobalRights</className>
<guid>4ab252d2-8d57-4135-a966-76aba09f9bc6</guid>
<property>
<allow>1</allow>
</property>
<property>
<groups></groups>
</property>
<property>
<levels>view</levels>
</property>
<property>
<users>XWiki.XWikiGuest</users>
</property>
</object>
<object>
<class>
<name>XWiki.XWikiGlobalRights</name>
<customClass></customClass>
<customMapping></customMapping>
<defaultViewSheet></defaultViewSheet>
<defaultEditSheet></defaultEditSheet>
<defaultWeb></defaultWeb>
<nameField></nameField>
<validationScript></validationScript>
<allow>
<defaultValue>1</defaultValue>
<displayFormType>select</displayFormType>
<displayType>allow</displayType>
<name>allow</name>
<number>4</number>
<prettyName>Allow/Deny</prettyName>
<unmodifiable>0</unmodifiable>
<classType>com.xpn.xwiki.objects.classes.BooleanClass</classType>
</allow>
<groups>
<cache>0</cache>
<displayType>select</displayType>
<multiSelect>1</multiSelect>
<name>groups</name>
<number>1</number>
<prettyName>Groups</prettyName>
<relationalStorage>0</relationalStorage>
<separator> </separator>
<size>5</size>
<unmodifiable>0</unmodifiable>
<usesList>1</usesList>
<classType>com.xpn.xwiki.objects.classes.GroupsClass</classType>
</groups>
<levels>
<cache>0</cache>
<displayType>select</displayType>
<multiSelect>1</multiSelect>
<name>levels</name>
<number>2</number>
<prettyName>Levels</prettyName>
<relationalStorage>0</relationalStorage>
<separator> </separator>
<size>3</size>
<unmodifiable>0</unmodifiable>
<classType>com.xpn.xwiki.objects.classes.LevelsClass</classType>
</levels>
<users>
<cache>0</cache>
<displayType>select</displayType>
<multiSelect>1</multiSelect>
<name>users</name>
<number>3</number>
<prettyName>Users</prettyName>
<relationalStorage>0</relationalStorage>
<separator> </separator>
<size>5</size>
<unmodifiable>0</unmodifiable>
<usesList>1</usesList>
<classType>com.xpn.xwiki.objects.classes.UsersClass</classType>
</users>
</class>
<name>XWiki.XWikiPreferences</name>
<number>3</number>
<className>XWiki.XWikiGlobalRights</className>
<guid>d59f4f76-74e5-4350-9f68-41d3e093e5cc</guid>
<property>
<allow>0</allow>
</property>
<property>
<levels>register,comment,edit,delete,admin</levels>
</property>
<property>
<users>XWiki.XWikiGuest</users>
</property>
</object>
<object>
<class>
<name>XWiki.XWikiGlobalRights</name>
<customClass></customClass>
<customMapping></customMapping>
<defaultViewSheet></defaultViewSheet>
<defaultEditSheet></defaultEditSheet>
<defaultWeb></defaultWeb>
<nameField></nameField>
<validationScript></validationScript>
<allow>
<defaultValue>1</defaultValue>
<displayFormType>select</displayFormType>
<displayType>allow</displayType>
<name>allow</name>
<number>4</number>
<prettyName>Allow/Deny</prettyName>
<unmodifiable>0</unmodifiable>
<classType>com.xpn.xwiki.objects.classes.BooleanClass</classType>
</allow>
<groups>
<cache>0</cache>
<displayType>select</displayType>
<multiSelect>1</multiSelect>
<name>groups</name>
<number>1</number>
<prettyName>Groups</prettyName>
<relationalStorage>0</relationalStorage>
<separator> </separator>
<size>5</size>
<unmodifiable>0</unmodifiable>
<usesList>1</usesList>
<classType>com.xpn.xwiki.objects.classes.GroupsClass</classType>
</groups>
<levels>
<cache>0</cache>
<displayType>select</displayType>
<multiSelect>1</multiSelect>
<name>levels</name>
<number>2</number>
<prettyName>Levels</prettyName>
<relationalStorage>0</relationalStorage>
<separator> </separator>
<size>3</size>
<unmodifiable>0</unmodifiable>
<classType>com.xpn.xwiki.objects.classes.LevelsClass</classType>
</levels>
<users>
<cache>0</cache>
<displayType>select</displayType>
<multiSelect>1</multiSelect>
<name>users</name>
<number>3</number>
<prettyName>Users</prettyName>
<relationalStorage>0</relationalStorage>
<separator> </separator>
<size>5</size>
<unmodifiable>0</unmodifiable>
<usesList>1</usesList>
<classType>com.xpn.xwiki.objects.classes.UsersClass</classType>
</users>
</class>
<name>XWiki.XWikiPreferences</name>
<number>4</number>
<className>XWiki.XWikiGlobalRights</className>
<guid>e33a7a9a-dd88-4b5a-ad24-c06252fcbc24</guid>
<property>
<allow>0</allow>
</property>
<property>
<groups>XWiki.XWikiAllGroup</groups>
</property>
<property>
<levels>comment,edit,delete,admin,register</levels>
</property>
</object>
<object>
<class>
<name>XWiki.XWikiGlobalRights</name>
<customClass></customClass>
<customMapping></customMapping>
<defaultViewSheet></defaultViewSheet>
<defaultEditSheet></defaultEditSheet>
<defaultWeb></defaultWeb>
<nameField></nameField>
<validationScript></validationScript>
<allow>
<defaultValue>1</defaultValue>
<displayFormType>select</displayFormType>
<displayType>allow</displayType>
<name>allow</name>
<number>4</number>
<prettyName>Allow/Deny</prettyName>
<unmodifiable>0</unmodifiable>
<classType>com.xpn.xwiki.objects.classes.BooleanClass</classType>
</allow>
<groups>
<cache>0</cache>
<displayType>select</displayType>
<multiSelect>1</multiSelect>
<name>groups</name>
<number>1</number>
<prettyName>Groups</prettyName>
<relationalStorage>0</relationalStorage>
<separator> </separator>
<size>5</size>
<unmodifiable>0</unmodifiable>
<usesList>1</usesList>
<classType>com.xpn.xwiki.objects.classes.GroupsClass</classType>
</groups>
<levels>
<cache>0</cache>
<displayType>select</displayType>
<multiSelect>1</multiSelect>
<name>levels</name>
<number>2</number>
<prettyName>Levels</prettyName>
<relationalStorage>0</relationalStorage>
<separator> </separator>
<size>3</size>
<unmodifiable>0</unmodifiable>
<classType>com.xpn.xwiki.objects.classes.LevelsClass</classType>
</levels>
<users>
<cache>0</cache>
<displayType>select</displayType>
<multiSelect>1</multiSelect>
<name>users</name>
<number>3</number>
<prettyName>Users</prettyName>
<relationalStorage>0</relationalStorage>
<separator> </separator>
<size>5</size>
<unmodifiable>0</unmodifiable>
<usesList>1</usesList>
<classType>com.xpn.xwiki.objects.classes.UsersClass</classType>
</users>
</class>
<name>XWiki.XWikiPreferences</name>
<number>5</number>
<className>XWiki.XWikiGlobalRights</className>
<guid>4e0dc149-39ba-4ce9-892c-7397ccfcc585</guid>
<property>
<allow>0</allow>
</property>
<property>
<groups>XWiki.XWikiAdminGroup</groups>
</property>
<property>
<levels>register</levels>
</property>
</object>
<object>
<class>
<name>XWiki.XWikiPreferences</name>
<customClass></customClass>
<customMapping>internal</customMapping>
<defaultViewSheet></defaultViewSheet>
<defaultEditSheet></defaultEditSheet>
<defaultWeb></defaultWeb>
<nameField></nameField>
<validationScript></validationScript>
<ad_clientid>
<customDisplay></customDisplay>
<name>ad_clientid</name>
<number>25</number>
<prettyName>Advertisement Client ID</prettyName>
<size>60</size>
<tooltip></tooltip>
<unmodifiable>0</unmodifiable>
<validationMessage></validationMessage>
<validationRegExp></validationRegExp>
<classType>com.xpn.xwiki.objects.classes.StringClass</classType>
</ad_clientid>
<admin_email>
<customDisplay></customDisplay>
<name>admin_email</name>
<number>14</number>
<prettyName>Admin eMail</prettyName>
<size>30</size>
<tooltip></tooltip>
<unmodifiable>0</unmodifiable>
<validationMessage></validationMessage>
<validationRegExp></validationRegExp>
<classType>com.xpn.xwiki.objects.classes.StringClass</classType>
</admin_email>
<auth_active_check>
<customDisplay></customDisplay>
<defaultValue></defaultValue>
<displayFormType>select</displayFormType>
<displayType>yesno</displayType>
<name>auth_active_check</name>
<number>31</number>
<prettyName>Authentication Active Check</prettyName>
<tooltip></tooltip>
<unmodifiable>0</unmodifiable>
<validationMessage></validationMessage>
<validationRegExp></validationRegExp>
<classType>com.xpn.xwiki.objects.classes.BooleanClass</classType>
</auth_active_check>
<authenticate_edit>
<customDisplay></customDisplay>
<defaultValue></defaultValue>
<displayFormType>select</displayFormType>
<displayType>yesno</displayType>
<name>authenticate_edit</name>
<number>7</number>
<prettyName>Authenticate On Edit</prettyName>
<tooltip></tooltip>
<unmodifiable>0</unmodifiable>
<validationMessage></validationMessage>
<validationRegExp></validationRegExp>
<classType>com.xpn.xwiki.objects.classes.BooleanClass</classType>
</authenticate_edit>
<authenticate_view>
<customDisplay></customDisplay>
<defaultValue></defaultValue>
<displayFormType>select</displayFormType>
<displayType>yesno</displayType>
<name>authenticate_view</name>
<number>5</number>
<prettyName>Authenticated View</prettyName>
<tooltip></tooltip>
<unmodifiable>0</unmodifiable>
<validationMessage></validationMessage>
<validationRegExp></validationRegExp>
<classType>com.xpn.xwiki.objects.classes.BooleanClass</classType>
</authenticate_view>
<backlinks>
<customDisplay></customDisplay>
<defaultValue></defaultValue>
<displayFormType>select</displayFormType>
<displayType>yesno</displayType>
<name>backlinks</name>
<number>25</number>
<prettyName>Backlinks</prettyName>
<tooltip></tooltip>
<unmodifiable>0</unmodifiable>
<validationMessage></validationMessage>
<validationRegExp></validationRegExp>
<classType>com.xpn.xwiki.objects.classes.BooleanClass</classType>
</backlinks>
<colorTheme>
<cache>0</cache>
<displayType>select</displayType>
<multiSelect>0</multiSelect>
<name>colorTheme</name>
<number>76</number>
<prettyName>Color theme</prettyName>
<relationalStorage>0</relationalStorage>
<separator> </separator>
<size>1</size>
<sql>select doc.fullName, doc.title from XWikiDocument as doc, BaseObject as theme where doc.fullName=theme.name and theme.className='ColorThemes.ColorThemeClass' and doc.fullName&lt;&gt;'ColorThemes.ColorThemeTemplate'</sql>
<unmodifiable>0</unmodifiable>
<classType>com.xpn.xwiki.objects.classes.DBListClass</classType>
</colorTheme>
<comment_anonymous>
<cache>0</cache>
<customDisplay></customDisplay>
<displayType>select</displayType>
<multiSelect>0</multiSelect>
<name>comment_anonymous</name>
<number>39</number>
<picker></picker>
<prettyName>Anonymous</prettyName>
<relationalStorage>0</relationalStorage>
<separator> </separator>
<separators> ,|</separators>
<size>1</size>
<sort>none</sort>
<tooltip></tooltip>
<unmodifiable>0</unmodifiable>
<validationMessage></validationMessage>
<validationRegExp></validationRegExp>
<values>---|Image|Text</values>
<classType>com.xpn.xwiki.objects.classes.StaticListClass</classType>
</comment_anonymous>
<comment_registered>
<cache>0</cache>
<customDisplay></customDisplay>
<displayType>select</displayType>
<multiSelect>0</multiSelect>
<name>comment_registered</name>
<number>40</number>
<picker></picker>
<prettyName>Registered</prettyName>
<relationalStorage>0</relationalStorage>
<separator> </separator>
<separators> ,|</separators>
<size>1</size>
<sort>none</sort>
<tooltip></tooltip>
<unmodifiable>0</unmodifiable>
<validationMessage></validationMessage>
<validationRegExp></validationRegExp>
<values>---|Image|Text</values>
<classType>com.xpn.xwiki.objects.classes.StaticListClass</classType>
</comment_registered>
<confirmation_email_content>
<contenttype>FullyRenderedText</contenttype>
<customDisplay></customDisplay>
<editor>---</editor>
<name>confirmation_email_content</name>
<number>16</number>
<prettyName>Confirmation eMail Content</prettyName>
<rows>10</rows>
<size>72</size>
<tooltip></tooltip>
<unmodifiable>0</unmodifiable>
<validationMessage></validationMessage>
<validationRegExp></validationRegExp>
<classType>com.xpn.xwiki.objects.classes.TextAreaClass</classType>
</confirmation_email_content>
<convertmail>
<customDisplay></customDisplay>
<name>convertmail</name>
<number>50</number>
<prettyName>convert email type</prettyName>
<size>1</size>
<tooltip></tooltip>
<unmodifiable>0</unmodifiable>
<validationMessage></validationMessage>
<validationRegExp></validationRegExp>
<classType>com.xpn.xwiki.objects.classes.StringClass</classType>
</convertmail>
<core.defaultDocumentSyntax>
<name>core.defaultDocumentSyntax</name>
<number>59</number>
<prettyName>Default document syntax</prettyName>
<size>60</size>
<unmodifiable>0</unmodifiable>
<classType>com.xpn.xwiki.objects.classes.StringClass</classType>
</core.defaultDocumentSyntax>
<dateformat>
<name>dateformat</name>
<number>54</number>
<prettyName>Date Format</prettyName>
<size>30</size>
<unmodifiable>0</unmodifiable>
<classType>com.xpn.xwiki.objects.classes.StringClass</classType>
</dateformat>
<default_language>
<customDisplay></customDisplay>
<name>default_language</name>
<number>20</number>
<prettyName>Default Language</prettyName>
<size>5</size>
<tooltip></tooltip>
<unmodifiable>0</unmodifiable>
<validationMessage></validationMessage>
<validationRegExp></validationRegExp>
<classType>com.xpn.xwiki.objects.classes.StringClass</classType>
</default_language>
<documentBundles>
<customDisplay></customDisplay>
<name>documentBundles</name>
<number>52</number>
<prettyName>Internationalization Document Bundles</prettyName>
<size>60</size>
<tooltip></tooltip>
<unmodifiable>0</unmodifiable>
<validationMessage></validationMessage>
<validationRegExp></validationRegExp>
<classType>com.xpn.xwiki.objects.classes.StringClass</classType>
</documentBundles>
<edit_anonymous>
<cache>0</cache>
<customDisplay></customDisplay>
<displayType>select</displayType>
<multiSelect>0</multiSelect>
<name>edit_anonymous</name>
<number>37</number>
<picker></picker>
<prettyName>Anonymous</prettyName>
<relationalStorage>0</relationalStorage>
<separator> </separator>
<separators> ,|</separators>
<size>1</size>
<sort>none</sort>
<tooltip></tooltip>
<unmodifiable>0</unmodifiable>
<validationMessage></validationMessage>
<validationRegExp></validationRegExp>
<values>---|Image|Text</values>
<classType>com.xpn.xwiki.objects.classes.StaticListClass</classType>
</edit_anonymous>
<edit_registered>
<cache>0</cache>
<customDisplay></customDisplay>
<displayType>select</displayType>
<multiSelect>0</multiSelect>
<name>edit_registered</name>
<number>38</number>
<picker></picker>
<prettyName>Registered</prettyName>
<relationalStorage>0</relationalStorage>
<separator> </separator>
<separators> ,|</separators>
<size>1</size>
<sort>none</sort>
<tooltip></tooltip>
<unmodifiable>0</unmodifiable>
<validationMessage></validationMessage>
<validationRegExp></validationRegExp>
<values>---|Image|Text</values>
<classType>com.xpn.xwiki.objects.classes.StaticListClass</classType>
</edit_registered>
<editbox_height>
<customDisplay></customDisplay>
<name>editbox_height</name>
<number>24</number>
<prettyName>Editbox Height</prettyName>
<size>5</size>
<tooltip></tooltip>
<unmodifiable>0</unmodifiable>
<validationMessage></validationMessage>
<validationRegExp></validationRegExp>
<classType>com.xpn.xwiki.objects.classes.StringClass</classType>
</editbox_height>
<editbox_width>
<customDisplay></customDisplay>
<name>editbox_width</name>
<number>23</number>
<prettyName>Editbox Width</prettyName>
<size>5</size>
<tooltip></tooltip>
<unmodifiable>0</unmodifiable>
<validationMessage></validationMessage>
<validationRegExp></validationRegExp>
<classType>com.xpn.xwiki.objects.classes.StringClass</classType>
</editbox_width>
<editor>
<cache>0</cache>
<customDisplay></customDisplay>
<displayType>select</displayType>
<multiSelect>0</multiSelect>
<name>editor</name>
<number>23</number>
<picker></picker>
<prettyName>Default Editor</prettyName>
<relationalStorage>0</relationalStorage>
<separator> </separator>
<separators> ,|</separators>
<size>1</size>
<sort>none</sort>
<tooltip></tooltip>
<unmodifiable>0</unmodifiable>
<validationMessage></validationMessage>
<validationRegExp></validationRegExp>
<values>Text|Wysiwyg</values>
<classType>com.xpn.xwiki.objects.classes.StaticListClass</classType>
</editor>
<invitation_email_content>
<contenttype>FullyRenderedText</contenttype>
<customDisplay></customDisplay>
<editor>---</editor>
<name>invitation_email_content</name>
<number>34</number>
<prettyName>Invitation eMail Content</prettyName>
<rows>10</rows>
<size>72</size>
<tooltip></tooltip>
<unmodifiable>0</unmodifiable>
<validationMessage></validationMessage>
<validationRegExp></validationRegExp>
<classType>com.xpn.xwiki.objects.classes.TextAreaClass</classType>
</invitation_email_content>
<javamail_extra_props>
<name>javamail_extra_props</name>
<number>58</number>
<prettyName>Additional JavaMail properties</prettyName>
<rows>6</rows>
<size>60</size>
<unmodifiable>0</unmodifiable>
<classType>com.xpn.xwiki.objects.classes.TextAreaClass</classType>
</javamail_extra_props>
<languages>
<customDisplay></customDisplay>
<name>languages</name>
<number>49</number>
<prettyName>Supported languages</prettyName>
<size>30</size>
<tooltip></tooltip>
<unmodifiable>0</unmodifiable>
<validationMessage></validationMessage>
<validationRegExp></validationRegExp>
<classType>com.xpn.xwiki.objects.classes.StringClass</classType>
</languages>
<ldap>
<displayFormType>select</displayFormType>
<displayType>yesno</displayType>
<name>ldap</name>
<number>60</number>
<prettyName>Ldap</prettyName>
<unmodifiable>0</unmodifiable>
<classType>com.xpn.xwiki.objects.classes.BooleanClass</classType>
</ldap>
<ldap_UID_attr>
<name>ldap_UID_attr</name>
<number>69</number>
<prettyName>Ldap UID attribute name</prettyName>
<size>60</size>
<unmodifiable>0</unmodifiable>
<classType>com.xpn.xwiki.objects.classes.StringClass</classType>
</ldap_UID_attr>
<ldap_base_DN>
<name>ldap_base_DN</name>
<number>68</number>
<prettyName>Ldap base DN</prettyName>
<size>60</size>
<unmodifiable>0</unmodifiable>
<classType>com.xpn.xwiki.objects.classes.StringClass</classType>
</ldap_base_DN>
<ldap_bind_DN>
<name>ldap_bind_DN</name>
<number>63</number>
<prettyName>Ldap login matching</prettyName>
<size>60</size>
<unmodifiable>0</unmodifiable>
<classType>com.xpn.xwiki.objects.classes.StringClass</classType>
</ldap_bind_DN>
<ldap_bind_pass>
<name>ldap_bind_pass</name>
<number>64</number>
<prettyName>Ldap password matching</prettyName>
<size>60</size>
<unmodifiable>0</unmodifiable>
<classType>com.xpn.xwiki.objects.classes.StringClass</classType>
</ldap_bind_pass>
<ldap_exclude_group>
<name>ldap_exclude_group</name>
<number>67</number>
<prettyName>Ldap group to exclude</prettyName>
<size>60</size>
<unmodifiable>0</unmodifiable>
<classType>com.xpn.xwiki.objects.classes.StringClass</classType>
</ldap_exclude_group>
<ldap_fields_mapping>
<name>ldap_fields_mapping</name>
<number>70</number>
<prettyName>Ldap user fiels mapping</prettyName>
<size>60</size>
<unmodifiable>0</unmodifiable>
<classType>com.xpn.xwiki.objects.classes.StringClass</classType>
</ldap_fields_mapping>
<ldap_group_mapping>
<name>ldap_group_mapping</name>
<number>72</number>
<prettyName>Ldap groups mapping</prettyName>
<rows>5</rows>
<size>60</size>
<unmodifiable>0</unmodifiable>
<classType>com.xpn.xwiki.objects.classes.TextAreaClass</classType>
</ldap_group_mapping>
<ldap_groupcache_expiration>
<name>ldap_groupcache_expiration</name>
<number>73</number>
<prettyName>LDAP groups members cache</prettyName>
<size>60</size>
<unmodifiable>0</unmodifiable>
<classType>com.xpn.xwiki.objects.classes.StringClass</classType>
</ldap_groupcache_expiration>
<ldap_mode_group_sync>
<cache>0</cache>
<displayType>select</displayType>
<multiSelect>0</multiSelect>
<name>ldap_mode_group_sync</name>
<number>74</number>
<prettyName>LDAP groups sync mode</prettyName>
<relationalStorage>0</relationalStorage>
<separator> </separator>
<separators> ,|</separators>
<size>1</size>
<unmodifiable>0</unmodifiable>
<values>|always|create</values>
<classType>com.xpn.xwiki.objects.classes.StaticListClass</classType>
</ldap_mode_group_sync>
<ldap_port>
<name>ldap_port</name>
<number>62</number>
<prettyName>Ldap server port</prettyName>
<size>60</size>
<unmodifiable>0</unmodifiable>
<classType>com.xpn.xwiki.objects.classes.StringClass</classType>
</ldap_port>
<ldap_server>
<name>ldap_server</name>
<number>61</number>
<prettyName>Ldap server adress</prettyName>
<size>60</size>
<unmodifiable>0</unmodifiable>
<classType>com.xpn.xwiki.objects.classes.StringClass</classType>
</ldap_server>
<ldap_trylocal>
<displayFormType>select</displayFormType>
<displayType>yesno</displayType>
<name>ldap_trylocal</name>
<number>75</number>
<prettyName>Try local login</prettyName>
<unmodifiable>0</unmodifiable>
<classType>com.xpn.xwiki.objects.classes.BooleanClass</classType>
</ldap_trylocal>
<ldap_update_user>
<displayFormType>select</displayFormType>
<displayType>yesno</displayType>
<name>ldap_update_user</name>
<number>71</number>
<prettyName>Update user from LDAP</prettyName>
<unmodifiable>0</unmodifiable>
<classType>com.xpn.xwiki.objects.classes.BooleanClass</classType>
</ldap_update_user>
<ldap_user_group>
<name>ldap_user_group</name>
<number>66</number>
<prettyName>Ldap group filter</prettyName>
<size>60</size>
<unmodifiable>0</unmodifiable>
<classType>com.xpn.xwiki.objects.classes.StringClass</classType>
</ldap_user_group>
<ldap_validate_password>
<displayFormType>select</displayFormType>
<displayType>yesno</displayType>
<name>ldap_validate_password</name>
<number>65</number>
<prettyName>Validate Ldap user/password</prettyName>
<unmodifiable>0</unmodifiable>
<classType>com.xpn.xwiki.objects.classes.BooleanClass</classType>
</ldap_validate_password>
<leftPanels>
<customDisplay></customDisplay>
<name>leftPanels</name>
<number>44</number>
<prettyName>Panels displayed on the left</prettyName>
<size>60</size>
<tooltip></tooltip>
<unmodifiable>0</unmodifiable>
<validationMessage></validationMessage>
<validationRegExp></validationRegExp>
<classType>com.xpn.xwiki.objects.classes.StringClass</classType>
</leftPanels>
<macros_groovy>
<customDisplay></customDisplay>
<name>macros_groovy</name>
<number>28</number>
<prettyName>Macros for Groovy</prettyName>
<size>60</size>
<tooltip></tooltip>
<unmodifiable>0</unmodifiable>
<validationMessage></validationMessage>
<validationRegExp></validationRegExp>
<classType>com.xpn.xwiki.objects.classes.StringClass</classType>
</macros_groovy>
<macros_languages>
<customDisplay></customDisplay>
<name>macros_languages</name>
<number>26</number>
<prettyName>Macros Languages</prettyName>
<size>60</size>
<tooltip></tooltip>
<unmodifiable>0</unmodifiable>
<validationMessage></validationMessage>
<validationRegExp></validationRegExp>
<classType>com.xpn.xwiki.objects.classes.StringClass</classType>
</macros_languages>
<macros_mapping>
<contenttype>FullyRenderedText</contenttype>
<customDisplay></customDisplay>
<editor>---</editor>
<name>macros_mapping</name>
<number>30</number>
<prettyName>Macros Mapping</prettyName>
<rows>15</rows>
<size>60</size>
<tooltip></tooltip>
<unmodifiable>0</unmodifiable>
<validationMessage></validationMessage>
<validationRegExp></validationRegExp>
<classType>com.xpn.xwiki.objects.classes.TextAreaClass</classType>
</macros_mapping>
<macros_velocity>
<customDisplay></customDisplay>
<name>macros_velocity</name>
<number>27</number>
<prettyName>Macros for Velocity</prettyName>
<size>60</size>
<tooltip></tooltip>
<unmodifiable>0</unmodifiable>
<validationMessage></validationMessage>
<validationRegExp></validationRegExp>
<classType>com.xpn.xwiki.objects.classes.StringClass</classType>
</macros_velocity>
<macros_wiki>
<customDisplay></customDisplay>
<name>macros_wiki</name>
<number>32</number>
<prettyName>Macros for the Wiki Parser</prettyName>
<size>60</size>
<tooltip></tooltip>
<unmodifiable>0</unmodifiable>
<validationMessage></validationMessage>
<validationRegExp></validationRegExp>
<classType>com.xpn.xwiki.objects.classes.StringClass</classType>
</macros_wiki>
<macros_wiki2>
<customDisplay></customDisplay>
<name>macros_wiki2</name>
<number>29</number>
<prettyName>Macros for new Wiki Parser</prettyName>
<size>60</size>
<tooltip></tooltip>
<unmodifiable>0</unmodifiable>
<validationMessage></validationMessage>
<validationRegExp></validationRegExp>
<classType>com.xpn.xwiki.objects.classes.StringClass</classType>
</macros_wiki2>
<menu>
<contenttype>FullyRenderedText</contenttype>
<customDisplay></customDisplay>
<editor>---</editor>
<name>menu</name>
<number>8</number>
<prettyName>Menu</prettyName>
<rows>8</rows>
<size>60</size>
<tooltip></tooltip>
<unmodifiable>0</unmodifiable>
<validationMessage></validationMessage>
<validationRegExp></validationRegExp>
<classType>com.xpn.xwiki.objects.classes.TextAreaClass</classType>
</menu>
<meta>
<contenttype>FullyRenderedText</contenttype>
<customDisplay></customDisplay>
<editor>---</editor>
<name>meta</name>
<number>9</number>
<prettyName>HTTP Meta Info</prettyName>
<rows>5</rows>
<size>40</size>
<tooltip></tooltip>
<unmodifiable>0</unmodifiable>
<validationMessage></validationMessage>
<validationRegExp></validationRegExp>
<classType>com.xpn.xwiki.objects.classes.TextAreaClass</classType>
</meta>
<multilingual>
<customDisplay></customDisplay>
<defaultValue></defaultValue>
<displayFormType>select</displayFormType>
<displayType>yesno</displayType>
<name>multilingual</name>
<number>19</number>
<prettyName>Multi-Lingual</prettyName>
<tooltip></tooltip>
<unmodifiable>0</unmodifiable>
<validationMessage></validationMessage>
<validationRegExp></validationRegExp>
<classType>com.xpn.xwiki.objects.classes.BooleanClass</classType>
</multilingual>
<notification_pages>
<customDisplay></customDisplay>
<name>notification_pages</name>
<number>33</number>
<prettyName>Notification Pages</prettyName>
<size>60</size>
<tooltip></tooltip>
<unmodifiable>0</unmodifiable>
<validationMessage></validationMessage>
<validationRegExp></validationRegExp>
<classType>com.xpn.xwiki.objects.classes.StringClass</classType>
</notification_pages>
<pageWidth>
<cache>0</cache>
<customDisplay></customDisplay>
<displayType>select</displayType>
<multiSelect>0</multiSelect>
<name>pageWidth</name>
<number>48</number>
<picker></picker>
<prettyName>Preferred page width</prettyName>
<relationalStorage>0</relationalStorage>
<separator> </separator>
<separators> ,|</separators>
<size>1</size>
<sort>none</sort>
<tooltip></tooltip>
<unmodifiable>0</unmodifiable>
<validationMessage></validationMessage>
<validationRegExp></validationRegExp>
<values>default|640|800|1024|1280|1600</values>
<classType>com.xpn.xwiki.objects.classes.StaticListClass</classType>
</pageWidth>
<parent>
<name>parent</name>
<number>52</number>
<prettyName>Parent Space</prettyName>
<size>30</size>
<unmodifiable>0</unmodifiable>
<classType>com.xpn.xwiki.objects.classes.StringClass</classType>
</parent>
<plugins>
<customDisplay></customDisplay>
<name>plugins</name>
<number>6</number>
<prettyName>Plugins</prettyName>
<size>40</size>
<tooltip></tooltip>
<unmodifiable>0</unmodifiable>
<validationMessage></validationMessage>
<validationRegExp></validationRegExp>
<classType>com.xpn.xwiki.objects.classes.StringClass</classType>
</plugins>
<registration_anonymous>
<cache>0</cache>
<customDisplay></customDisplay>
<displayType>select</displayType>
<multiSelect>0</multiSelect>
<name>registration_anonymous</name>
<number>35</number>
<picker></picker>
<prettyName>Anonymous</prettyName>
<relationalStorage>0</relationalStorage>
<separator> </separator>
<separators> ,|</separators>
<size>1</size>
<sort>none</sort>
<tooltip></tooltip>
<unmodifiable>0</unmodifiable>
<validationMessage></validationMessage>
<validationRegExp></validationRegExp>
<values>---|Image|Text</values>
<classType>com.xpn.xwiki.objects.classes.StaticListClass</classType>
</registration_anonymous>
<registration_registered>
<cache>0</cache>
<customDisplay></customDisplay>
<displayType>select</displayType>
<multiSelect>0</multiSelect>
<name>registration_registered</name>
<number>36</number>
<picker></picker>
<prettyName>Registered</prettyName>
<relationalStorage>0</relationalStorage>
<separator> </separator>
<separators> ,|</separators>
<size>1</size>
<sort>none</sort>
<tooltip></tooltip>
<unmodifiable>0</unmodifiable>
<validationMessage></validationMessage>
<validationRegExp></validationRegExp>
<values>---|Image|Text</values>
<classType>com.xpn.xwiki.objects.classes.StaticListClass</classType>
</registration_registered>
<renderXWikiGroovyRenderer>
<customDisplay></customDisplay>
<defaultValue></defaultValue>
<displayFormType>select</displayFormType>
<displayType>yesno</displayType>
<name>renderXWikiGroovyRenderer</name>
<number>42</number>
<prettyName>Render Groovy code</prettyName>
<tooltip></tooltip>
<unmodifiable>0</unmodifiable>
<validationMessage></validationMessage>
<validationRegExp></validationRegExp>
<classType>com.xpn.xwiki.objects.classes.BooleanClass</classType>
</renderXWikiGroovyRenderer>
<renderXWikiRadeoxRenderer>
<customDisplay></customDisplay>
<defaultValue></defaultValue>
<displayFormType>select</displayFormType>
<displayType>yesno</displayType>
<name>renderXWikiRadeoxRenderer</name>
<number>43</number>
<prettyName>Render Wiki syntax</prettyName>
<tooltip></tooltip>
<unmodifiable>0</unmodifiable>
<validationMessage></validationMessage>
<validationRegExp></validationRegExp>
<classType>com.xpn.xwiki.objects.classes.BooleanClass</classType>
</renderXWikiRadeoxRenderer>
<renderXWikiVelocityRenderer>
<customDisplay></customDisplay>
<defaultValue></defaultValue>
<displayFormType>select</displayFormType>
<displayType>yesno</displayType>
<name>renderXWikiVelocityRenderer</name>
<number>41</number>
<prettyName>Render velocity code</prettyName>
<tooltip></tooltip>
<unmodifiable>0</unmodifiable>
<validationMessage></validationMessage>
<validationRegExp></validationRegExp>
<classType>com.xpn.xwiki.objects.classes.BooleanClass</classType>
</renderXWikiVelocityRenderer>
<rightPanels>
<customDisplay></customDisplay>
<name>rightPanels</name>
<number>45</number>
<prettyName>Panels displayed on the right</prettyName>
<size>60</size>
<tooltip></tooltip>
<unmodifiable>0</unmodifiable>
<validationMessage></validationMessage>
<validationRegExp></validationRegExp>
<classType>com.xpn.xwiki.objects.classes.StringClass</classType>
</rightPanels>
<showLeftPanels>
<customDisplay></customDisplay>
<defaultValue></defaultValue>
<displayFormType>select</displayFormType>
<displayType>yesno</displayType>
<name>showLeftPanels</name>
<number>46</number>
<prettyName>Display the left panel column</prettyName>
<tooltip></tooltip>
<unmodifiable>0</unmodifiable>
<validationMessage></validationMessage>
<validationRegExp></validationRegExp>
<classType>com.xpn.xwiki.objects.classes.BooleanClass</classType>
</showLeftPanels>
<showRightPanels>
<customDisplay></customDisplay>
<defaultValue></defaultValue>
<displayFormType>select</displayFormType>
<displayType>yesno</displayType>
<name>showRightPanels</name>
<number>47</number>
<prettyName>Display the right panel column</prettyName>
<tooltip></tooltip>
<unmodifiable>0</unmodifiable>
<validationMessage></validationMessage>
<validationRegExp></validationRegExp>
<classType>com.xpn.xwiki.objects.classes.BooleanClass</classType>
</showRightPanels>
<skin>
<customDisplay></customDisplay>
<name>skin</name>
<number>2</number>
<prettyName>Skin</prettyName>
<size>20</size>
<tooltip></tooltip>
<unmodifiable>0</unmodifiable>
<validationMessage></validationMessage>
<validationRegExp></validationRegExp>
<classType>com.xpn.xwiki.objects.classes.StringClass</classType>
</skin>
<smtp_port>
<name>smtp_port</name>
<number>55</number>
<prettyName>SMTP Port</prettyName>
<size>5</size>
<unmodifiable>0</unmodifiable>
<classType>com.xpn.xwiki.objects.classes.StringClass</classType>
</smtp_port>
<smtp_server>
<customDisplay></customDisplay>
<name>smtp_server</name>
<number>13</number>
<prettyName>SMTP Server</prettyName>
<size>30</size>
<tooltip></tooltip>
<unmodifiable>0</unmodifiable>
<validationMessage></validationMessage>
<validationRegExp></validationRegExp>
<classType>com.xpn.xwiki.objects.classes.StringClass</classType>
</smtp_server>
<smtp_server_password>
<name>smtp_server_password</name>
<number>57</number>
<prettyName>Server password (optional)</prettyName>
<size>30</size>
<unmodifiable>0</unmodifiable>
<classType>com.xpn.xwiki.objects.classes.StringClass</classType>
</smtp_server_password>
<smtp_server_username>
<name>smtp_server_username</name>
<number>56</number>
<prettyName>Server username (optional)</prettyName>
<size>30</size>
<unmodifiable>0</unmodifiable>
<classType>com.xpn.xwiki.objects.classes.StringClass</classType>
</smtp_server_username>
<stylesheet>
<customDisplay></customDisplay>
<name>stylesheet</name>
<number>17</number>
<prettyName>Stylesheet</prettyName>
<size>30</size>
<tooltip></tooltip>
<unmodifiable>0</unmodifiable>
<validationMessage></validationMessage>
<validationRegExp></validationRegExp>
<classType>com.xpn.xwiki.objects.classes.StringClass</classType>
</stylesheet>
<stylesheets>
<customDisplay></customDisplay>
<name>stylesheets</name>
<number>18</number>
<prettyName>Stylesheets</prettyName>
<size>30</size>
<tooltip></tooltip>
<unmodifiable>0</unmodifiable>
<validationMessage></validationMessage>
<validationRegExp></validationRegExp>
<classType>com.xpn.xwiki.objects.classes.StringClass</classType>
</stylesheets>
<tags>
<customDisplay></customDisplay>
<defaultValue></defaultValue>
<displayFormType>select</displayFormType>
<displayType>yesno</displayType>
<name>tags</name>
<number>51</number>
<prettyName>Activate the tagging</prettyName>
<tooltip></tooltip>
<unmodifiable>0</unmodifiable>
<validationMessage></validationMessage>
<validationRegExp></validationRegExp>
<classType>com.xpn.xwiki.objects.classes.BooleanClass</classType>
</tags>
<title>
<customDisplay></customDisplay>
<name>title</name>
<number>10</number>
<prettyName>Title</prettyName>
<size>30</size>
<tooltip></tooltip>
<unmodifiable>0</unmodifiable>
<validationMessage></validationMessage>
<validationRegExp></validationRegExp>
<classType>com.xpn.xwiki.objects.classes.StringClass</classType>
</title>
<upload_maxsize>
<name>upload_maxsize</name>
<number>53</number>
<numberType>long</numberType>
<prettyName>Maximum Upload Size</prettyName>
<size>5</size>
<unmodifiable>0</unmodifiable>
<classType>com.xpn.xwiki.objects.classes.NumberClass</classType>
</upload_maxsize>
<use_email_verification>
<customDisplay></customDisplay>
<defaultValue></defaultValue>
<displayFormType>select</displayFormType>
<displayType>yesno</displayType>
<name>use_email_verification</name>
<number>24</number>
<prettyName>Use eMail Verification</prettyName>
<tooltip></tooltip>
<unmodifiable>0</unmodifiable>
<validationMessage></validationMessage>
<validationRegExp></validationRegExp>
<classType>com.xpn.xwiki.objects.classes.BooleanClass</classType>
</use_email_verification>
<validation_email_content>
<contenttype>FullyRenderedText</contenttype>
<customDisplay></customDisplay>
<editor>---</editor>
<name>validation_email_content</name>
<number>15</number>
<prettyName>Validation eMail Content</prettyName>
<rows>10</rows>
<size>72</size>
<tooltip></tooltip>
<unmodifiable>0</unmodifiable>
<validationMessage></validationMessage>
<validationRegExp></validationRegExp>
<classType>com.xpn.xwiki.objects.classes.TextAreaClass</classType>
</validation_email_content>
<version>
<customDisplay></customDisplay>
<name>version</name>
<number>12</number>
<prettyName>Version</prettyName>
<size>30</size>
<tooltip></tooltip>
<unmodifiable>0</unmodifiable>
<validationMessage></validationMessage>
<validationRegExp></validationRegExp>
<classType>com.xpn.xwiki.objects.classes.StringClass</classType>
</version>
<webbgcolor>
<customDisplay></customDisplay>
<name>webbgcolor</name>
<number>2</number>
<prettyName>Web Background Color</prettyName>
<size>10</size>
<tooltip></tooltip>
<unmodifiable>0</unmodifiable>
<validationMessage></validationMessage>
<validationRegExp></validationRegExp>
<classType>com.xpn.xwiki.objects.classes.StringClass</classType>
</webbgcolor>
<webcopyright>
<customDisplay></customDisplay>
<name>webcopyright</name>
<number>5</number>
<prettyName>Web Copyright</prettyName>
<size>60</size>
<tooltip></tooltip>
<unmodifiable>0</unmodifiable>
<validationMessage></validationMessage>
<validationRegExp></validationRegExp>
<classType>com.xpn.xwiki.objects.classes.StringClass</classType>
</webcopyright>
</class>
<name>XWiki.XWikiPreferences</name>
<number>0</number>
<className>XWiki.XWikiPreferences</className>
<guid>a2464e0e-d798-467c-8f3e-8ae4443cd4fe</guid>
<property>
<ad_clientid></ad_clientid>
</property>
<property>
<admin_email>jadex-wiki@informatik.uni-hamburg.de</admin_email>
</property>
<property>
<auth_active_check>1</auth_active_check>
</property>
<property>
<authenticate_edit>0</authenticate_edit>
</property>
<property>
<authenticate_view>0</authenticate_view>
</property>
<property>
<colorTheme>ColorThemes.DefaultColorTheme</colorTheme>
</property>
<property>
<comment_anonymous>---</comment_anonymous>
</property>
<property>
<comment_registered>---</comment_registered>
</property>
<property>
<confirmation_email_content>#set($wikiurl = $xwiki.getDocument("Main.WebHome").getExternalURL())
#set($wikiname = $wikiurl.substring($wikiurl.indexOf("//")))
#set($wikiname = $wikiname.substring(2, $wikiname.indexOf("/", 3)))
Subject: Your account on $wikiname has been activated

Hello $xwiki.getUserName("$xwikiname", false),

Your account on $wikiname has been successfully activated. You can now login at $xwiki.getDocument("XWiki.XWikiLogin").getExternalURL("login") using your username ($xwiki.getDocument($xwikiname).getName()).</confirmation_email_content>
</property>
<property>
<convertmail></convertmail>
</property>
<property>
<core.defaultDocumentSyntax></core.defaultDocumentSyntax>
</property>
<property>
<dateformat></dateformat>
</property>
<property>
<default_language>en</default_language>
</property>
<property>
<documentBundles></documentBundles>
</property>
<property>
<edit_anonymous>---</edit_anonymous>
</property>
<property>
<edit_registered>---</edit_registered>
</property>
<property>
<editbox_height></editbox_height>
</property>
<property>
<editbox_width></editbox_width>
</property>
<property>
<editor>Text</editor>
</property>
<property>
<invitation_email_content></invitation_email_content>
</property>
<property>
<javamail_extra_props></javamail_extra_props>
</property>
<property>
<languages></languages>
</property>
<property>
<leftPanels>Panels.Search,Panels.Navigation,Panels.NewPage</leftPanels>
</property>
<property>
<macros_groovy></macros_groovy>
</property>
<property>
<macros_languages></macros_languages>
</property>
<property>
<macros_mapping></macros_mapping>
</property>
<property>
<macros_velocity></macros_velocity>
</property>
<property>
<macros_wiki></macros_wiki>
</property>
<property>
<macros_wiki2></macros_wiki2>
</property>
<property>
<menu>&lt;a href="$xwiki.getURL("Main.WebHome","view")"&gt;Home&lt;/a&gt;&lt;span&gt; | &lt;/span&gt; 
&lt;a href="$xwiki.getURL("Blog.WebHome","view")"&gt;Blog&lt;/a&gt;&lt;span&gt; | &lt;/span&gt; 
&lt;a href="$xwiki.getURL("Main.WhatsNew","view")"&gt;What's new&lt;/a&gt;&lt;span&gt; | &lt;/span&gt; 
&lt;a href="$xwiki.getURL("Main.WebSearch","view")"&gt;Search&lt;/a&gt;&lt;span&gt; | &lt;/span&gt; 
#if($xwiki.hasAdminRights())
&lt;a href="$xwiki.getURL("XWiki.WebHome","view")"&gt;Admin&lt;/a&gt;&lt;span&gt; | &lt;/span&gt; 
#end
&lt;a href="$xwiki.getURL("Doc.WebHome","view")"&gt;Doc&lt;/a&gt;&lt;span&gt; | &lt;/span&gt;
&lt;a href="$xwiki.getURL("XWiki.RegisterNewUser","view")"&gt;Register&lt;/a&gt;&lt;span&gt; | &lt;/span&gt;
</menu></property><property><meta>&lt;meta name="revisit-after" content="7 days" /&gt;
&lt;meta name="description" content="$xwiki.getXMLEncoded($!doc.getRenderedTitle("plain/1.0"))" /&gt;
#set($keywords = "wiki,$!doc.getTags()")
&lt;meta name="keywords" content="$xwiki.getXMLEncoded($keywords.replaceAll('[|,]', ' ').trim())" /&gt;
&lt;meta name="distribution" content="GLOBAL" /&gt;
&lt;meta name="rating" content="General" /&gt;
&lt;meta name="author" content="$xwiki.getXMLEncoded($!xwiki.getLocalUserName($doc.getAuthor(), false))" /&gt;
&lt;meta http-equiv="reply-to" content="" /&gt;
&lt;meta name="language" content="$!context.language" /&gt;
## We verify that we don't display RSS feeds on the login page since it causes problems if these feeds are
## protected. In addition it makes the login redirect to the feeds page in some cases.
#if($doc.fullName != "XWiki.XWikiLogin")
&lt;link rel="alternate" type="application/rss+xml" title="Wiki Feed RSS" href="$xwiki.getURL('Main.WebRss', 'view', 'xpage=rdf')" /&gt;
&lt;link rel="alternate" type="application/rss+xml" title="Blog RSS Feed" href="$xwiki.getURL('Blog.GlobalBlogRss', 'view', 'xpage=plain')" /&gt;
#end</meta>
</property>
<property>
<multilingual>0</multilingual>
</property>
<property>
<notification_pages></notification_pages>
</property>
<property>
<pageWidth>default</pageWidth>
</property>
<property>
<plugins></plugins>
</property>
<property>
<registration_anonymous>---</registration_anonymous>
</property>
<property>
<registration_registered>---</registration_registered>
</property>
<property>
<renderXWikiGroovyRenderer></renderXWikiGroovyRenderer>
</property>
<property>
<renderXWikiRadeoxRenderer></renderXWikiRadeoxRenderer>
</property>
<property>
<renderXWikiVelocityRenderer></renderXWikiVelocityRenderer>
</property>
<property>
<rightPanels></rightPanels>
</property>
<property>
<showLeftPanels>1</showLeftPanels>
</property>
<property>
<showRightPanels>0</showRightPanels>
</property>
<property>
<skin>XWiki.DefaultSkin</skin>
</property>
<property>
<smtp_port></smtp_port>
</property>
<property>
<smtp_server>mailhost.informatik.uni-hamburg.de</smtp_server>
</property>
<property>
<smtp_server_password></smtp_server_password>
</property>
<property>
<smtp_server_username></smtp_server_username>
</property>
<property>
<stylesheet>style.css</stylesheet>
</property>
<property>
<stylesheets>style.css</stylesheets>
</property>
<property>
<title>$tdoc.getRenderedTitle("plain/1.0") ($doc.fullName) - XWiki</title>
</property>
<property>
<upload_maxsize>33554432</upload_maxsize>
</property>
<property>
<use_email_verification>1</use_email_verification>
</property>
<property>
<validation_email_content>#set($wikiurl = $xwiki.getDocument("Main.WebHome").getExternalURL())
#set($wikiname = $wikiurl.substring($wikiurl.indexOf("//")))
#set($wikiname = $wikiname.substring(2, $wikiname.indexOf("/", 3)))
Subject: Validate your account on $wikiname

Hello $xwiki.getUserName("XWiki.$xwikiname", false),

This email address was used to register a new account on ${wikiname}. If you did not make the request, please ignore this message.

In order to activate your account, please follow this link:
$xwiki.getDocument("XWiki.AccountValidation").getExternalURL("view", "validkey=${validkey}&amp;xwikiname=${xwikiname}")</validation_email_content>
</property>
<property>
<version>XWiki Enterprise $xwiki.getVersion() - &lt;a onclick="openURL('http://enterprise.xwiki.org/xwiki/bin/view/Main/Documentation', '_blank'); return false;" href="http://www.xwiki.org/xwiki/bin/view/Main/Documentation"&gt;Documentation&lt;/a&gt;</version>
</property>
<property>
<webbgcolor></webbgcolor>
</property>
<property>
<webcopyright>Copyright (C) 2002-2010 Lars Braubach, Alexander Pokahr - University of Hamburg</webcopyright>
</property>
</object>
<content>#includeForm("XWiki.AdminSheet")</content>
</xwikidoc>
