<chapter id="addons.webbridge.examples">
	<title>Examples</title>
	<para>
		Once you have successfully tested the Webbridge you can go on with the next step of writing
		your own application. In the following we will introduce and explain several different examples
		which you may use as a basis for your application. Each of these examples ships with the Webbridge
		distribution, so you will find them at the same location as the puzzle application (see <xref linkend="addons.webbridge.pointsofinterest"/>).
	</para>
	<section id="addons.webbridge.examples.generic_parts">
		<title>Generic parts of each example</title>
        <para>
			Every example contains a <code>src</code>- and a <code>web</code>-directory with several subdirectories
			as well as a <code>build.properties</code> and a <code>build.xml</code> file.
 			You are encouraged to copy &amp; paste the directory structures and the two files when writing your
			own applications, because these only need slight modifications if being reused.
        </para>
		<section id="addons.webbridge.examples.generic_parts.build_properties">
			<title>build.properties</title>
			<para>
				This file contains a few properties used only for the build process.
				You already saw and modified such a file in <xref linkend="addons.webbridge.environment.building.puzzle_example"/>
				to adapt the puzzle example to your environment. Besides the two path-properties for your agent
				system and your servlet container, there are two additional properties called <code>app.name</code> and
				<code>servlet.includes</code>. The first one is not only used to name your application, but also to name
				the <emphasis>war</emphasis>-file (Web ARchive) to be created and copied to the servlet container and
				to refer to your application on the webserver. For example, a statement like <code>app.name = puzzle</code>
				leads to the creation of a <code>puzzle.war</code> and you refer to your application with the URL
				<code>http://%hostname%/puzzle</code>.
			</para>
			<para>
				The second property states which of your Java sources are used by any of your servlets.
 				The source files are compiled during the build-process, packaged into the war-file and are hence
				accessible by your servlets. For example, <code>servlet.includes = **/*.java</code> states the
				usage of all java sources within all (sub-)directories of the current location. Non-source files
				such as images need not be considered.
			</para>
		</section>
		<section id="addons.webbridge.examples.generic_parts.build_xml">
			<title>build.xml</title>
			<para>
				The build.xml, together with the build.properties, is used by ANT to compile your sources,
 				copy additionally required resources (e.g. libraries) to the appropriate locations and
				bundle everything in a jar- or war-file respectively. The xml-file hence contains several
				tasks and subtasks. Although none of these need to be modified by you, there are two tasks
				of special interest, because you have to initiate them by yourself.
			</para>
			<para>
				The first one is the <code>compile</code> target. Running this target
 				(e.g. by calling <code>ant compile</code> at the command line) creates a build directory containing
				all the classes and Agent Definition Files (ADFs) your agents need. The second important target is
				called <code>deploy</code> (run with <code>ant deploy</code>). While the compile-target is
				responsible for the agent-tier, this target prepares everything for the presentation-tier.
				The result is a war-file, containing jsp-pages, servlet classes and other resources like
				images or stylesheets. In case you specified the correct destination for the autodeploy-path in
				the build.properties, the target finally copies the resulting war-file to your servlet container.
			</para>
		</section>
		<section id="addons.webbridge.examples.generic_parts.src_dir">
			<title>src-directory</title>
			<para>
				There is not much to say about this directory. It contains all the source-files used by your
				agents or servlets.
			</para>
		</section>
		<section id="addons.webbridge.examples.generic_parts.web_dir">
			<title>web-directory</title>
			<para>
				This directory contains everything needed at the presentation-tier. Because the contents of this
				directory will be packaged into a war-file (by the <code>deploy</code>-target) you have to take
				care of the given directory structure. The <code>WEB-INF</code> directory contains two subdirectories
				and a file called <code>web.xml</code>. This file is very important because it contains configuration settings
 				for your web application and we will get back to it later on. The <code>lib</code>-directory is the
				place where Java libraries (e.g. jar-files) used by your JSP-pages or servlets go.
 				And, like the name indicates, the <code>jsp</code>-directory contains all jsp-files.
				All the other files your web application needs (e.g. images, stylesheets, script-files
				and miscellaneous binary-files) reside in the last directory, called <code>resources</code>.
			</para>
		</section>
	</section>
	<section id="addons.webbridge.examples.helloworld">
		<title>Hello World !</title>
		<para>
			This is the most simple example one can envision. Once you access the address <code>http://%hostname%/helloworld</code>
 			with your web browser a simple text message is displayed. But this message is not returned by a static HTML-page,
			but by an agent, who received your request and returned a friendly response. This example is
			a good introduction since it lacks any complexity. The request originating from your browser is dispatched
			by the Delegate servlet to the Coordinator agent and further on to the HelloWorld agent. The HelloWorld agent
			only has one plan, which is triggered every time a web request is received.
 			The plan creates a <code>Response</code> object, sets a <code>msg</code>-parameter and returns.
			A standard JSP-page (<code>index.jsp</code>) is then responsible for rendering the output.
			This page only extracts the msg-parameter from the Response-object and writes it into the
			output stream delivered back to the browser. The details of the whole process will be explained
			in full detail within the next subsections.
		</para>
		<section id="addons.webbridge.examples.helloworld.webxml">
			<title>web.xml</title>
			<para>
				The web.xml is a file used by the servlet container to setup your application.
				It specifies which servlets the application contains and the necessary Java classes
				as well as initialization parameters and finally a mapping between the servlets and 
				the addresses used to access the servlets. Below you see the complete web.xml of the
				Hello World-application. It is recommended to always use this definition as a starting
				point for your own application, because the xml not only defines custom application settings
				but also - as we will see in the following - spome generic settings for the webbridge itself.
			</para>
			<para>
 			    <figure id="addons.webbridge.examples.helloworld.webxml.figure">
				<title>Contents of the web.xml file used by the servlet container to setup the Hello World-application</title>

				<programlisting>&lt;web-app [...omitted attributes...]&gt;
  &lt;servlet&gt;
    &lt;servlet-name&gt;DelegateServlet&lt;/servlet-name&gt;
    &lt;servlet-class&gt;jadex.bridge.delegate.DelegateServlet&lt;/servlet-class&gt;
    &lt;init-param&gt;
      &lt;description&gt;Host and port of agent container.&lt;/description&gt;
      &lt;param-name&gt;agent_container&lt;/param-name&gt;
      &lt;param-value&gt;localhost:9090&lt;/param-value&gt;
    &lt;/init-param&gt;
    &lt;init-param&gt;
      &lt;description&gt;The location of jsp pages within the war-file.&lt;/description&gt;
      &lt;param-name&gt;jsp_prefix&lt;/param-name&gt;
      &lt;param-value&gt;/WEB-INF/jsp/&lt;/param-value&gt;
    &lt;/init-param&gt;
    &lt;init-param&gt;
      &lt;description&gt;Name of the application agent type.&lt;/description&gt;
      &lt;param-name&gt;session_agent_type&lt;/param-name&gt;
      &lt;param-value&gt;jadex.bridge.examples.helloworld.HelloWorld&lt;/param-value&gt;
    &lt;/init-param&gt;
  &lt;/servlet&gt;

  &lt;servlet-mapping&gt;
    &lt;servlet-name&gt;DelegateServlet&lt;/servlet-name&gt;
    &lt;url-pattern&gt;/&lt;/url-pattern&gt;
  &lt;/servlet-mapping&gt;
&lt;/web-app&gt;</programlisting>
				</figure>
 			</para>
			<para>
				Because we use agents to handle all the business logic of our
				application we only have one servlet, namely <code>DelegateServlet</code>, defined.
				You always have to declare this servlet in every web.xml you write for your own. This servlet
				takes three mandatory parameters: 1) <code>agent_container</code>, 2) <code>jsp_prefix</code> and 3) <code>session_agent_type</code>.
				The first two parameters are not of interest at this stage, but the session_agent_type
				is important. This parameter is used for registering the HelloWorld-agent at the Coordinator-agent so that
				the Coordinator knows to whom to dispatch incoming requests. The name of the agent has to be fully
				qualified, that means you have to provide the package as well as the name of the agent as specified
				in its <code>HelloWorld.agent.xml</code>.
			</para>
			<para>
				Below the servlet declaration you see the servlet-mapping. The mapping defines the responsibilities
				or address space respectivly for each servlet. In our example we define that the DelegateServlet
				shall be responsible for every request to <code>http://%hostname%/helloworld/</code>.
			</para>
		</section>
		<section id="addons.webbridge.examples.helloworld.agent">
			<title>Hello World-Agent</title>
			<para>
				The Hello World-agent, in contrast to the web.xml and the JSP-pages,
				resides on the agent-tier. This agent implements the business logic.
 				In our example it simply responds to a request with a friendly <emphasis>Hello !</emphasis>
				Agents running in a webbridge scenario do not differ much from the 'normal' Jadex agents.
				Every agent has a meta-model defined by the agent definition file (<code>*.agent.xml</code>),
				a set of plan-classes and possibly other classes or libraries.
 				So does the HelloWorld-agent. You find the agent definition file (ADF) as well as the agent's plan classes at
				<code>\jadex-webbridge-0.96\examples\helloworld\src\jadex\bridge\examples\helloworld</code>.
				In the following we will have a closer look into the ADF and the plan-classes and point out
				the webbridge specialities.
			</para>
			<para>
				An ADF for a webbridge agent is structured like any other ADF. You have
				imports, plan- and goal-declarations, beliefs etc. In order to use
				the webbridge functions we first need to import two webbridge-packages
				and to declare the webbridge-capability.
				<figure id="addons.webbridge.examples.helloworld.agent.figure.adf.import">
					<title>Import- and capability declarations of the HelloWorld-ADF</title>

					<programlisting>&lt;imports&gt;
	  &lt;import&gt;jadex.bridge.onto.*&lt;/import&gt;
	  &lt;import&gt;jadex.bridge.application.*&lt;/import&gt;
	&lt;/imports&gt;

	&lt;capabilities&gt;
	  &lt;capability name="webcap" file="WebInteraction"/&gt;
	&lt;/capabilities&gt;</programlisting>
				</figure>
			</para>
			<para>
				An agent is notified about incoming (web-)requests by a goal-trigger.
				The goal is used to abstract from the details of handling such requests
				and gives access to a <code>Request</code>- and a <code>Response</code>-object.
				The Request-object encapsulates attributes such as request-parameter
 				(<code>GET</code> and POST) and the session-id. The Response-object
				may be used to hand over information to the JSP-pages for example.
				The goal itself is defined in the <code>WebInteraction</code>-capability,
				but needs to be referenced in the ADF as can be seen in the figure below.
				<figure id="addons.webbridge.examples.helloworld.agent.figure.adf.goal">
					<title>Goal declaration of the HelloWorld-ADF</title>

					<programlisting>&lt;goals&gt;
  &lt;achievegoal name="web_request"&gt;
    &lt;assignto ref="webcap.web_request"/&gt;
    &lt;parameter name="request" class="jadex.bridge.onto.Request"&gt;
      &lt;assignto ref="webcap.web_request.request"/&gt;
    &lt;/parameter&gt;
    &lt;parameter name="response" class="jadex.bridge.onto.Response" direction="out"&gt;
      &lt;assignto ref="webcap.web_request.response"/&gt;
    &lt;/parameter&gt;
    &lt;parameter name="type" class="String"&gt;
      &lt;assignto ref="webcap.web_request.type"/&gt;
    &lt;/parameter&gt;
  &lt;/achievegoal&gt;
&lt;/goals&gt;</programlisting>
				</figure>
			</para>
			<para>
				In order to react to the goal we also have to declare a plan.
				While the goal-declaration does not need to be modified, the plan
				declaration is specific for each type of request. Since we only have
				one request-type in this example we do not have to distinguish between
				several types and therefore omitt further explanation in this section.
				Our <code>say_hello</code>-plan is simply invoked every time the web-request
				goal is triggered.
				<figure id="addons.webbridge.examples.helloworld.agent.figure.adf.plan">
					<title>Plan declaration of the HellowWorld-ADF</title>

					<programlisting>&lt;plan name="say_hello"&gt;
  &lt;body class="SayHelloPlan" /&gt;
  &lt;trigger&gt;
      &lt;goal ref="web_request"/&gt;
  &lt;/trigger&gt;
&lt;/plan&gt;</programlisting>
				</figure>
			</para>
			<para>
				Now that we have made the declarations in the ADF for using the webbridge
				we can have a look on the plan, that is instantiated on arrival of a web-request,
				the <code>SayHelloPlan</code>. This plan is responsible for answering
				the request by simply creating a Response-object and adding a parameter with the
 				welcome message to this object. This parameter may later on be accessed by JSP-pages
				as we will see in the next subsection.
 			    <figure id="addons.webbridge.examples.helloworld.agent.figure.plan">
				<title>Extract of the SayHello-plan</title>

				<programlisting>public void body()
{
  // get the request and create a new response
  IProcessGoal goal = getRootGoal();
  Request  request = (Request)goal.getParameter("request").getValue();
  Response response = new Response(request.getSessionId());

  // add a parameter to the response
  response.addParameterValue("msg", getBeliefbase().getBelief("msg").getFact());

  // set our newly created response object to be the response to the request
  goal.getParameter("response").setValue(response);
}</programlisting>
				</figure>
 			</para>
		</section>
		<section id="addons.webbridge.examples.helloworld.indexjsp">
			<title>index.jsp</title>
			<para>
				JSP-pages are used to render the output for a request. Since this tutorial is not
				about writing JSP-pages we only give a glance of what is contained in the <code>index.jsp</code>
 				of our Hello World-application. For more information about <emphasis>Java Server Pages</emphasis>
 				please have a look at <emphasis>http://to.do</emphasis> .
			</para>
			<para>
 			    <figure id="addons.webbridge.examples.helloworld.indexjsp.figure">
				<title>Contents of the index.jsp file used to render the output</title>

				<programlisting>&lt;jsp:useBean class="jadex.bridge.delegate.SessionBeanManager" id="beanmanager" scope="session"/&gt;

&lt;html&gt;
  &lt;head&gt;&lt;title&gt;Jadex Webbridge - HelloWorld&lt;/title&gt;&lt;/head&gt;
  &lt;body&gt;
    &lt;h1&gt;&lt;%= request.getAttribute("msg") %&gt;&lt;/h1&gt;
  &lt;/body&gt;
&lt;/html&gt;</programlisting>
				</figure>
 			</para>
			<para>
				This JSP only prints out the <code>msg</code>-attribute, that has been set by the Hello World-agent's
				plan. The <code>request</code> object used to access this attribute is a global
				variable accessible in every JSP-page and must therefore not be declared explicitly.
			</para>
		</section>
	</section>

</chapter>