<?xml version="1.0" encoding="UTF-8"?>
<!--<!DOCTYPE chapter PUBLIC "-//OASIS//DTD DocBook XML V4.1.2//EN"
"../docbook/dtd/docbookx.dtd" >-->
<chapter id="addons.webbridge">
	<title>Jadex Webbridge</title>
	<para>
		The <emphasis>Jadex Webbridge</emphasis> solution provides an illustrative application of
		agent technology combined with the art of WWW content presentation. It allows for an easy
 		implementation of agent applications interacting with a user through a web interface. This
		kind of application is normally referred to as a <emphasis>web application</emphasis>.
		For the task of building web applications a bunch of different web frameworks
		exists that aim at providing support for recurring and tedious tasks. But existing
		frameworks are conceived to work with standard object-oriented applications only and do
		not respect the particularities and possibilities of agent applications.
		Hence, the webbridge - like the name indicates - is employed for bridging the gap between the
		user's view of the WWW and the programmer's view of agent-based applications.
	</para>
	<para>
		This guide will show you how to easily write your own agent-backed web applications.
		In case you are already familiar with the Jadex programming framework you will see that
		building web frontends for your agent-based applications is indeed very easy, if not we highly recommend
		to read the <emphasis>Jadex User Guide</emphasis> and the <emphasis>Jadex Tutorial</emphasis> first.
	</para>
	<para>
		This guide will explain ...
		<itemizedlist mark='opencircle'>
			<listitem>
				<para>
					when and why to use the webbridge
				</para>
			</listitem>
			<listitem>
				<para>
					the architecture of the webbridge
				</para>
			</listitem>
			<listitem>
				<para>
					how to set up the environment for the webbridge
				</para>
			</listitem>
			<listitem>
				<para>
					how to run the puzzle example that ships with the webbridge distribution and
				</para>
			</listitem>
			<listitem>
				<para>
					how to create your own agent-based web application
				</para>
			</listitem>
		</itemizedlist>
	</para>
	<para>	
		This guide will not explain details about ...
		<itemizedlist mark='opencircle'>
			<listitem>
				<para>
					existing web technologies, like webservers, servlets or Java Server Pages (JSPs).
					But for the ones still new to these technologies, references for further reading will be given
				</para>
			</listitem>
		</itemizedlist>
	</para>
	<para>
		Before we get started we like to encourage you to ask questions in case you did not
		understand our intentions or tell us if you encounter any mistakes. This will help
		us to improve and complete this guide.
		You will get help in our Jadex forum at <ulink role="external" url="http://sourceforge.net/projects/jadex">http://sourceforge.net/projects/jadex</ulink>
	</para>
	
	<section id="addons.webbridge.whatfor">
		<title>Behind the Scenes of Web Apps</title>
		<para>
			If you are not very familiar with web applications you may have wondered, what happens
			to the data that is sent over the Internet once you submit a form on a website.
			In most cases this data is handled by so called PHP- or CGI-scripts which use your input
			to query a database, to send emails or to do some business calculations. As a result
			these scripts present you a new page containing some kind of outcome of these operations,
			e.g. a list of products you searched for.
		</para>
		<para>
			Though it is of course possible to use these techniques to build complex programs
			they are often used for small and mid-sized applications like guestbooks or web shops.
			For the ones who want to build complex applications, there are a number of other solutions,
			which are more or less accepted by the web development community.
		</para>
		<para>
			One of the most popular approaches is called Java EE<footnote>http://java.sun.com/javaee/</footnote>, the <emphasis>Java Platform, Enterprise Edition</emphasis>
			(formerly known as J2EE). This is a specification of an architecture for developing and
			running applications in distributed environments, like the Internet for example.
		</para>
		<para>
			Java EE provides a set of API-specifications used for building components, which may run on web servers
			to process any user interactions. Two of these specifications are especially interesting for our
			purpose, these are 1) the <emphasis>Java Servlet-API<footnote>http://java.sun.com/products/servlet/2.3/javadoc/index.html</footnote></emphasis> and 2) the <emphasis>Java Server Pages</emphasis> (<acronym>JSP</acronym>) specification.
		</para>
		<para>
			A servlet is a Java object (and therefore capable of using nearly all
 			the concepts and methods the Java language provides) running in a Java virtual machine on a web server.
			When a user request arrives (e.g. to load a specific HTML-page),
 			the server dispatches the request to a servlet registered for the request-target (e.g. a specific URL).
			The servlet extracts the contents of the request (e.g. any data you provided when submitting
			a form on a HTML-page) and depending on the purpose of the application it processes the content
 			in some way (e.g. stores it in a database). Finally a response is generated
 			based on the outcome of the processing and sent back to the user.
 			Generating a response in this context means, that some content
			is dynamically filled in a simple static HTML-stub provided by a Java Server Page (JSP).
			A JSP can be seen as an HTML-page enriched with Java code, which
			is executed before the page is sent back to the user's internet browser.
			For more information about these technologies please have a look at the given references.
		</para>
		<para>
			This pattern of a user delegating a task to a software component and receiving the results afterwards
			perfectly fits the agent paradigm. Therefore, we developed the webbridge. Using the webbridge a
			user's request is delegated by a dedicated servlet to an agent on the Jadex platform running
			somewhere in the backend (see <xref linkend="addons.webbridge.fig_servlet_and_webbridge"/>).
			Now an agent processes the request (instead of the servlet) and
			is therefore capable not only to use the mechanisms and methods the Java language offers
			but also to benefit from the concepts the agent paradigm provides, e.g. reasoning about plans.

			<figure id="addons.webbridge.fig_servlet_and_webbridge">
				<title>Simplified view on the webbridge environment</title>
				<mediaobject>
					<imageobject>
						<imagedata fileref="images/servlet_and_webbridge_env.png" scalefit="1" depth="100px"/>
					</imageobject>
				</mediaobject>
			</figure>
		</para>
		<para>
			The next section will introduce the webbridge architecture and explains the role of it's
			main components: the <emphasis>Delegate</emphasis> servlet and the <emphasis>Coordinator</emphasis> agent.
			Reading is recommended though not neccessarily required to move on to the next step,
 			setting up the environment and running an example application.
		</para>
	</section>
	
	<section id="addons.webbridge.architecture">
		<title>Architecture</title>
		<para>
			The foundation of the Webbridge architecture is the widely used and accepted <emphasis>Model 2 design pattern</emphasis>
			<footnote>http://www.online-etraining.com/javaserver-pages-and-model2-design-pattern</footnote>
 			<footnote>http://struts.apache.org/primer.html#mvc</footnote>
 			<footnote>http://java.sun.com/blueprints/guidelines/designing_enterprise_applications_2e/web-tier/web-tier.html</footnote>,
 			which adopts the <emphasis>Model View Controller</emphasis><footnote>http://java.sun.com/blueprints/patterns/MVC.html</footnote> (<acronym>MVC</acronym>) approach for web
			development. The main idea behind this pattern is the separation of concerns into three distinct aspects:
			<variablelist>
				<varlistentry>
					<term>Model</term>
					<listitem>
						<para>
 The model incorporates the conceptual design of the application. It can be seen as a
 kind of data container consisting of <emphasis>Java Beans</emphasis>. It should not contain any parts of the application logic
 but only methods for observing and manipulating data items (e.g. <code>get-</code> and <code>set-</code>methods for variables).
 						</para>
					</listitem>
				</varlistentry>
				<varlistentry>
					<term>View</term>
					<listitem>
						<para>
This part can be referred to as the user interface. It is used to present the model to the user
and is responsible for taking input from the user and providing output in return.
The processing of the input is not part of the view-component, but is handled by the controller.
For web applications the view-component is realised using Java Server Pages (JSP).
						</para>
					</listitem>
				</varlistentry>
				<varlistentry>
					<term>Controller</term>
					<listitem>
						<para>
                            The application controller includes all the business logic and data handling.
							This component is responsible e.g. for processing user input, making changes to the model
 							and delegating the workflow of the presentation. The controller is represented by Java servlets.
						</para>
					</listitem>
				</varlistentry>
			</variablelist>
		</para>

		<section id="addons.webbridge.architecture.mvc_login_scenario">
			<title>Example: Model 2 Scenario</title>

			<figure id="addons.webbridge.fig_mvc_scenario">
				<title>A typical Model 2 scenario<footnote>adapted from <ulink role="external" url="http://de.wikipedia.org/wiki/MVC">http://de.wikipedia.org/wiki/MVC</ulink></footnote></title>
				<!--<titleabbrev id="ch04short">Chapter 4</titleabbrev>-->
				<mediaobject>
					<imageobject>
						<imagedata fileref="images/model2_scenario.png" scalefit="1" depth="150px"/>
					</imageobject>
				</mediaobject>
			</figure>
			<para>
				A typical Model 2 scenario is depicted above<!--<xref linkend="addons.webbridge.fig_mvc_scenario" endterm="ch04short"/>-->.
				A browser request is issued by a user targeting a specific page (<code>login.jsp</code>) on some webserver.
				The file-ending <code>jsp</code> indicates that the target is a Java Server Page
	 			which - as was stated above - is part of the view component and presents a log-in form to the user.
				The user, providing her name and password, submits the form in the second step to a servlet (addressed by its name <code>validate</code>) running
				in a servlet container on the webserver. The servlet, as part of the controller,
				validates the user's name and password using it's model-component represented by Java Beans. Depending whether or not the
				user provided valid login data the servlet dispatches the flow of control either again to the
				<code>login.jsp</code> for the user to correct her entries or to the <code>ok.jsp</code> in case
				the validation has been successful. Finally the webserver processes the appropriate JSP and sends
				a HTML-encoded response back to the user.
			</para>
		</section>

		<section id="addons.webbridge.architecture.mvc_login_scenario_with_agents">
			<title>Example: Model 2 scenario augmented with agents</title>

			<figure id="addons.webbridge.fig_mvc_scenario_with_agents">
				<title>The Model 2 scenario augmented with agents</title>
				<mediaobject>
					<imageobject>
						<imagedata fileref="images/model2_scenario_with_agents.png" format="png" scalefit="1" depth="180px"/>
					</imageobject>
				</mediaobject>
			</figure>
			<para>
				<xref linkend="addons.webbridge.fig_mvc_scenario_with_agents"/> shows how to adapt the
 				example given before to the webbridge environment.
 				The dotted line divides the architecture into the J2EE part and the agent part.
 				We call this a multi-tier architecture, because it is not neccessarily required,
 				that the different parts must be hosted on one server, but may easily be distributed
 				over several computers. The webserver must host the so called <emphasis>Delegate</emphasis> servlet,
 				which is responsible for receiving requests and delegating them to the agent tier (steps 2 and 3).
 				The delegated request is received by the <emphasis>Coordinator</emphasis> agent running on a Jadex agent platform.
 				Depending on the content of the request the Coordinator forwards the request wrapped in a message to the
				<emphasis>Application Agents</emphasis> (step 4). The type of agent suitable for handling a specific
 				kind of request is defined in the configuration file of the web application and included in the request
 				sent by the delegate servlet. The Coordinator creates a new application agent of the appropriate type in case no agent has been created
				for the current user session before, otherwise the existing agent will receive the message.
 				Finally, the application agent processes the request, in this scenario the validation of the login data
 				(step 5), and creates a view model, represented with Java beans, which is returned to the Coordinator and further dispatched
 				to the Delegate servlet (steps 6 and 7). Depending on thisview model the Delegate servlet chooses the view
 				and forwards the flow of control to the appropriate JSP (step 8).
			</para>
		</section>

		<section id="addons.webbridge.architecture.mvc_with_agents">
			<title>Webbridge multi-tier architecture</title>
            <para>
				In the example section above, we already mentioned the multi-tier architecture.
				Such an architecture allows distributing the different components of the overall system
				over more than one server, namely tier. Thereby assigning a different role to each computational entity.
				For example: The servlet container may run on one dedicated webserver. The agent platform hosting the
 				Coordinator agent, with which the Delegate servlet interacts, may run on another machine and finally
				each of the application agents may also be executed on their own computers. This way the
				overall load can easily be balanced among a computer network.
 				In the following, a more detailed description of the responsibilities of the different
				tiers is given.
            </para>
			<figure id="addons.webbridge.fig_mvc_with_agents">
				<title>The webbridge multi-tier architecture</title>
				<mediaobject>
					<imageobject>
						<imagedata fileref="images/model2_with_agents.png" format="png" scalefit="1" depth="180px"/>
					</imageobject>
				</mediaobject>
			</figure>
			<para>
				The webbridge architecture, illustrated in <xref linkend="addons.webbridge.fig_mvc_with_agents"/>, consists of the
				same functional components that make up Model 2 and additionally incorporates
				some of the J2EE design patterns including the <emphasis>Business Delegate</emphasis>, the
				<emphasis>Front Controller</emphasis>, the <emphasis>Session Facade</emphasis>, and the <emphasis>Transfer Object</emphasis> patterns.
 				The Model 2 paradigm is reflected by a central (web) controller in the presentation
				tier that calls the agent tier to activate the business logic and dispatches the
				request to a chosen view. <xref linkend="addons.webbridge.architecture.mvc_login_scenario_with_agents" /> already
				showed an example of how the different parts work together. The leading is played by the Delegate servlet and the
				Coordinator agent which reside on the presentation tier and the agent tier respectivly and are described in the following.
			</para>
		</section>

		<section id="addons.webbridge.architecture.presentation">
			<title>Presentation Tier</title>
			<para>
                The presentation tier usually is a webserver containing a servlet container (e.g. <emphasis>Apache Tomcat</emphasis>).
				Like the name indicates this tier is responsible for providing impressions to the user and is not involved
				in any business calculations (which is in the responsibility of the agent tier or the application agents respectively).
				The Webbridge uses two Java servlets to process incoming requests. The <emphasis>File Servlet</emphasis> is
 				responsible for the static content regarding the presentation (style sheets, browser scripts, images etc.).
				Because such elements do not depend on the application and user context they are of no use at the
 				agent tier and are furthermore subject for being cached in the user's browser.
			</para>
			<para>
				The <emphasis>Delegate Servlet</emphasis> is responsible for intercepting HTTP requests from the user
 				(see <xref linkend="addons.webbridge.fig_sequence_of_action_for_request_processing" />).
				These requests may arive in different formats like <emphasis>GET</emphasis> or <emphasis>POST</emphasis>
				and in different encodings (URL or multi-part). The Delegate servlet decodes the requests and transforms them into a
				transferable uniform representation. This uniform representation is encoded in the XML-format and
 				handed over to the Coordinator agent residing at the agent tier using a TCP-socket connection.
			</para>
			<para>
				The handling of the XML-encoded request by the Coordinator agent is further explained in the next
				<xref linkend="addons.webbridge.architecture.agent" />. For now, it is sufficient to assume that
				after processing the request, the agent tier delivers a response containing a <emphasis>view object</emphasis>.
				Based on the type of this view (set by one of the agent's plans) the Delegate servlet chooses a JSP
				for rendering the output or a binary response e.g.
				for multimedia content. The view model also includes Java beans that are directly incorporated
				into the JSPs, exactly as in Model 2.
			</para>
		</section>

		<section id="addons.webbridge.architecture.agent">
			<title>Agent Tier</title>
            <para>
                As explained in the previous section, the Delegate servlet forwards the request to the Coordinator agent
				in a uniform XML representation. When the request is received at the agent tier, the Coordinator has the task
				to find an appropriate application agent, which finally processes the request. Several (user-defined) strategies
				are possible, but in the default setting the Coordinator tries to find an existing application agent for this request.
				The kind of agent suitable for handling a request is defined in the <emphasis>web.xml</emphasis> configuration file
				of a web application and included in the request sent by the Delegate servlet. If no agent of this kind exists,
				a new instance is automatically created. Also the session handling for individual users can take place at this point.
			</para>
			<figure id="addons.webbridge.fig_sequence_of_action_for_request_processing">
				<title>Sequence of action for processing a user request</title>
				<mediaobject>
					<imageobject>
						<imagedata fileref="images/sequence_of_action_for_request_processing.png" format="png" scalefit="1" depth="250px"/>
					</imageobject>
				</mediaobject>
			</figure>
			<para>
			    When the Coordinator finally found or created a suitable agent, a message containing the request is sent to this
				agent. Upon receiving the request a new <emphasis>goal</emphasis> is automatically created. At this point the agent
				developer has the task to provide plans for processing the request. Within the plans the developer may access
 				any information (e.g. user name and password parameter of the login example) contained in the request.
				After the plan successfully finished, the result data is automatically sent back to the Coordinator agent, which in turn
				XML-encodes the data and sends it over the TCP socket back to the Delegate servlet. The servlet chooses an appropriate JSP
				for rendering the data and the resulting HTML-response is finally sent back to the user's browser.
			</para>

		</section>
	</section>
	
	<section id="addons.webbridge.environment">
		<title>Setting up the environment</title>
		<para>
			This section deals with setting up the environment for the webbridge.
			Basically the environment consists of the Jadex agent system representing the agent tier
 			and a servlet container representing the presentation tier.
 			To keep the setup simple we assume both running on the same host. Finally, at the end of this
			section we will show how to easily distribute the environment over several hosts.
		</para>
		<section id="addons.webbridge.environment.requirements">
			<title>Requirements</title>
			<para>
				In order to run the webbridge the following software is required:
				<itemizedlist mark='opencircle'>
					<listitem>
						<para>
							<emphasis>Java Runtime Environment</emphasis>, version 1.4 or higher
						</para>
					</listitem>
					<listitem>
						<para>
							<emphasis>Jadex agent system</emphasis>, version 0.96 or higher
						</para>
					</listitem>
					<listitem>
						<para>
							Some kind of servlet container.
						</para>
					</listitem>
					<listitem>
						<para>
							and of course the Webbridge, consisting of two jar-files: <code>webbridge_agent.jar</code> and <code>webbridge_servlet.jar</code>
						</para>
					</listitem>
				</itemizedlist>
			</para>
			<para>
				Although it does not matter which concrete servlet container is used, this guide describes
				the setup only for the <emphasis>Apache Tomcat</emphasis>, version 6.X.<footnote>http://tomcat.apache.org</footnote>
				In case you use another servlet container or another version of Tomcat please attend to
				the given paths and change them according to your container.
			</para>
			<para>
				In order to setup the Jadex system please refer to the Jadex User Guide, available
				on the Jadex homepage<footnote>http://vsis-www.informatik.uni-hamburg.de/projects/jadex</footnote>.
				If you do not have the two Webbridge files yet, please contact us via our Jadex-addon mailinglist.
 				We will then tell you how to obtain the neccessary files.
			</para>
			<para>
				<xref linkend="addons.webbridge.pointsofinterest" /> shows some interesting spots, containing
				files which are referred to in the following. Of course, the other folders as well contain
				interesting files, but these are mainly for developers of the Webbridge itself.

				<figure id="addons.webbridge.pointsofinterest">
					<title>Points of interest in the Webbridge distribution</title>
					<mediaobject>
						<imageobject>
							<imagedata fileref="images/folder_view_webbridge.png" scalefit="1" depth="250px"/>
						</imageobject>
					</mediaobject>
				</figure>
			</para>
		</section>

		<!-- The webbridge build is only available in the Jadex-SVN

		<section id="addons.webbridge.environment.building">
			<title>Building the Webbridge</title>
			<para>
				You will only need to build the Webbridge in case you modified the
				Webbridge sources by yourself. Otherwise you may use the provided jar files and skip this section.
			</para>
			<para>
                The Webbridge is distributed over two jar-files called <code>webbridge_agent.jar</code> and
				<code>webbridge_servlet.jar</code>. The first one needs to be loaded by the Jadex Control Center,
				because it contains the <emphasis>Coordination agent</emphasis> (see <xref linkend="addons.webbridge.architecture.agent"/>)
				that will be started on the Jadex platform later on. The <code>webbridge_servlet.jar</code>
				contains the <emphasis>Delegate servlet</emphasis> and is therefore to be copied to the deployment path
				of your application in the servlet container (see <xref linkend="addons.webbridge.architecture.presentation"/>).
			</para>
			<para>
				In order to build the webbridge, please use the <emphasis>ANT</emphasis>-script <code>build.xml</code>, that
  				is contained in the root folder of the Jadex release. Do not use the one, that ships with the webbridge, because
 				this only defines subtasks for ANT and is automatically invoked by Jadex' build-file. In the Jadex build file
 				you should use the <emphasis>ANT target</emphasis> called <code>webbridge</code>.
				This target takes care of building the above mentioned Webbridge jars, provided that the Jadex jars
				are already contained in the classpath.
 			</para>
		</section>
		-->

		<section id="addons.webbridge.environment.building.test">
		<title>Running the Agent Tier</title>
			<para>
				In order to test whether or not the Webbridge has been built successfully and the agent tier
				is ready to run, you may start the Jadex system, add either the <code>\classes</code> path of the
				webbridge distribution or the <code>webbridge_agent.jar</code> in the <emphasis>Starter</emphasis> view
				of the <emphasis>Jadex Control Center</emphasis> and double click on the <code>jadex/bridge/coordinator/Coordination.agent.xml</code>
				node in order to start the Coordinator. In case no errors ocurred the setup has been successful.
				Testing the Delegate servlet goes hand in hand with building and running the example described in the
				next section.
			</para>
		</section>
		<section id="addons.webbridge.environment.building.puzzle_example">
		<title>Running the Presentation Tier</title>
			<para>
				Testing the whole webbridge environment requires to run one of the examples that ship with the Webbridge
				distribution. Besides the <emphasis>HelloWorld, the NumberGuesser</emphasis> and the <emphasis>Login</emphasis> example there is also a more complex one called
				<emphasis>Puzzle</emphasis>, which is described in the following.
			</para>
			<para>
				The puzzle is contained in the <code>\examples\puzzle</code> directory, which comprises
				two subdirectories <code>src</code> and <code>web</code> (cmp. <xref linkend="addons.webbridge.pointsofinterest"/>).
 				The src directory lists all
				java and agent files, which have to be compiled and packed in a jar file (<code>puzzle.jar</code>).
				The contents of the web directory must be bundled into a war file (<code>puzzle.war</code>) and
				copied to the deployment path of
				the servlet container. To ease this task, a <code>build.xml</code> and a property file
				are provided with the puzzle example, which take care of building the jar- and war-files and copy the war file automatically
				to the deployment path of the servlet container. Therefore, the property file must be slightly modified in order
				to adjust the paths pointing to your Jadex installation and your servlet container's deployment path
 				(cmp. listing in <xref linkend="addons.webbridge.environment.building.puzzle_example.property"/>).
			</para>
			<figure id="addons.webbridge.environment.building.puzzle_example.property">
				<title>Contents of the property file used for building and deploying the Puzzle example</title>

			<programlisting><![CDATA[# the rt installation of jadex
jadex.home = C:/jadex-0.96-beta1

# the path used to autodeploy the application
autodeploy.path  = C:/tomcat/webapps

# the name of the application
app.name	= puzzle

# files to include to the servlet jar
servlet.includes	= **/Board.java]]></programlisting>
			</figure>
			<para>
				After you built the puzzle example, first make sure that the <code>puzzle.war</code> has been copied to the
				deployment directory of the servlet container (Tomcat: <code>%TOMCAT_HOME%\webapps</code>) and
				has been deployed correctly (in the default setting Tomcat automatically deploys a war-file once it is copied to the
				before mentioned path). In case you are unsure whether or not deployment has been successful,
 				please have a look at
				the console output or log-file of your servlet container. Tomcat for example prints
				out a message like <emphasis>Deploying web application archive puzzle.war</emphasis>.
			</para>
			<para>
				In the next step you have to start Jadex and add the puzzle.jar to the Starter-view.
				Now, you can start the Controller agent contained in the <code>webbridge_agent.jar</code>
				(which should have already been added to your Jadex project as stated above).
				The Puzzle agent does not need to be started, because this is done on request by the
				Controller agent automatically.
			</para>
			<figure id="addons.webbridge.jcc_puzzle_screenshot">
				<title>Starter's tree after adding the Puzzle and the Coordinator agent</title>
				<!--<titleabbrev id="ch04short">Chapter 4</titleabbrev>-->
				<mediaobject>
					<imageobject>
						<imagedata fileref="images/screenshot_jadex_starter_view_with_puzzle.png" scalefit="1" depth="200px"/>
					</imageobject>
				</mediaobject>
			</figure>
			<para>
				Now you can launch your internet browser and type in the address of the puzzle servlet, which
				is the address of your servlet container concatenated with the servlet's path. It normally looks
 				like <code>http://localhost:8080/puzzle/</code>. On the one hand, the puzzle page should be
				shown in your browser and on the other hand a new JFrame, created by the Puzzle agent,
				should appear. By clicking on the puzzle field in the browser you can move
				pieces from one field to another and additionally you can watch your moves in the
				agent's frame.
			</para>
		</section>
	</section>
</chapter>