<?xml version="1.0" encoding="UTF-8"?>
<!DOCTYPE book PUBLIC "-//OASIS//DTD DocBook XML V4.1.2//EN"
"../../docbook/dtd/docbookx.dtd"
[
<!--<!ENTITY requirements      SYSTEM "requirements.xml">-->
<!ENTITY introduction      SYSTEM "introduction.xml">
<!ENTITY examples   SYSTEM "examples.xml">

<!ENTITY release           SYSTEM "../release.tmp">
<!ENTITY releasedate       SYSTEM "../releasedate.tmp">
]>

<book id="top">
	<bookinfo>
		<title>
			Jadex Webbridge Guide
		</title>

		<subtitle>
			<inlinemediaobject>
				<imageobject>
					<imagedata fileref="images/jadex_webbridgeguide_logo.png" format="PNG"/>
				</imageobject>
				<textobject>
					<phrase>Jadex Webbridge</phrase>
				</textobject>
			</inlinemediaobject>
		</subtitle>

		<releaseinfo>Release &release;</releaseinfo>
		<date>&releasedate;</date>
		<date><ulink url="http://vsis-www.informatik.uni-hamburg.de/projects/jadex/"/></date>

		<authorgroup>
			<author>
				<firstname>Dirk</firstname>
				<surname>Bade</surname>
			</author>

			<author>
				<firstname>Lars</firstname>
				<surname>Braubach</surname>
			</author>

			<author>
				<firstname>Alexander</firstname>
				<surname>Pokahr</surname>
			</author>

		</authorgroup>

		<corpname>
			Distributed Systems Group
		</corpname>
		<corpname>
			University of Hamburg, Germany
		</corpname>
		<corpname>
			<ulink role="external" url="http://vsis-www.informatik.uni-hamburg.de"/>
		</corpname>

		<legalnotice>
			<para>
				<emphasis>
				If you have support questions about Jadex please use the
				sourceforge help forum and mailing list for that purpose
				(available at <ulink url="http://sourceforge.net/projects/jadex/"/>).
				</emphasis>
			</para>
		</legalnotice>

	</bookinfo>

	&introduction;
	&examples;
</book>