<?xml version="1.0" encoding="UTF-8"?>

<xwikidoc>
<web>About</web>
<name>News</name>
<language></language>
<defaultLanguage>en</defaultLanguage>
<translation>0</translation>
<parent></parent>
<creator>XWiki.Alex</creator>
<author>XWiki.Alex</author>
<customClass></customClass>
<contentAuthor>XWiki.Alex</contentAuthor>
<creationDate>1233755814000</creationDate>
<date>1233755993000</date>
<contentUpdateDate>1233755993000</contentUpdateDate>
<version>1.1</version>
<title>Latest Jadex Rules News</title>
<template></template>
<defaultTemplate></defaultTemplate>
<validationScript></validationScript>
<comment></comment>
<minorEdit>false</minorEdit>
<syntaxId>xwiki/1.0</syntaxId>
<hidden>false</hidden>
<object>
<class>
<name>XWiki.TagClass</name>
<customClass></customClass>
<customMapping></customMapping>
<defaultViewSheet></defaultViewSheet>
<defaultEditSheet></defaultEditSheet>
<defaultWeb></defaultWeb>
<nameField></nameField>
<validationScript></validationScript>
<tags>
<cache>0</cache>
<displayType>input</displayType>
<multiSelect>1</multiSelect>
<name>tags</name>
<number>1</number>
<prettyName>Tags</prettyName>
<relationalStorage>1</relationalStorage>
<separator> </separator>
<separators> ,|</separators>
<size>30</size>
<unmodifiable>0</unmodifiable>
<values></values>
<classType>com.xpn.xwiki.objects.classes.StaticListClass</classType>
</tags>
</class>
<name>About.News</name>
<number>0</number>
<className>XWiki.TagClass</className>
<guid>043cc688-4db4-4a4a-a60f-e5cecce07f8e</guid>
<property>
<tags/>
</property>
</object>
<content>1 Latest Jadex Rules News

This page displays all news posted at the SourceForge.net page of Jadex Rules. You can also view the [RSS feed&gt;http://sourceforge.net/export/rss2_projnews.php?group_id=237647&amp;rss_fulltext=1] directly.
&lt;br/&gt;&lt;br/&gt;

{rss:feed=http://sourceforge.net/export/rss2_projnews.php?group_id=237647&amp;rss_fulltext=1|full=true|css=true}



</content></xwikidoc>