<?xml version="1.0" encoding="UTF-8"?>

<xwikidoc>
<web>About</web>
<name>Overview</name>
<language></language>
<defaultLanguage>en</defaultLanguage>
<translation>0</translation>
<parent></parent>
<creator>XWiki.Alex</creator>
<author>XWiki.Alex</author>
<customClass></customClass>
<contentAuthor>XWiki.Alex</contentAuthor>
<creationDate>1233585558000</creationDate>
<date>1264774753000</date>
<contentUpdateDate>1264774753000</contentUpdateDate>
<version>3.1</version>
<title>Overview</title>
<template></template>
<defaultTemplate></defaultTemplate>
<validationScript></validationScript>
<comment></comment>
<minorEdit>false</minorEdit>
<syntaxId>xwiki/1.0</syntaxId>
<hidden>false</hidden>
<object>
<class>
<name>XWiki.TagClass</name>
<customClass></customClass>
<customMapping></customMapping>
<defaultViewSheet></defaultViewSheet>
<defaultEditSheet></defaultEditSheet>
<defaultWeb></defaultWeb>
<nameField></nameField>
<validationScript></validationScript>
<tags>
<cache>0</cache>
<displayType>input</displayType>
<multiSelect>1</multiSelect>
<name>tags</name>
<number>1</number>
<prettyName>Tags</prettyName>
<relationalStorage>1</relationalStorage>
<separator> </separator>
<separators> ,|</separators>
<size>30</size>
<unmodifiable>0</unmodifiable>
<values></values>
<classType>com.xpn.xwiki.objects.classes.StaticListClass</classType>
</tags>
</class>
<name>About.Overview</name>
<number>0</number>
<className>XWiki.TagClass</className>
<guid>ac0b5030-5cb0-4bdf-b2f5-c2d8024a15d5</guid>
<property>
<tags/>
</property>
</object>
<content>1 Jadex Rules

Jadex Rules is a small lightweight rule engine, which currently employs the well-known Rete
algorithm for highly efficient rule matching. Jadex rules
is therefore similar to other rule engines like JESS and
Drools. Despite the similarities there are also important
differences between these systems:

- *Jadex Rules is very small and intended to be used as component of other software.* Even though rules can be specified in a Java dialect as well as (a small variation of) the CLIPS language its primary usage is on the API level. Jadex Rules is currently the core component of the Jadex BDI reasoning engine.
- *Jadex Rules cleanly separates between state and rule representation.* This allows the state implementation as well as the matcher to be flexibly exchanged. Some experiments have e.g. been conducted with a Jena representation. Regarding the matcher, it is planned to support also the Treat algorithm, which has a lower memory footprint than Rete.
- *Jadex Rules pays close attention to rule debugging.* The state as well as the rete engine can be observed at runtime. The rule debugger provides functionalities to execute a rule program stepwise and also use rule breakpoints to stop the execution at those points.

In order to understand how the system can be used you may
have a look at the examples code. The examples can be
started by simply executing their main method.

1.1 Related Projects

Jadex Rules is used within the [Jadex BDI Agent System&gt;http://jadex.informatik.uni-hamburg.de/], which builds a BDI (Belief Desire Intention) agent architecture on top of pure rule kernel.</content>
</xwikidoc>
