<?xml version="1.0" encoding="UTF-8"?>

<xwikidoc>
<web>User Guide</web>
<name>03 Rule Languages</name>
<language></language>
<defaultLanguage>en</defaultLanguage>
<translation>0</translation>
<parent></parent>
<creator>XWiki.Alex</creator>
<author>XWiki.Alex</author>
<customClass></customClass>
<contentAuthor>XWiki.Alex</contentAuthor>
<creationDate>1244466182000</creationDate>
<date>1276763255000</date>
<contentUpdateDate>1276763255000</contentUpdateDate>
<version>15.1</version>
<title>Condition Languages</title>
<template></template>
<defaultTemplate></defaultTemplate>
<validationScript></validationScript>
<comment></comment>
<minorEdit>false</minorEdit>
<syntaxId>xwiki/1.0</syntaxId>
<hidden>false</hidden>
<object>
<class>
<name>XWiki.TagClass</name>
<customClass></customClass>
<customMapping></customMapping>
<defaultViewSheet></defaultViewSheet>
<defaultEditSheet></defaultEditSheet>
<defaultWeb></defaultWeb>
<nameField></nameField>
<validationScript></validationScript>
<tags>
<cache>0</cache>
<displayType>input</displayType>
<multiSelect>1</multiSelect>
<name>tags</name>
<number>1</number>
<prettyName>Tags</prettyName>
<relationalStorage>1</relationalStorage>
<separator> </separator>
<separators> ,|</separators>
<size>30</size>
<unmodifiable>0</unmodifiable>
<values></values>
<classType>com.xpn.xwiki.objects.classes.StaticListClass</classType>
</tags>
</class>
<name>User Guide.03 Rule Languages</name>
<number>0</number>
<className>XWiki.TagClass</className>
<guid>7afe90cf-a452-4e37-8ccd-0a60b21395ba</guid>
<property>
<tags/>
</property>
</object>
<content>1 Condition Languages

In Jadex the specification languages for rules are different for the left and the right hand side of the rule. For the definition of the conditions (left hand side) three options are available:

* A CLIPS language derivate can be used.
* A proprietary dialect of Java expressions called Java condition language (jcl) can be used.
* Conditions can be created manually by constructing the corresponding Jadex Rules objects directly.

In the following section each of these options is explained in more details.

Note: This document is still under construction and thus partially incomplete.

1.1 CLIPS Condition Language

~~todo: Jadex specific documentation~~

The Jadex CLIPS language closely resembles the original CLIPS language
for which you can find documentation here:
[CLIPS Basic Programming Guide&gt;http://clipsrules.sourceforge.net/documentation/v630/bpg.htm]

Note that in Jadex you only specify the left hand side (LHS) of the rule, so you can ignore
all other aspects of the CLIPS language and focus on the LHS part (Section 5.4 of the CLIPS documentation).

1.1 Java Condition Language (JCL)

The Java Condition Language or JCL for short allows specifying the condition part (left hand side) of a rule in a Java-like language. In essence, a JCL expression is a Java expression that can be evaluated to a boolean value. The subset of Java, which is supported in a JCL expression is described in the next section ('Supported Java Expressions'). But JCL also allows to bind variables to arbitrary objects in the state using so called ~~existential declarations~~. Additionally, existential declarations can be combined with the Java logical NOT operator ('!') to form non-existence conditions that work like 'not' conditions in CLIPS.

1.1.1 Supported Java Expressions

As a rule of thumb, Java code allowed in the condition of an 'if' statement is also supported by JCL. To be more concrete, you can e.g. use constant literals and variables, as well as operations on these.

Example: $x==3

Here, '$x' is a variable (the prefix '$' is only a convention and not mandatory), '==' is the equality operator and '3' is an integer literal.

The Java language specification (JLS) introduces the term 'primary expression' for basic expression that do not contain operators (see [Section 15.8 of the JLS&gt;http://java.sun.com/docs/books/jls/third_edition/html/expressions.html#15.8]). The following primary expressions are supported in JCL:
* Literals (strings, integers, etc.)
* Constants (i.e. public static final fields. A warning will be printed when a non-final field is accessed, because the rule engine would not be able to track changes to this field.)
* Static methods (again, as the rule engine cannot track internal changes, the result value of static method should only depend on the parameter values, i.e. the method should behave like a function)
* Variables (as rule conditions are evaluated without context, each variable needs to be bound in the expression using a corresponding existential declaration as described below)

The following operators are supported in their normal Java semantics:
* Array index access (e.g. '$myarray\[0\]')
* Method calls and field access (e.g. '$object.someMethod($para)' or '$object.some_field')
* Type casts (useful for method calls, e.g. '((Map)$object).get("key")')
* Math operators (unary and binary '+' and '-', as well as '*', '/', '%')
* Comparison operators ('==', '!=', '\&lt;', '&gt;', '\&lt;=', '&gt;=', require that objects correctly implement the equals method resp. the java.lang.Comparable interface)
* Boolean operators ('&amp;amp;&amp;amp;', '||', '!', remember to escape '&amp;amp;&amp;amp;' with '&amp;amp;amp;&amp;amp;amp;' when writing in XML)
* Conditional operator ('$choice ? $option1 : $option2')

The following primary expressions and operators are not yet implemented and will be added in future versions:
* Object creation ('new XYZ()')
* Shift operators ('\&lt;\&lt;', '&gt;&gt;', '&gt;&gt;&gt;')
* instanceof
* bitwise boolean operators ('&amp;amp;', '|', '^')

The following operators are not supported and never will be, because they have side effects:
* Assignments (e.g. '$a = $b')
* Combined assigments (e.g. '$a += $b')
* Pre- / postfix increment or decrement ('$a++')

1.1.1 Existential Declarations

The basic principle of a rule engine is to find facts in the working memory, that match conditions of the rules. To support the static type system of Java, variables need to be declared in JCL. According to the rule engine principle, a variable declaration requires that an object exists, that can be bound to this variable. Thus the name 'exitential declaration'. The basic form of an existential declaration is also one of the simplest conditions that can be expressed in JCL: '\&lt;typename\&gt; \&lt;variablename\&gt;', e.g. 'Block $b'. Thinking of the existential declaration as (part of) a Java expression it should be interpreted as having a boolean return value, e.g. 'Block b$' means "there is some object of type Block", which can be true or false depending on the objects in the state.

Because an existential declaration is like a boolean expression, it can be combined with other expressions using boolean operators. E.g. the expression 'Block $b &amp;amp;&amp;amp; $b.color=="red"' states that there is some block and that this block has the color 'red'. As you can see, a variable that is bound in an existential declaration can be used in other parts of the expression.

1.1.1 Using NOT for Existential Declarations

todo:

1.1.1 Future Extensions

todo:
* collect
* return values!?

1.1 Rules API Language

todo:</content>
</xwikidoc>
