<?xml version="1.0" encoding="UTF-8"?>

<xwikidoc>
<web>Sandbox</web>
<name>Delete Spam Users</name>
<language></language>
<defaultLanguage>en</defaultLanguage>
<translation>0</translation>
<parent></parent>
<creator>XWiki.Alex</creator>
<author>XWiki.Alex</author>
<customClass></customClass>
<contentAuthor>XWiki.Alex</contentAuthor>
<creationDate>1296651777000</creationDate>
<date>1296651777000</date>
<contentUpdateDate>1296651777000</contentUpdateDate>
<version>1.1</version>
<title>Delete Spam Users</title>
<template></template>
<defaultTemplate></defaultTemplate>
<validationScript></validationScript>
<comment></comment>
<minorEdit>false</minorEdit>
<syntaxId>xwiki/1.0</syntaxId>
<hidden>false</hidden>
<object>
<class>
<name>XWiki.TagClass</name>
<customClass></customClass>
<customMapping></customMapping>
<defaultViewSheet></defaultViewSheet>
<defaultEditSheet></defaultEditSheet>
<defaultWeb></defaultWeb>
<nameField></nameField>
<validationScript></validationScript>
<tags>
<cache>0</cache>
<displayType>checkbox</displayType>
<multiSelect>1</multiSelect>
<name>tags</name>
<number>1</number>
<prettyName>Tags</prettyName>
<relationalStorage>1</relationalStorage>
<separator> </separator>
<separators> ,|</separators>
<size>30</size>
<unmodifiable>0</unmodifiable>
<values></values>
<classType>com.xpn.xwiki.objects.classes.StaticListClass</classType>
</tags>
</class>
<name>Sandbox.Delete Spam Users</name>
<number>0</number>
<className>XWiki.TagClass</className>
<guid>0b84e0b6-e357-4247-8b42-d26b17591f10</guid>
<property>
<tags/>
</property>
</object>
<content>
1 Delete Spam Users

Review users below and click &lt;a href="Delete+Spam+Users?confirm=1"&gt;here&lt;/a&gt;.


#set ($sql = ", BaseObject as obj where obj.name=doc.fullName and obj.className='XWiki.XWikiUsers'")
#foreach ($item in $xwiki.searchDocuments($sql))
    #set($userdoc= $xwiki.getDocument($item))
    #if($userdoc.first_name==$userdoc.last_name)
        #if ($request.confirm == "1")
            $userdoc.delete()
            #set ($extraText = "Deleted: ")
        #end
* $!extraText $userdoc.first_name $userdoc.last_name \&lt;$userdoc.email\&gt; \\
    #end
#end
</content></xwikidoc>