<?xml version="1.0" encoding="UTF-8"?>

<xwikidoc>
<web>User Guide</web>
<name>01 Introduction</name>
<language></language>
<defaultLanguage>en</defaultLanguage>
<translation>0</translation>
<parent></parent>
<creator>XWiki.Alex</creator>
<author>XWiki.Alex</author>
<customClass></customClass>
<contentAuthor>XWiki.Alex</contentAuthor>
<creationDate>1276765032000</creationDate>
<date>1276772416000</date>
<contentUpdateDate>1276772416000</contentUpdateDate>
<version>5.1</version>
<title>Introduction</title>
<template></template>
<defaultTemplate></defaultTemplate>
<validationScript></validationScript>
<comment></comment>
<minorEdit>false</minorEdit>
<syntaxId>xwiki/1.0</syntaxId>
<hidden>false</hidden>
<object>
<class>
<name>XWiki.TagClass</name>
<customClass></customClass>
<customMapping></customMapping>
<defaultViewSheet></defaultViewSheet>
<defaultEditSheet></defaultEditSheet>
<defaultWeb></defaultWeb>
<nameField></nameField>
<validationScript></validationScript>
<tags>
<cache>0</cache>
<displayType>checkbox</displayType>
<multiSelect>1</multiSelect>
<name>tags</name>
<number>1</number>
<prettyName>Tags</prettyName>
<relationalStorage>1</relationalStorage>
<separator> </separator>
<separators> ,|</separators>
<size>30</size>
<unmodifiable>0</unmodifiable>
<values></values>
<classType>com.xpn.xwiki.objects.classes.StaticListClass</classType>
</tags>
</class>
<name>User Guide.01 Introduction</name>
<number>0</number>
<className>XWiki.TagClass</className>
<guid>832ee81c-666a-4404-8713-df286e2024dd</guid>
<property>
<tags/>
</property>
</object>
<content>1 Introduction

Jadex XML is a data binding framework, which mainly offers the following features:

* It allows reading and writing XMLs to a target representation, in most cases Java bean-like classes
* It enables automatic serialization and deserialization of Java beans (and other object structures)

This means that Jadex XML can be used as design-time as well as runtime framework for converting XMLs to and from a programming language. The main difference between both is that when used at design-time the programmer can specify exactly how an XML is mapped to and from the object structure and the representation is of importance. When used directly at runtime also an ad-hoc serialization and deserialization of Java beans is possible. In this case the representation is determined by the reader/writer automatically.

1.1 Overview

This user guide currently covers the following topics:

* [Design Objectives&gt;02 Design Objectives]: Explains why and for which purpose Jadex XML has been developed.
* [Main Concepts&gt;03 Main Concepts]: Describes the main concepts required to understand XML mapping.
* [Mapping Tutorial&gt;04 Mapping Tutorial]: Simple tutorial to show how explicit mapping between XML and Java work.
* [Serialization Tutorial&gt;05 Serialization Tutorial]: Simple tutorial on how to (de)serialize Java Beans to/from XML without explicit mapping information.</content>
</xwikidoc>
