<?xml version="1.0" encoding="UTF-8"?>

<xwikidoc>
<web>User Guide</web>
<name>02 Design Objectives</name>
<language></language>
<defaultLanguage>en</defaultLanguage>
<translation>0</translation>
<parent></parent>
<creator>XWiki.Alex</creator>
<author>XWiki.Alex</author>
<customClass></customClass>
<contentAuthor>XWiki.Alex</contentAuthor>
<creationDate>1276765413000</creationDate>
<date>1276765486000</date>
<contentUpdateDate>1276765486000</contentUpdateDate>
<version>1.1</version>
<title>Design Objectives</title>
<template></template>
<defaultTemplate></defaultTemplate>
<validationScript></validationScript>
<comment></comment>
<minorEdit>false</minorEdit>
<syntaxId>xwiki/1.0</syntaxId>
<hidden>false</hidden>
<object>
<class>
<name>XWiki.TagClass</name>
<customClass></customClass>
<customMapping></customMapping>
<defaultViewSheet></defaultViewSheet>
<defaultEditSheet></defaultEditSheet>
<defaultWeb></defaultWeb>
<nameField></nameField>
<validationScript></validationScript>
<tags>
<cache>0</cache>
<displayType>checkbox</displayType>
<multiSelect>1</multiSelect>
<name>tags</name>
<number>1</number>
<prettyName>Tags</prettyName>
<relationalStorage>1</relationalStorage>
<separator> </separator>
<separators> ,|</separators>
<size>30</size>
<unmodifiable>0</unmodifiable>
<values></values>
<classType>com.xpn.xwiki.objects.classes.StaticListClass</classType>
</tags>
</class>
<name>User Guide.02 Design Objectives</name>
<number>0</number>
<className>XWiki.TagClass</className>
<guid>1a442747-495f-4e87-9d06-9f50a9d99aae</guid>
<property>
<tags/>
</property>
</object>
<content>1 Design Objectives

In the following the main Jadex XML design objectives are stated. These objective differ from from other existing frameworks and try to provide a clean, non-invasive, easy to use and fast mapping solution. The framework has been built as a result of years of frustrating experiences with data binding frameworks, which are in many cases too rigid and force the user to generate code.   

1.1 Flexible XML Mapping Target

Typically, XML data binding frameworks have a fixed target representation. In the case of Java frameworks this is in most cases some kind of Java bean class structure. In contrast, Jadex XML is flexible with respect to the representation target and supports multiple representations in the mapping process. The standard mapping target are Java classes, but other representations are possible given that adequate reader and writer handlers are provided. One example is an object attribute value (OAV) state representation handler, which is able to read into a very different target format used e.g. in Jadex Rules, a forward chaining rete rule engine. In the following documentation the Java target representation is often used for simplicity reasons.

1.1 Explicit Configuration

No code generation for the XML or state (Java) side. The underlying assumption is that users should not be prescribed to start with XML or Java and generate the corresponding other side. Early frameworks often took the perspective of generating custom Java class files for an existing XML-schema. This is fine as long as no further constraints hinder the usage of generated Java classes. Otherwise the integration with existing Java classes is often cumbersome and modification on the schema side require the regeneration of Java classes. This leads to the well-known post editing problem, which is in many cases only partially solved. Other approaches suggest starting with the Java side and using e.g. annotations for declaring xml mapping information. This works as long as a Java class is not part of more than one mapping. The inherent disadvantage is that mixes configuration with functional aspects and thus does not respect separation of concerns well. Due to the described limitations of generator approaches Jadex provides a pure mapping based way that just mediates between both sides (as originally proposed by [Jibx&gt;http://jibx.sourceforge.net/]). Mapping information helps Jadex XML transferring the data between XML and Java. This allows for keeping existing XML and Java representations and only requires mapping modifications if the mapping process has changed.

1.1 Noninvasive Behaviour

Jadex XML does not modify existing Java classes. In other approaches e.g. byte code modifications are used to insert custom XML read/write methods into the code. Although this might be an efficient solution that speeds up the mapping process it represents a quite strong implication for the code base. First, the modification process must be performed, whenever classes change and second the classes must be accessible for such a modification. If classes are e.g. contained in a signed jar file this might not be possible.  

1.1 Configuration by Exception

Generally, Jadex XML tries to find out mapping information automatically, if no user provided mapping rules have been specified. This facilitates the usage of Jadex and makes it possible to get started with the approach very quickly. E.g., if attribute names in the XML and in Java are equal these attributes are directly transferred by respecting the declared Java attribute type, i.e. the XML attribute value is automatically converted to the Java type (for standard Java types like Integer or Boolean). The only required mapping information is the mapping of tags/paths to specific Java classes. The reader automatically overreads tags without mapping so that tag and object structure must not be consistent to each other.

1.1 Flexible and Powerful Transformation Process

Existing XML data binding frameworks often assume that XML and Java and quite similar in their structure for a meaningful conversion process. Jadex XML tries to relax this requirement as far as possible by allowing modifications of the created element at nearly each stage in the mapping process. Attributes can be arbitrarily modified via custom type converters or built-in converters for the standard types. Additionally, whole objects can be modified via post processors, which can also be used for any number of post processing runs after the object tree has been created from the XML. 

1.1 Advanced XML Mapping Support

Jadex XML does not verify XMLs against their underlying XML schemas. But in contrast to many other existing data binding frameworks, Jadex XML supports the mapping of all kinds of XML elements, i.e. tags, attributes, content and also comments. The mapping definition also supports namespaces so that e.g. the same tag from different namespaces can be mapped to different Java classes.</content>
</xwikidoc>
