<?xml version="1.0" encoding="UTF-8"?>

<xwikidoc>
<web>User Guide</web>
<name>03 Main Concepts</name>
<language></language>
<defaultLanguage>en</defaultLanguage>
<translation>0</translation>
<parent></parent>
<creator>XWiki.Lars</creator>
<author>XWiki.Alex</author>
<customClass></customClass>
<contentAuthor>XWiki.Alex</contentAuthor>
<creationDate>1266961524000</creationDate>
<date>1276765568000</date>
<contentUpdateDate>1276765568000</contentUpdateDate>
<version>6.1</version>
<title>Main Concepts</title>
<template></template>
<defaultTemplate></defaultTemplate>
<validationScript></validationScript>
<comment></comment>
<minorEdit>false</minorEdit>
<syntaxId>xwiki/1.0</syntaxId>
<hidden>false</hidden>
<object>
<class>
<name>XWiki.TagClass</name>
<customClass></customClass>
<customMapping></customMapping>
<defaultViewSheet></defaultViewSheet>
<defaultEditSheet></defaultEditSheet>
<defaultWeb></defaultWeb>
<nameField></nameField>
<validationScript></validationScript>
<tags>
<cache>0</cache>
<displayType>checkbox</displayType>
<multiSelect>1</multiSelect>
<name>tags</name>
<number>1</number>
<prettyName>Tags</prettyName>
<relationalStorage>1</relationalStorage>
<separator> </separator>
<separators> ,|</separators>
<size>30</size>
<unmodifiable>0</unmodifiable>
<values></values>
<classType>com.xpn.xwiki.objects.classes.StaticListClass</classType>
</tags>
</class>
<name>User Guide.03 Main Concepts</name>
<number>0</number>
<className>XWiki.TagClass</className>
<guid>912760ab-dd52-4f0a-a716-b6a167a1a6e2</guid>
<property>
<tags/>
</property>
</object>
<content>1 Main Concepts

This chapter has the purpose to introduce the main concepts of Jadex XML. 

1.1 Mapping Concepts

The top-level mapping concepts is the ~~jadex.xml.TypeInfo~~. It contains all mapping information between a specific xml tag (or path) and a (Java) class. A type info is composed of different information pieces that are an ~~XMLInfo~~, an ~~ObjectInfo~~, a ~~MappingInfo~~ and a ~~LinkingInfo~~.

1.1.1 XMLInfo

The XMLInfo has the purpose to represent the XML side of an object type. When reading an XML the XML info is used to determine the applicability of the containing type info. It is applicable when the current xml path fits to the defined xml path of the xml info. In most cases the type is uniquely defined by a single tag. If this is not sufficient a longer path consisting of several tags can be used. In the very rare case that neither the tag nor the path can be used to distinguish between the types a filter can be employed. It allows to use the (unparsed, i.e. raw) attributes of the current tag can be evaluated by a custom procedural filter.  
&lt;!-- todo: createfromtag --&gt;

1.1.1 ObjectInfo

The ObjectInfo represents the programming language side of the object type. During the read process it uses a type specification for the creation of the object. In case that Java is used as language target the Java class can be used as type specification. If a Java class is not suitable, e.g because it cannot be instantiated with an empty constructor like a Boolean, a ~~jadex.xml.bean.IBeanObjectCreator~~ can be used as alternative. The bean object creator has access to the (raw) attributes of the tag.

1.1.1 MappingInfo

1.1.1 LinkingInfo

</content></xwikidoc>