<?xml version="1.0" encoding="UTF-8"?>

<xwikidoc>
<web>User Guide</web>
<name>04 Mapping Tutorial</name>
<language></language>
<defaultLanguage>en</defaultLanguage>
<translation>0</translation>
<parent></parent>
<creator>XWiki.Lars</creator>
<author>XWiki.Alex</author>
<customClass></customClass>
<contentAuthor>XWiki.Alex</contentAuthor>
<creationDate>1267020661000</creationDate>
<date>1276765666000</date>
<contentUpdateDate>1276765666000</contentUpdateDate>
<version>25.1</version>
<title>Mapping XML structures to Java classes</title>
<template></template>
<defaultTemplate></defaultTemplate>
<validationScript></validationScript>
<comment></comment>
<minorEdit>false</minorEdit>
<syntaxId>xwiki/1.0</syntaxId>
<hidden>false</hidden>
<object>
<class>
<name>XWiki.TagClass</name>
<customClass></customClass>
<customMapping></customMapping>
<defaultViewSheet></defaultViewSheet>
<defaultEditSheet></defaultEditSheet>
<defaultWeb></defaultWeb>
<nameField></nameField>
<validationScript></validationScript>
<tags>
<cache>0</cache>
<displayType>checkbox</displayType>
<multiSelect>1</multiSelect>
<name>tags</name>
<number>1</number>
<prettyName>Tags</prettyName>
<relationalStorage>1</relationalStorage>
<separator> </separator>
<separators> ,|</separators>
<size>30</size>
<unmodifiable>0</unmodifiable>
<values></values>
<classType>com.xpn.xwiki.objects.classes.StaticListClass</classType>
</tags>
</class>
<name>User Guide.04 Mapping Tutorial</name>
<number>0</number>
<className>XWiki.TagClass</className>
<guid>16773357-d186-434f-9c4a-9d7e4f0cabf7</guid>
<property>
<tags/>
</property>
</object>
<content>1 Mapping XML structures to Java classes

This tutorial will introduce the main ideas for mapping xml to Java classes and the other way around. Jadex XML follows a minimal configuration approach, which means that Jadex XML tries to infer as much as possible to automatically find the correct mappings between XML and Java. For a quick start, it is only necessary to know the main mapping concepts and work into the details as needed.\\

The only necessary thing to set up are so called ~~type infos~~. A type info contains relevant information about an xml and corresponding Java type. This means that at least the xml tag name and the Java class need to be declared.

1.1 Reading an XML

As a first example consider the following 'Invoice' Java class that will be used as mapping target.

{code:java}
public class Invoice
{
  public String name;
  public String description;
  public double price;
  public String key;
  public int quantity;
}
{code}
~~Figure 1:Example Invoice Java Class~~\\
\\

The example xml data we want to use for reading is shown in Figure 2.

{code:xml}
&lt;?xml version="1.0"?&gt;
&lt;invoice&gt;
  &lt;name&gt;Jadex agent software suite.&lt;/name&gt;
  &lt;description&gt;Special update offer.&lt;/description&gt;
  &lt;price&gt;999.98&lt;/price&gt;
  &lt;key&gt;9153556177842&lt;/key&gt;
  &lt;quantity&gt;1&lt;/quantity&gt;
&lt;/invoice&gt;
{code}
~~Figure 2:XML invoice example data~~\\
\\

As one can see the xml corresponds directly to the Java class in this case. So the task of mapping the xml to the Java class is not very challenging here. Jadex XML needs to know that the tag 'invoice' has to be mapped to the 'Invoice' Java class. Contained elements of the invoice tag will be automatically written to the corresponding Java properties. Necessary (basic) type conversions (here price to double and quantity to int) will be performed automatically.\\

The steps for reading the depicted xml into a Java invoice object are shown in Figure 3.

{code:java}
public static void main(String[] args) throws Exception {
  Set typeinfos = new HashSet();
  typeinfos.add(new TypeInfo(new XMLInfo("invoice"), new ObjectInfo(Invoice.class)));
		
  Reader xmlreader = new Reader(new BeanObjectReaderHandler(typeinfos));
  InputStream is = SUtil.getResource("jadex/xml/tutorial/example01/data.xml", null);
  Object object = xmlreader.read(is, null, null);
  is.close();
		
  System.out.println("Read object: "+object);
}
{code}
~~Figure 3:Reading the xml into a Java object~~\\
\\

First the domain dependent type infos are specified and added to a set. Here the ~~TypeInfo~~ is created from an ~~XMLInfo~~ and a ~~ObjectInfo~~. In the XMLInfo it is specified, which xml element fits to this type info. In this example this is simply done by the tag, but one can imagine cases in which this might not be sufficient and additional information is necessary. The object info contains information about the object side, which consists at least of the type, i.e. Java class, needed for object creation.

1.1 Writing an object

For writing an object we will consider the same example invoice object and use the Jadex XML writer for generating the same output xml that we read in the last section. The mapping definition needs only a small modification as shown in Figure 4.

{code:java}
public static void main(String[] args) throws Exception {
  Set typeinfos = new HashSet();
  typeinfos.add(new TypeInfo(new XMLInfo("invoice"), new ObjectInfo(Invoice.class), new MappingInfo(true)));
  
  Writer xmlwriter = new Writer(new BeanObjectWriterHandler(typeinfos, false, true), false);
  String xml = xmlwriter.objectToXML(xmlwriter, object, null);
  System.out.println("Wrote xml: "+xml);
}
{code}
~~Figure 4: Writing the object as xml~~\\
\\

The modification of the type infos concerns the newly defined ~~MappingInfo~~. Such a mapping info may contain arbitrary complex mapping information between the xml and object type. It has the objective to help Jadex XML determining the correct relationship between both. In this example no mapping help for attributes or subobjects is needed, but as shown in Figure 1 the invoice class only consists of fields without getter and setter methods. As it is in many cases not useful to include all public fields of an object, the default is to include getter/setter properties only. The boolean flag turns on the inclusion of public fields. The generated output is depicted in Figure 5.

{code:xml}
&lt;?xml version="1.0" ?&gt;
&lt;invoice&gt;
  &lt;price&gt;999.98&lt;/price&gt;
  &lt;description&gt;Special update offer.&lt;/description&gt;
  &lt;name&gt;Jadex agent software suite.&lt;/name&gt;
  &lt;quantity&gt;1&lt;/quantity&gt;
  &lt;key&gt;9153556177842&lt;/key&gt;
&lt;/invoice&gt;
{code}
~~Figure 5: The generated xml~~\\
\\

Please note that the order of the subtags of the invoice element is not the same as in the orginal version. This is because Jadex XML determines the subobjects by inspecting the Java class and uses the order that reflection proposes. If the order is of importance the mapping has to be extended to include complete information about the subobjects as shown in Figure 6.

{code:java}
public static void main(String[] args) throws Exception {
  Set typeinfos = new HashSet();
  typeinfos.add(new TypeInfo(new XMLInfo("invoice"), new ObjectInfo(Invoice.class),
    new MappingInfo(null, new SubobjectInfo[]{
    new SubobjectInfo(new AccessInfo("name")),
    new SubobjectInfo(new AccessInfo("description")),
    new SubobjectInfo(new AccessInfo("price")),
    new SubobjectInfo(new AccessInfo("key")),
    new SubobjectInfo(new AccessInfo("quantity"))
    })));
		
  Writer xmlwriter = new Writer(new BeanObjectWriterHandler(typeinfos, false, true), false);
  String xml = xmlwriter.objectToXML(xmlwriter, object, null);
  System.out.println("Wrote xml: "+xml);
}
{code}
~~Figure 6: Complete mapping for generating original output~~
</content></xwikidoc>