<?xml version="1.0" encoding="UTF-8"?>

<xwikidoc>
<web>ColorThemes</web>
<name>Nature</name>
<language></language>
<defaultLanguage>en</defaultLanguage>
<translation>0</translation>
<parent>ColorThemes.WebHome</parent>
<creator>XWiki.Admin</creator>
<author>XWiki.Admin</author>
<customClass></customClass>
<contentAuthor>XWiki.Admin</contentAuthor>
<creationDate>1251108485000</creationDate>
<date>1251108485000</date>
<contentUpdateDate>1251108485000</contentUpdateDate>
<version>1.1</version>
<title>Nature</title>
<template></template>
<defaultTemplate></defaultTemplate>
<validationScript></validationScript>
<comment></comment>
<minorEdit>false</minorEdit>
<syntaxId>xwiki/2.0</syntaxId>
<hidden>false</hidden>
<object>
<class>
<name>ColorThemes.ColorThemeClass</name>
<customClass></customClass>
<customMapping></customMapping>
<defaultViewSheet></defaultViewSheet>
<defaultEditSheet></defaultEditSheet>
<defaultWeb></defaultWeb>
<nameField></nameField>
<validationScript></validationScript>
<backgroundSecondaryColor>
<name>backgroundSecondaryColor</name>
<number>29</number>
<picker>0</picker>
<prettyName>Secondary background color (table headers, message boxes, administration boxes)</prettyName>
<size>7</size>
<unmodifiable>0</unmodifiable>
<validationMessage></validationMessage>
<validationRegExp></validationRegExp>
<classType>com.xpn.xwiki.objects.classes.StringClass</classType>
</backgroundSecondaryColor>
<borderColor>
<name>borderColor</name>
<number>7</number>
<picker>0</picker>
<prettyName>Border color</prettyName>
<size>7</size>
<unmodifiable>0</unmodifiable>
<validationMessage></validationMessage>
<validationRegExp></validationRegExp>
<classType>com.xpn.xwiki.objects.classes.StringClass</classType>
</borderColor>
<buttonPrimaryBackgroundColor>
<name>buttonPrimaryBackgroundColor</name>
<number>26</number>
<picker>0</picker>
<prettyName>Primary action button background color</prettyName>
<size>7</size>
<unmodifiable>0</unmodifiable>
<validationMessage></validationMessage>
<validationRegExp></validationRegExp>
<classType>com.xpn.xwiki.objects.classes.StringClass</classType>
</buttonPrimaryBackgroundColor>
<buttonPrimaryTextColor>
<name>buttonPrimaryTextColor</name>
<number>25</number>
<picker>0</picker>
<prettyName>Primary action button text color</prettyName>
<size>7</size>
<unmodifiable>0</unmodifiable>
<validationMessage></validationMessage>
<validationRegExp></validationRegExp>
<classType>com.xpn.xwiki.objects.classes.StringClass</classType>
</buttonPrimaryTextColor>
<buttonSecondaryBackgroundColor>
<name>buttonSecondaryBackgroundColor</name>
<number>28</number>
<picker>0</picker>
<prettyName>Secondary action button background color</prettyName>
<size>7</size>
<unmodifiable>0</unmodifiable>
<validationMessage></validationMessage>
<validationRegExp></validationRegExp>
<classType>com.xpn.xwiki.objects.classes.StringClass</classType>
</buttonSecondaryBackgroundColor>
<buttonSecondaryTextColor>
<name>buttonSecondaryTextColor</name>
<number>27</number>
<picker>0</picker>
<prettyName>Secondary action button text color</prettyName>
<size>7</size>
<unmodifiable>0</unmodifiable>
<validationMessage></validationMessage>
<validationRegExp></validationRegExp>
<classType>com.xpn.xwiki.objects.classes.StringClass</classType>
</buttonSecondaryTextColor>
<headerBackgroundImage>
<name>headerBackgroundImage</name>
<number>12</number>
<picker>0</picker>
<prettyName>Banner (header image - the name of an image attached to the theme document)</prettyName>
<size>15</size>
<unmodifiable>0</unmodifiable>
<validationMessage></validationMessage>
<validationRegExp></validationRegExp>
<classType>com.xpn.xwiki.objects.classes.StringClass</classType>
</headerBackgroundImage>
<headerBackgroundPosition>
<name>headerBackgroundPosition</name>
<number>13</number>
<picker>0</picker>
<prettyName>Banner position and repeat (CSS syntax, for example: "left center no-repeat")</prettyName>
<size>30</size>
<unmodifiable>0</unmodifiable>
<validationMessage></validationMessage>
<validationRegExp></validationRegExp>
<classType>com.xpn.xwiki.objects.classes.StringClass</classType>
</headerBackgroundPosition>
<highlightColor>
<name>highlightColor</name>
<number>14</number>
<picker>0</picker>
<prettyName>Background color for highlighted elements</prettyName>
<size>7</size>
<unmodifiable>0</unmodifiable>
<validationMessage></validationMessage>
<validationRegExp></validationRegExp>
<classType>com.xpn.xwiki.objects.classes.StringClass</classType>
</highlightColor>
<linkColor>
<name>linkColor</name>
<number>5</number>
<picker>0</picker>
<prettyName>Link color</prettyName>
<size>7</size>
<unmodifiable>0</unmodifiable>
<validationMessage></validationMessage>
<validationRegExp></validationRegExp>
<classType>com.xpn.xwiki.objects.classes.StringClass</classType>
</linkColor>
<menuBackgroundColor>
<name>menuBackgroundColor</name>
<number>15</number>
<picker>0</picker>
<prettyName>Menu background color</prettyName>
<size>7</size>
<unmodifiable>0</unmodifiable>
<validationMessage></validationMessage>
<validationRegExp></validationRegExp>
<classType>com.xpn.xwiki.objects.classes.StringClass</classType>
</menuBackgroundColor>
<menuLinkColor>
<name>menuLinkColor</name>
<number>16</number>
<picker>0</picker>
<prettyName>Menu text color</prettyName>
<size>7</size>
<unmodifiable>0</unmodifiable>
<validationMessage></validationMessage>
<validationRegExp></validationRegExp>
<classType>com.xpn.xwiki.objects.classes.StringClass</classType>
</menuLinkColor>
<menuSelectedEntryBackgroundColor>
<name>menuSelectedEntryBackgroundColor</name>
<number>17</number>
<picker>0</picker>
<prettyName>Selected menu entry background color</prettyName>
<size>7</size>
<unmodifiable>0</unmodifiable>
<validationMessage></validationMessage>
<validationRegExp></validationRegExp>
<classType>com.xpn.xwiki.objects.classes.StringClass</classType>
</menuSelectedEntryBackgroundColor>
<menuSelectedEntryLinkColor>
<name>menuSelectedEntryLinkColor</name>
<number>18</number>
<picker>0</picker>
<prettyName>Selected menu entry text color</prettyName>
<size>7</size>
<unmodifiable>0</unmodifiable>
<validationMessage></validationMessage>
<validationRegExp></validationRegExp>
<classType>com.xpn.xwiki.objects.classes.StringClass</classType>
</menuSelectedEntryLinkColor>
<pageBackgroundColor>
<name>pageBackgroundColor</name>
<number>8</number>
<picker>0</picker>
<prettyName>Page background color</prettyName>
<size>7</size>
<unmodifiable>0</unmodifiable>
<validationMessage></validationMessage>
<validationRegExp></validationRegExp>
<classType>com.xpn.xwiki.objects.classes.StringClass</classType>
</pageBackgroundColor>
<pageBackgroundImage>
<name>pageBackgroundImage</name>
<number>9</number>
<picker>0</picker>
<prettyName>Page background image (the name of an image attached to the theme document)</prettyName>
<size>30</size>
<unmodifiable>0</unmodifiable>
<validationMessage></validationMessage>
<validationRegExp></validationRegExp>
<classType>com.xpn.xwiki.objects.classes.StringClass</classType>
</pageBackgroundImage>
<pageBackgroundPosition>
<name>pageBackgroundPosition</name>
<number>10</number>
<picker>0</picker>
<prettyName>Page background image position and repeat (CSS syntax, for example: "left top repeat-x")</prettyName>
<size>30</size>
<unmodifiable>0</unmodifiable>
<validationMessage></validationMessage>
<validationRegExp></validationRegExp>
<classType>com.xpn.xwiki.objects.classes.StringClass</classType>
</pageBackgroundPosition>
<pageContentBackgroundColor>
<name>pageContentBackgroundColor</name>
<number>1</number>
<picker>0</picker>
<prettyName>Page content background color</prettyName>
<size>7</size>
<unmodifiable>0</unmodifiable>
<validationMessage></validationMessage>
<validationRegExp></validationRegExp>
<classType>com.xpn.xwiki.objects.classes.StringClass</classType>
</pageContentBackgroundColor>
<pageHeaderBackgroundColor>
<name>pageHeaderBackgroundColor</name>
<number>11</number>
<picker>0</picker>
<prettyName>Page header background color</prettyName>
<size>7</size>
<unmodifiable>0</unmodifiable>
<validationMessage></validationMessage>
<validationRegExp></validationRegExp>
<classType>com.xpn.xwiki.objects.classes.StringClass</classType>
</pageHeaderBackgroundColor>
<panelBackgroundColor>
<name>panelBackgroundColor</name>
<number>19</number>
<picker>0</picker>
<prettyName>Panel background color</prettyName>
<size>7</size>
<unmodifiable>0</unmodifiable>
<validationMessage></validationMessage>
<validationRegExp></validationRegExp>
<classType>com.xpn.xwiki.objects.classes.StringClass</classType>
</panelBackgroundColor>
<panelCollapsedBackgroundColor>
<name>panelCollapsedBackgroundColor</name>
<number>23</number>
<picker>0</picker>
<prettyName>Collapsed panel background color</prettyName>
<size>7</size>
<unmodifiable>0</unmodifiable>
<validationMessage></validationMessage>
<validationRegExp></validationRegExp>
<classType>com.xpn.xwiki.objects.classes.StringClass</classType>
</panelCollapsedBackgroundColor>
<panelCollapsedTextColor>
<name>panelCollapsedTextColor</name>
<number>24</number>
<picker>0</picker>
<prettyName>Collapsed panel text color</prettyName>
<size>7</size>
<unmodifiable>0</unmodifiable>
<validationMessage></validationMessage>
<validationRegExp></validationRegExp>
<classType>com.xpn.xwiki.objects.classes.StringClass</classType>
</panelCollapsedTextColor>
<panelHeaderBackgroundColor>
<name>panelHeaderBackgroundColor</name>
<number>21</number>
<picker>0</picker>
<prettyName>Panel header background color</prettyName>
<size>7</size>
<unmodifiable>0</unmodifiable>
<validationMessage></validationMessage>
<validationRegExp></validationRegExp>
<classType>com.xpn.xwiki.objects.classes.StringClass</classType>
</panelHeaderBackgroundColor>
<panelHeaderTextColor>
<name>panelHeaderTextColor</name>
<number>22</number>
<picker>0</picker>
<prettyName>Panel header text color</prettyName>
<size>7</size>
<unmodifiable>0</unmodifiable>
<validationMessage></validationMessage>
<validationRegExp></validationRegExp>
<classType>com.xpn.xwiki.objects.classes.StringClass</classType>
</panelHeaderTextColor>
<panelTextColor>
<name>panelTextColor</name>
<number>20</number>
<picker>0</picker>
<prettyName>Panel text color</prettyName>
<size>7</size>
<unmodifiable>0</unmodifiable>
<validationMessage></validationMessage>
<validationRegExp></validationRegExp>
<classType>com.xpn.xwiki.objects.classes.StringClass</classType>
</panelTextColor>
<textColor>
<name>textColor</name>
<number>2</number>
<picker>0</picker>
<prettyName>Text color</prettyName>
<size>7</size>
<unmodifiable>0</unmodifiable>
<validationMessage></validationMessage>
<validationRegExp></validationRegExp>
<classType>com.xpn.xwiki.objects.classes.StringClass</classType>
</textColor>
<textPrimaryColor>
<name>textPrimaryColor</name>
<number>3</number>
<picker>0</picker>
<prettyName>Informative text color (Modified by, Created by, etc)</prettyName>
<size>7</size>
<unmodifiable>0</unmodifiable>
<validationMessage></validationMessage>
<validationRegExp></validationRegExp>
<classType>com.xpn.xwiki.objects.classes.StringClass</classType>
</textPrimaryColor>
<textSecondaryColor>
<name>textSecondaryColor</name>
<number>4</number>
<picker>0</picker>
<prettyName>Details text color (Comments date, attachments date, etc)</prettyName>
<size>7</size>
<unmodifiable>0</unmodifiable>
<validationMessage></validationMessage>
<validationRegExp></validationRegExp>
<classType>com.xpn.xwiki.objects.classes.StringClass</classType>
</textSecondaryColor>
<titleColor>
<name>titleColor</name>
<number>6</number>
<picker>0</picker>
<prettyName>Title color</prettyName>
<size>7</size>
<unmodifiable>0</unmodifiable>
<validationMessage></validationMessage>
<validationRegExp></validationRegExp>
<classType>com.xpn.xwiki.objects.classes.StringClass</classType>
</titleColor>
</class>
<name>ColorThemes.Nature</name>
<number>0</number>
<className>ColorThemes.ColorThemeClass</className>
<guid>4c8e6b18-fee0-43aa-b65f-a3f32a39c890</guid>
<property>
<backgroundSecondaryColor>#EFEFEF</backgroundSecondaryColor>
</property>
<property>
<borderColor>#CCCCCC</borderColor>
</property>
<property>
<buttonPrimaryBackgroundColor>#85A02D</buttonPrimaryBackgroundColor>
</property>
<property>
<buttonPrimaryTextColor>#FFFFFF</buttonPrimaryTextColor>
</property>
<property>
<buttonSecondaryBackgroundColor>#FFFFFF</buttonSecondaryBackgroundColor>
</property>
<property>
<buttonSecondaryTextColor>#85A02D</buttonSecondaryTextColor>
</property>
<property>
<headerBackgroundImage></headerBackgroundImage>
</property>
<property>
<headerBackgroundPosition></headerBackgroundPosition>
</property>
<property>
<highlightColor>#EFFDC0</highlightColor>
</property>
<property>
<linkColor>#76B415</linkColor>
</property>
<property>
<menuBackgroundColor>#85A02D</menuBackgroundColor>
</property>
<property>
<menuLinkColor>#FFFFFF</menuLinkColor>
</property>
<property>
<menuSelectedEntryBackgroundColor>#EFFDC0</menuSelectedEntryBackgroundColor>
</property>
<property>
<menuSelectedEntryLinkColor>#85A02D</menuSelectedEntryLinkColor>
</property>
<property>
<pageBackgroundColor>#C8E082</pageBackgroundColor>
</property>
<property>
<pageBackgroundImage></pageBackgroundImage>
</property>
<property>
<pageBackgroundPosition></pageBackgroundPosition>
</property>
<property>
<pageContentBackgroundColor>#FFFFFF</pageContentBackgroundColor>
</property>
<property>
<pageHeaderBackgroundColor>#FFFFFF</pageHeaderBackgroundColor>
</property>
<property>
<panelBackgroundColor>#FFFFFF</panelBackgroundColor>
</property>
<property>
<panelCollapsedBackgroundColor>#EFFDC0</panelCollapsedBackgroundColor>
</property>
<property>
<panelCollapsedTextColor>#85A02D</panelCollapsedTextColor>
</property>
<property>
<panelHeaderBackgroundColor>#FFFFFF</panelHeaderBackgroundColor>
</property>
<property>
<panelHeaderTextColor>#4D4D4D</panelHeaderTextColor>
</property>
<property>
<panelTextColor>#4D4D4D</panelTextColor>
</property>
<property>
<textColor>#000000</textColor>
</property>
<property>
<textPrimaryColor>#FFA600</textPrimaryColor>
</property>
<property>
<textSecondaryColor>#FFA600</textSecondaryColor>
</property>
<property>
<titleColor>#4D4D4D</titleColor>
</property>
</object>
<content>{{include document="ColorThemes.ColorThemeSheet"/}}</content>
</xwikidoc>
