<?xml version="1.0" encoding="UTF-8"?>

<xwikidoc>
<web>Resources</web>
<name>Related Frameworks</name>
<language></language>
<defaultLanguage>en</defaultLanguage>
<translation>0</translation>
<parent></parent>
<creator>XWiki.Alex</creator>
<author>XWiki.Alex</author>
<customClass></customClass>
<contentAuthor>XWiki.Alex</contentAuthor>
<creationDate>1276772696000</creationDate>
<date>1276772869000</date>
<contentUpdateDate>1276772869000</contentUpdateDate>
<version>2.1</version>
<title>Java-XML Mapping Frameworks</title>
<template></template>
<defaultTemplate></defaultTemplate>
<validationScript></validationScript>
<comment></comment>
<minorEdit>false</minorEdit>
<syntaxId>xwiki/1.0</syntaxId>
<hidden>false</hidden>
<object>
<class>
<name>XWiki.TagClass</name>
<customClass></customClass>
<customMapping></customMapping>
<defaultViewSheet></defaultViewSheet>
<defaultEditSheet></defaultEditSheet>
<defaultWeb></defaultWeb>
<nameField></nameField>
<validationScript></validationScript>
<tags>
<cache>0</cache>
<displayType>checkbox</displayType>
<multiSelect>1</multiSelect>
<name>tags</name>
<number>1</number>
<prettyName>Tags</prettyName>
<relationalStorage>1</relationalStorage>
<separator> </separator>
<separators> ,|</separators>
<size>30</size>
<unmodifiable>0</unmodifiable>
<values></values>
<classType>com.xpn.xwiki.objects.classes.StaticListClass</classType>
</tags>
</class>
<name>Resources.Related Frameworks</name>
<number>0</number>
<className>XWiki.TagClass</className>
<guid>0236ec0a-23d4-47d7-aa12-8e6a837cd02e</guid>
<property>
<tags/>
</property>
</object>
<content>
1.1 Java-XML Mapping Frameworks

1.1.1 [JAXB&gt;http://java.sun.com/developer/technicalArticles/WebServices/jaxb/]
Java Architecture for XML Binding (JAXB) allows Java developers to map Java classes to XML representations. JAXB provides two main features: the ability to marshal  Java objects into XML and the inverse, i.e. to unmarshal XML back into Java objects. In other words, JAXB allows storing and retrieving data in memory in any XML format, without the need to implement a specific set of XML loading and saving routines for the program's class structure.

1.1.1 [JIBX&gt;http://jibx.sourceforge.net/]
JiBX is a tool for binding XML data to Java objects. It's extremely flexible, allowing you to start from existing Java code and generate an XML schema, start from an XML schema and generate Java code, or bridge your existing code to a schema that represents the same data. It also provides very high performance, outperforming all other Java data binding tools across a wide variety of tests.

1.1.1 [Castor&gt;http://www.castor.org/]
Castor is an Open Source data binding framework for Java. It's the shortest path between Java objects, XML documents and relational tables. Castor provides Java-to-XML binding, Java-to-SQL persistence, and more. 

1.1.1 [XMLBeans&gt;http://xmlbeans.apache.org/]
XMLBeans is a technology for accessing XML by binding it to Java types. XMLBeans provides several ways to get at the XML, including: Through XML schema that has been compiled to generate Java types that represent schema types. In this way, you can access instances of the schema through JavaBeans-style accessors after the fashion of "getFoo" and "setFoo". The XMLBeans API also allows you to reflect into the XML schema itself through an XML Schema Object model. A cursor model through which you can traverse the full XML infoset.

1.1.1 [ADB&gt;http://ws.apache.org/axis2/1_0/adb/adb-howto.html]
The objective of the Axis2 Databinding framework is to provide a lightweight and simple schema compiler/ Java bean generator for Axis2. By no means it's to be a fully functional schema compiler like XMLBeans. Note that ADB is written in a fashion that allows it to be used as a stand-alone schema compiler and also to be extended to generate code for other languages.

1.1.1 [JBind&gt;http://jbind.sourceforge.net/]
JBind is a data binding framework linking Java and XML. The framework consists of a schema compiler for generating Java sources and a runtime environment. The runtime environment is used for unmarshalling (reading) and marshalling (writing) XML documents, for validation, and for accessing and manipulating XML data.

1.1 Java (De)Serialization Frameworks

1.1.1 [XStream&gt;http://xstream.codehaus.org/]
Stream is a simple library to serialize objects to XML and back again.

1.1.1 [Betwixt&gt;http://commons.apache.org/betwixt/]
The Betwixt library provides an XML introspection mechanism for mapping beans to XML in a flexible way. It is implemented using an XMLIntrospector and XMLBeanInfo classes which are similar to the standard Introspector and BeanInfo from the Java Beans specification. Betwixt provides a way of turning beans into XML as well as automatically generating digester rules in a way that can be customized on a per type manner in the same way that the BeanInfo mechanism can be used to customize the default introspection on a java object.


1.1.1 [java.beans.XMLEncoder&gt;http://java.sun.com/j2se/1.4/docs/api/java/beans/XMLEncoder.html]
Simple classes for serializing and deserializing Java objects in XML. These use a proprietary XML language. These classes were introduced in the Java 2 Platform, Standard Edition, version 1.4. </content>
</xwikidoc>
