<?xml version="1.0" encoding="UTF-8"?>

<xwikidoc>
<web>Resources</web>
<name>Serialization Tutorial </name>
<language></language>
<defaultLanguage>en</defaultLanguage>
<translation>0</translation>
<parent></parent>
<creator>XWiki.Lars</creator>
<author>XWiki.Lars</author>
<customClass></customClass>
<contentAuthor>XWiki.Lars</contentAuthor>
<creationDate>1266961633000</creationDate>
<date>1267017130000</date>
<contentUpdateDate>1267017130000</contentUpdateDate>
<version>14.1</version>
<title>Resources.Tutorial</title>
<template></template>
<defaultTemplate></defaultTemplate>
<validationScript></validationScript>
<comment></comment>
<minorEdit>false</minorEdit>
<syntaxId>xwiki/1.0</syntaxId>
<hidden>false</hidden>
<object>
<class>
<name>XWiki.TagClass</name>
<customClass></customClass>
<customMapping></customMapping>
<defaultViewSheet></defaultViewSheet>
<defaultEditSheet></defaultEditSheet>
<defaultWeb></defaultWeb>
<nameField></nameField>
<validationScript></validationScript>
<tags>
<cache>0</cache>
<displayType>checkbox</displayType>
<multiSelect>1</multiSelect>
<name>tags</name>
<number>1</number>
<prettyName>Tags</prettyName>
<relationalStorage>1</relationalStorage>
<separator> </separator>
<separators> ,|</separators>
<size>30</size>
<unmodifiable>0</unmodifiable>
<values></values>
<classType>com.xpn.xwiki.objects.classes.StaticListClass</classType>
</tags>
</class>
<name>Resources.Serialization Tutorial </name>
<number>0</number>
<className>XWiki.TagClass</className>
<guid>ab290eda-f1e5-4fb2-ac38-f9c0d57c1d5a</guid>
<property>
<tags/>
</property>
</object>
<content>1 Java Bean (de)serialization

Using Jadex XML for serializing and deserializing Java beans is very simple. Typical use cases why you would want to do such kind of transformations is e.g. the transmission of Java objects over a network or the storage in a file. Some advantages of using an xml representation instead of e.g. normal object serialization are that xml is human readable and is independent of the programming language that is used for object representation.\\\\

In the following a simple example is shown how the runtime facility of Jadex XML can be used. For illustration purposes an Invoice Java class is used here (cf. Figure 1). It has to follow the Java bean specification in several respects. Most importantly, always an empty constructor has to be present and a pair of getter/setter methods has to be provided for all Java properties that should be serialized. Please note that in Java a Java class always has an empty constructor as long as no other constructor is present. If you add a custom constructor also the empty constructor has to be inserted. In this example also the hashcode and equals method have been overriden for being able to compare the original object and the new object that is constructed from the xml text.

{code:java}
public class Invoice
{
  protected String name;
  protected double price;
	
  public Invoice() {
  }
	
  public Invoice(String name, double price) {
    this.name = name;
    this.price = price;
  }
	
  public String getName() {
    return this.name;
  }

  public void setName(String name) {
    this.name = name;
  }

  public double getPrice() {
    return this.price;
  }

  public void setPrice(double price) {
    this.price = price;
  }

  // hashcode, equals, toString omitted for brevity	
}
{code}
~~Figure 1: Example Java Invoice class~~
\\\\

For testing Jadex XML with this class, it is sufficient to create an object of the invoice class and hand it over to Jadex as shown in Figure 2. Using the method ~~JavaWriter.objectToXML()~~ the invoice object is transferred to an xml, which is printed out. Thereafter, the call ~~JavaReader.objectFromXML(xml, null)~~ deserializes the xml to a new invoice object. This object is then compared to the original one using the overridden equals method (not shown in Fig. 1). Both invoices are assumed to be equal when the corresponding field values are equal.

{code:java}
public static void main(String[] args) throws Exception {
  Invoice object = new Invoice("Invoice for shoes", 43.95);
  String xml = JavaWriter.objectToXML(object, null);
  System.out.println("xml is:"+xml);
  Object ro = JavaReader.objectFromXML(xml, null);
		
  if(!object.equals(ro))
    System.out.println("Not equal: "+object.getClass()+" \n"+ro.getClass()+" \n"+xml);
  else
    System.out.println("Successfully serialzed and deserialized: "+object);
}
{code}
~~Figure 2: Serializing and deserializing an invoice object~~
\\\\

The produces xml is shown in Figure 3. In this case it is very simple and contains the field value as attributes of the invoice element. The writer uses the Java class names as tag names and automatically generates namespaces for the Java packages. This keeps the tag names short and allows prefix reuse when more than one bean come from the same package. \\\\

{code:xml}
&lt;?xml version="1.0" ?&gt;
&lt;p0:Invoice xmlns:p0="typeinfo:jadex.xml.tutorial.example19" __ID="0" price="43.95" name="Invoice for shoes"&gt;&lt;/p0:Invoice&gt;
{code}
~~Figure 3: The produced XML~~
\\\\</content>
</xwikidoc>
