<?xml version="1.0" encoding="UTF-8"?>
<!--<!DOCTYPE chapter PUBLIC "-//OASIS//DTD DocBook XML V4.1.2//EN"
"../docbook/dtd/docbookx.dtd" >-->
<chapter id="exercise_intro">
	<title>Introduction</title>

	<para>
		Jadex is a Belief-Desire-Intention (BDI) reasoning engine for intelligent agents. The term reasoning engine
 		means that it can be used together with different kinds of (agent) middleware providing basic agent services
 		such as a communication infrastructure and management facilities. Currently, two mature adapters are
		available. The first adapter is available for the well-known open-source JADE multi-agent platform 
		<xref linkend="Bellifemine+07Developing"/>
		and the second one is the Jadex Standalone adapter which is a small but fast environment with a minimal memory
		footprint. In this tutorial the Jadex Standalone adapter is used, but in principle the used adapter is not
		of great importance as it does not change the way Jadex agents are programmed or way the Jadex tools are used.
	</para>
	<para>
		The concepts of the BDI-model initially proposed by Bratman <xref linkend="Bratman87Intention"/>
 		were adapted by Rao and Georgeff <xref linkend="Rao+95BDIAgents"/>
		to a more fomal model that is better suitable for multi-agent systems in the software architectural sense. Systems
		that are built on these foundations are called Procedural Reasoning Systems (PRS) with respect to their first
		representative. Jadex builds on experiences gained from leading existing BDI systems such as JACK
		<xref linkend="Winikoff05JACK"/> and consequently improves previously not-addressed BDI weaknesses like the
 		concurrent handling of inconsistent goals with built-in goal deliberation <xref linkend="Pokahr+05Goal"/>.
	</para>
	<para>
		This tutorial is a good starting point for agent developers, that want to learn programming Jadex BDI
		agents in small hands-on exercises. Each lesson of this tutorial covers one important concept and tries
		to illustrate why and especially how the concept can be used in Jadex. In the following
 		<xref linkend="exercise_a"/> it is described how to setup the Jadex environment properly and how to start
 		a simple agent. It is explained step by step how to handle plans (<xref linkend="exercise_b"/>), beliefs
 		(<xref linkend="exercise_c"/>) and goals (<xref linkend="exercise_e"/>) and how these elements can be
		composed (<xref linkend="exercise_d"/>) into reusable agent modules.
 		Another lesson covers some aspects about information exchange on the intra and inter-agent level
 		and builds up a multi-agent scenario <xref linkend="exercise_f"/>. Thereafter, in <xref linkend="exercise_g"/>
 		the integration of Jadex agents with external processes is exemplarily explained. Finally a conclusion
		and an outlook is given in <xref linkend="exercise_conclusion"/>. After having worked
 		through this tutorial the reader should be familiar with all basic agent concepts provided by Jadex.
		Whenever the reader encounters facts that are not explained in detail here but may need some elaboration
		for a thorough understanding further reading in the Jadex user guide <xref linkend="JadexUserGuide"/>
 		is recommended. If you are interested in less technical documentation you may also consider reading
 		about Jadex in one of these book chapters <xref linkend="Pokahr+05Jadex"/><xref linkend="Braubach+05Jadex"/>.
	</para>
	
	<section>
 		<title>Application Context</title>
		In this tutorial a simple translation agent for single words will be implemented. This agent 
 		has the basic task to handle translation requests and produce for a given term in some language 
 		the translated term in the desired target language. This base functionality will be extended in 
 		the different exercises, but it is not our goal to build up a translation agent, that combines all 
 		the extensions, because this would lead to difficulties concerning the complexity of the agent. 
 		Instead this tutorial will concentrate on setting up simple agents that explain the Jadex concepts 
 		step by step.
	</section>
	<section>
 		<title>How to Use This Tutorial</title>
		<itemizedlist>
			<listitem>
				<para>
 					Work through the exercises in order, because later exercises require knowledge from the earlier ones.
				</para>
			</listitem>
			<listitem>
				<para>
					Don't destroy your solutions of an exercise by modifying the old files. The different
					exercises often use the plans and agent description files (ADF) of a preceeding exercise.
					Copy all files and apply a simple naming scheme which contains the name of the exercise in
					the plan and ADF file names, e.g. the ADF in the exercise A1 is called TranslationA1.agent.xml
					and in exercise B1 TranslationB1.agent.xml.
				</para>
			</listitem>
			<!--<listitem>
				<para>
					Whenever you are not sure which files to create or use for an exercise, please refer to
 					the overview table [cap:Exercise-Plan-Overview].
				</para>
			</listitem>-->
			<listitem>
				<para>
					Help us to make this tutorial better with your feedback. When you find errors or have
 					problems that are directly concerned with the exercise descriptions feel free to let us
 					know. <!--Additionally it would be a great help, if you would annotate and inform us about the
 					time you needed to fullfil an exercise. This helps us to find out how difficult the exercises are.-->
				</para>
			</listitem>
			<listitem>
				<para>
					Whenever you encounter problems with Jadex we would be happy to help you. Please use therefore
					primarily the <ulink url="http://sourceforge.net/forum/forum.php?forum_id=274112">sourceforge help forum</ulink>
 					available on the Jadex sourceforge.net page. There is also a 
 					<ulink url="http://sourceforge.net/mail/?group_id=80240">Jadex mailing list</ulink> that can be used for
 					asking questions about Jadex.
				</para>
			</listitem>
		</itemizedlist>
 	</section>

</chapter>
