<?xml version="1.0" encoding="UTF-8"?>
<!--<!DOCTYPE chapter PUBLIC "-//OASIS//DTD DocBook XML V4.1.2//EN"
"../docbook/dtd/docbookx.dtd" >-->
<chapter id="exercise_b">
	<title>Using Plans</title>

	<para>
		Plans play a central role in Jadex, because they encapsulate the recipe for achieving
		some state of affair. Generally, a plan consists of two parts in Jadex. The plan body
 		is a standard Java class that extends a predefined Jadex framework class
 		(<classname>jadex.runtime.Plan</classname> or <classname>jadex.runtime.MobilePlan</classname>)
 		and has at least to implement the abstract <methodname>body()</methodname> resp.
 		<methodname>action()</methodname> method which is invoked after plan
		instantiation. The plan body is associated to a plan head in the ADF. This means that
		in the plan head several properties of the plan can be specified, e.g. the circumstances under
		which it is activated and its importance in relation to other plans.
	</para>
	<para>
		In contrast to other well-known PRS-like systems, Jadex supports two styles of plans.
		A so called <emphasis>service plan</emphasis> is a plan that has service character
 		in the sense that a plan instance of the plan is usually running and waits for service requests.
 		It represents an easy way to react on service requests sequentially without the need to
 		synchronize different plan instances for the same plan. Therefore a service plan can setup
 		its private event waitqueue and receive events for later processing, even when it is working
 		at the moment.
	</para>
	<para>
		A so called <emphasis>PRS-style or passive plan</emphasis> is the normal version of a plan,
 		as can be found in all other PRS-systems. This means that usually such a plan is only running,
 		when it has a task to achieve. For this kind of plan the triggering events and goals must be
 		specified in the agent definition file to let the agent know what kinds of events this plan
 		can handle. When an agent receives an event, the BDI reasoning engine builds up the so called
 		applicable plan list (that are all plans which can handle the current event or goal) and
 		candidate(s) are selected and instantiated for execution. PRS-style plans are a good choice,
 		when the parallel execution of one kind of task is needed or is at least not disturbing.
 		For more detailed information about plans have a look in the <xref linkend="JadexUserGuide"/>.
	</para>
	<para>
		Often a plan does some action and then wants to wait until the action has been done before continuing
		(e.g. dispatching a subgoal, sending a message and waiting for the reply). Therefore a plan can
 		use one of the various <methodname>waitFor()</methodname> methods, that come in quite different flavors.
		Coming back to the examples mentioned, e.g. the
		<methodname>dispatchSubgoalAndWait(IGoal subgoal [, long timeout])</methodname> can be used to
		dispatch a subgoal and wait for its completion (optionally with some timeout). Similar, for sending
		a message and waiting for a reply the
		<methodname>sendMessageAndWait(IMessageEvent me [, long timeout])</methodname> method can be used.
		For an extensive overview of all available methods, please refer to the <xref linkend="JadexUserGuide"/>
 		or the <ulink url="http://vsis-www.informatik.uni-hamburg.de/projects/jadex/jadex-0.96x/kernel/index.html">
 		API documentation</ulink>.
	</para>

	<section>
 		<title>Exercise B1 - Service Plans</title>
		<para>
			In this exercise we will use a service plan for translating words from English to German.
			Create a new TranslationB1.agent.xml file by copying the TranslationA1.agent.xml file
			and modify all occurrences of "A1" to "B1".
		</para>
		<formalpara>
			<title>Create a new file called EnglishGermanTranslationPlanB1.java responsible for a basic
			word translation with the following properties:</title>
			<itemizedlist>
				<listitem>
					<para>
						Create the plan as extension to the <classname>jadex.runtime.Plan</classname> class:
						<programlisting><![CDATA[public class EnglishGermanTranslationPlanB1 extends Plan {
    // Plan attributes.

    public EnglishGermanTranslationPlanB1() {
        // Initialization code.
    }

    public void body() {
        // Plan code.
    }
}]]></programlisting>
					</para>
				</listitem>
				<listitem>
					<para>
						Import the needed classes:
						<programlisting>import java.util.*;
import jadex.runtime.*;</programlisting>
					</para>
				</listitem>
				<listitem>
					<para>
						Let the no argument constructor print out the text "Created:"+this.
					</para>
				</listitem>
				<listitem>
					<para>
						Implement the plan's <methodname>body()</methodname> method as infinite loop.
 						At the beginning of this loop the plan should wait for translation requests:
					</para>
					<programlisting>IMessageEvent me = waitForMessageEvent("request_translation");</programlisting>
					<para>
						Instead of performing a database query let us use a simple hashmap for the word lookup.
						The creation and initialization of this word table with a few word pairs can already be done
						in the constructor. As result the plan should print
						<computeroutput>"Translating from English to German: "+eword+" - "+gword</computeroutput> or
 						<computeroutput>"Sorry word is not in database: "+eword</computeroutput>.
 						To get the content from the request-event use <methodname>me.getContent()</methodname>.
					</para>
				</listitem>
			</itemizedlist>
		</formalpara>


		<formalpara>
			<title>Add the plan to the agent by putting it into the agent definition file:</title>
			<itemizedlist>
				<listitem>
					<para>
						Therefore, a new plans section is introduced (lines 13-20), in which all plans for
						the agent have to be declared. In this simple example only one plan named here "egtrans"
						is added (lines 14-19). In line 15 the Java expression for creating the plan body is stated.
						Note that it is allowed to use any Java mechanism to create the plan (e.g. one could use a
						static method instead of a constructor call). In the next lines the plan's waitqueue is
						declared to handle all message events of type "request_translation". This means that the plan
						has its own event waitqueue in which all matching events are dispatched, even when the plan
						is busy and currently waits for other events. These events are collected in its queue till
						it calls a suitable <methodname>waitFor()</methodname> matching one of the collected events.
 						In this case this collected event is directly dispatched to the plan.
					</para>
				</listitem>
				<listitem>
					<para>
						The plan should be started when the agent is born. For this purpose a configuration
						has to be declared within the ADF (lines 30-36). It is sufficient in this case
 						to define one configuration (named "default") with an initial plan (lines 31-35).
						The initial plan simply references the plan for which an instance should be created
						(line 33).
					</para>
				</listitem>
				<listitem>
					<para>
						Besides the introduction of the new plan we also need to make explicit what exactly
						a request_translation event means. For this purpose a new events section is introduced (lines 22-28).
						In this section the request_translation event is declared being a message event with one parameter
						(lines 23-27). This parameter specifies that its performative has the fixed value request.
						Whenever the agent receives a message it will search its declared events for the best matching event type. In this case
						all messages with performative request it will be treated as request_translation events.
						<figure id="exercise_b.b1_adf">
							<title>B1 XML ADF</title>
							<programlisting linenumbering="numbered"><![CDATA[<!--
    Creating an initial plan.
    The agent has one initial plan (created when the agent is born)
    for translating words from English to German.
-->
<agent xmlns="http://jadex.sourceforge.net/jadex"
    xmlns:xsi="http://www.w3.org/2001/XMLSchema-instance"
    xsi:schemaLocation="http://jadex.sourceforge.net/jadex
                        http://jadex.sourceforge.net/jadex-0.96.xsd"
    name="TranslationB1"
    package="jadex.tutorial">

    <plans>
        <plan name="egtrans">
            <body>new EnglishGermanTranslationPlanB1()</body>
            <waitqueue>
                <messageevent ref="request_translation"/>
            </waitqueue>
        </plan>
    </plans>

    <events>
        <messageevent name="request_translation" direction="receive" type="fipa">
            <parameter name="performative" class="String" direction="fixed">
                <value>jadex.adapter.fipa.SFipa.REQUEST</value>
            </parameter>
        </messageevent>
    </events>

    <configurations>
        <configuration name="default">
            <plans>
                <initialplan ref="egtrans"/>
            </plans>
        </configuration>
    </configurations>

</agent>]]></programlisting>
						</figure>
					</para>
				</listitem>
			</itemizedlist>
		</formalpara>

		<formalpara>
			<title>Start and test the agent</title>
			Create a translation agent via the Control Center and observe the standard output, if the initial
			plan is created at startup. Use the Conversation Center to send a translation
			request to the TranslationAgent by setting the performative to <emphasis>request</emphasis>
			and the content to some word to translate. Observe the TranslationAgent's output on the console
 			when it receives the request.
		</formalpara>
	</section>

	<section>
 		<title>Exercise B2 - Passive Plans</title>
		In constrast to the last exercise we will now use a passive plan to react on translation requests.
		To show the difference between the two forms of plans we now modify the service plan
 		slightly to become a passive plan. Create the files EnglishGermanTranslationPlanB2.java
 		and TranslationB2.agent.xml by copying the files from exercise B1.
		<formalpara>
			<title>Modify the copied file TranslationPlanB2.java</title>
			<itemizedlist>
				<listitem>
					<para>
 						Replace all occurrences of "B1" in the Plan with "B2"
					</para>
				</listitem>
				<listitem>
					<para>
						In contrast to the initial plan, the passive plan's body method is only invoked,
 						when an event matches the plan's trigger. So use the method
						<methodname>getInitialEvent()</methodname> to retrieve the event that caused the
 						execution. Because we know that only certain messages activate the plan the event
 						can directly be cast to type <classname>jadex.runtime.IMessageEvent</classname>
 						and the content can be retrieved. The infinite loop in the body should be discarded,
 						because for each event a new plan instance is created, which only handles a single message.
					</para>
				</listitem>
			</itemizedlist>
		</formalpara>
		<formalpara>
			<title>Modify the copied file TranslationB2.agent.xml</title>
			<itemizedlist>
				<listitem>
					<para>
						Replace all occurrences of "B1" in the ADF file with "B2"
					</para>
				</listitem>
				<listitem>
					<para>
						Modify the plan declaration in the ADF by removing the configurations section.
 						Additionally a passive plan needs a trigger, that specifies
 						under what circumstances a new plan instance is created. Therefore remove the waitqueue
 						statement and add a new statement for the plan trigger:
						<programlisting><![CDATA[<trigger>
	<messageevent ref="request_translation"/>
</trigger>]]></programlisting>
					</para>
				</listitem>
			</itemizedlist>
		</formalpara>
		<formalpara>
			<title>Start and test the agent</title>
			Start the agent as explained in the preceding exercise. Observe that a new instance of
			the translation plan is created everytime an appropriate event arrives. 
            The passive plan is instantiated and each instance processes a different message event.
            Many different plan instances may remain active while processing their triggers.
		</formalpara>
	</section>

	<section>
		<title>Exercise B3 - Plan Parameters</title>
		In this exercise we will use plan parameters to supply the plan with arguments. Plan parameters
		can directly be accessed from within the plan body via the <methodname>getParameter("paramname")</methodname>
		and <methodname>getParameterSet("paramsetname")</methodname> methods. Generally parameters can have
		the directions <emphasis>in</emphasis> (default), <emphasis>out</emphasis> and <emphasis>inout</emphasis>
 		describing parameters that are used for supplying values or resp.
 		gathering return values from the plan. Plan parameters can be supplied with fixed values via the
		<tag>&lt;value&gt;</tag> or <tag>&lt;values&gt;</tag> tags. More interestingly parameter values can be
 		mapped from and to the triggers by using parameter mappings. If a plan could be activated by more
 		than one trigger (e.g. two different messages, or a message and a goal, etc.) multiple goal mappings
 		(one for each trigger type) have to be used to unify the plans view on its arguments.
 		<para>
 			Create the files EnglishGermanTranslationPlanB3.java and TranslationB3.agent.xml by copying the
 			files from exercise B2. Apply the same replacements B2->B3 as in the previous exercise.
		</para>
		<formalpara>
			<title>Modify the EnglishGermanTranslationPlanB3.java</title>
			<itemizedlist>
 				<listitem>
 					<para>
						Instead of using the <methodname>getInitialEvent()</methodname> method to retrieve
						the English word, we use the the statement:
						<programlisting>String eword = (String)getParameter("eword").getValue();</programlisting>
					</para>
				</listitem>
			</itemizedlist>
		</formalpara>

		<formalpara>
			<title>Modify the copied file TranslationB3.agent.xml to include the new plan parameter</title>
			<itemizedlist>
				<listitem>
					<para>
 						Add the new plan parameter with a message event mapping to the ADF:
						<programlisting><![CDATA[<plan name="egtrans">
    <parameter name="eword" class="String">
        <messageeventmapping ref="request_translation.content"/>
    </parameter>
    <body>new EnglishGermanTranslationPlanB3()</body>
    <trigger>
        <messageevent ref="request_translation"/>
    </trigger>
</plan>]]></programlisting>
					</para>
				</listitem>
			</itemizedlist>
		</formalpara>

		<formalpara>
			<title>Start and test the agent</title>
			Test and verify that the agent behavior is the same as in the last exercise.
		</formalpara>
	</section>

	<section>
		<title>Exercise B4 - Plan Selection</title>
		In this exercise we will use plan priorities to establish a plan selection order. Create the
 		files EnglishGermanTranslationPlanB4.java and TranslationB4.agent.xml by copying the files from
 		exercise B2. Apply the same replacements B2->B4 as in the previous exercise.
		<formalpara>
			<title>Create a new plan file named SearchTranslationOnlineB4.java</title>
			<itemizedlist>
 				<listitem>
 					<para>
						This plan should be used when the agent cannot find the word in its (currently very small)
						dictionary. In this case the online search plan will try to connect to a web dictionary
						and report the found translations. The address of a simple English-German dictionary is
						<ulink url="http://wolfram.schneider.org/dict/dict.cgi"/>
						(you may use any other dictionary for this purpose if you are not afraid of parsing the
						result HTML page). To issue a query against this online database you need to create a URL
						and read the data from there as outlined below:
						<programlisting><![CDATA[URL dict = new URL("http://wolfram.schneider.org/dict/dict.cgi?query="+eword);
BufferedReader in = new BufferedReader(new InputStreamReader(dict.openStream()));
String inline;
while((inline = in.readLine())!=null) {
    if(inline.indexOf("<td>")!=-1 && inline.indexOf(eword)!=-1) {
        try {
            int start = inline.indexOf("<td>")+4;
            int end = inline.indexOf("</td", start);
            String worda = inline.substring(start, end);
            start = inline.indexOf("<td", start);
            start = inline.indexOf(">", start);
            end = inline.indexOf("</td", start);
            String wordb = inline.substring(start, end==-1? inline.length()-1: end);
            wordb = wordb.replaceAll("<b>", "");
            wordb = wordb.replaceAll("</b>", "");
            System.out.println(worda+" - "+wordb);
        }
        catch(Exception e) {
            System.out.println(inline);
        }
    }
}
in.close();]]></programlisting>
					</para>
				</listitem>
			</itemizedlist>
		</formalpara>

		<formalpara>
			<title>Modify the EnglishGermanTranslationPlanB4 having a static dictionary</title>
			<itemizedlist>
				<listitem>
					<para>
 						Make the variable for the dictionary static and initialize it in a static
 						block instead of in the constructor:
						<programlisting>static {
    wordtable = new HashMap();
    wordtable.put("coffee", "Kaffee");
    wordtable.put("milk", "Milch");
    wordtable.put("cow", "Kuh");
    wordtable.put("cat", "Katze");
    wordtable.put("dog", "Hund");
}</programlisting>
					</para>
				</listitem>
				<listitem>
					<para>
						Provide a public static method for testing if a word is contained
 						in the dictionary:
						<programlisting>public static boolean containsWord(String name) {
	return wordtable.containsKey(name);
}</programlisting>
					</para>
				</listitem>
			</itemizedlist>
		</formalpara>

		<formalpara>
			<title>Modify the copied file TranslationB4.agent.xml to include the new plan</title>
			<itemizedlist>
				<listitem>
					<para>
 						Add the new online search plan to the plan declarations using a low priority:
						<programlisting><![CDATA[<plan name="searchonline" priority="-1">
    <body>new SearchTranslationOnlineB4()</body>
    <trigger>
        <messageevent ref="request_translation"/>
    </trigger>
</plan>]]></programlisting>
					</para>
				</listitem>
				<listitem>
					<para>
						Modify the applicability of the translation plan by introducing a precondition
						<programlisting><![CDATA[<plan name="egtrans">
    <body>new EnglishGermanTranslationPlanB4()</body>
    <trigger>
        <messageevent ref="request_translation"/>
    </trigger>
    <precondition>
        EnglishGermanTranslationPlanB4.containsWord((String)$event.getContent())
    </precondition>
</plan>]]></programlisting>
					</para>
				</listitem>
			</itemizedlist>
		</formalpara>

		<formalpara>
			<title>Start and test the agent</title>
			When the agent receives translation request it searches applicable plans to handle this request.
 			If the word is contained in the dictionary both plans are applicable and the one with the higher
 			priority is chosen (in this case it is the egtrans plan because the standard priority is 0).
 			When the word is not contained in the dictionary only the searchonline plan is applicable
 			and will be used.
		</formalpara>
	</section>

	<section>
		<title>Exercise B5 - BDI Debugger</title>
		<para>Using the Jadex introspector tool agent to control the execution of an agent.</para>
		<itemizedlist>
 			<listitem>
 				<para>
					Prepare the agent debugging by setting the debugging flag in a new properties section (at the end
 					of the file) of the ADF to true, e.g. in the B4 ADF. Therefore the agent will be started in step mode
 					and will only process events when the execution is manually requested in the introspector tool.
				</para>
				<programlisting><![CDATA[<properties>
    <property name="debugging">true</property>
</properties>]]></programlisting>
				 <para>
					Note that you can also freeze the execution of the translation agent by setting execution mode
					to "step" in the tool. Using the debug flag is preferable when the agent directly starts with
					executing some actions and you want to observe it right from the start.
				</para>
			</listitem>
			<listitem>
				<para>
					Start the translation agent of the last exercise from the Control Center.
				</para>
			</listitem>
			<listitem>
				<para>
					Switch to the introspector perspective in the Control Center open
					an introspector for the translation agent and activate debugging
					by choosing the debugger tab and clicking the start button.
				</para>
 			</listitem>
			<listitem>
				<para>
					Use the Conversation Center to send some translation requests to the translation agent (as in B4).
 				</para>
			</listitem>
			<listitem>
				<para>
					Press the "step" button several times in the dispatcher and observe how an action from
					the agenda is executed. If the mode is "cycle" instead of step process event actions are
					executed in one step. Otherwise actions for all intermediate steps - searching applicable
					plans, selecting candidates from this list and scheduling the candidates for execution
					- are generated.
				</para>
			</listitem>
		</itemizedlist>
		<para>
			The Jadex debugging perspective is conceived to support you in the debugging of agents and helps you
			to understand what happens inside an agent, e.g. you could use it for the
			agent from excercise B1 too to grasp the differences between B1 and B2.
		</para>
	</section>

	<section>
 		<title>Exercise B6 - Log-Outputs</title>
		In this exercise we will use log-outputs instead of printing console outputs. Create the files
 		EnglishGermanTranslationPlanB6.java and TranslationB6.agent.xml
 		by copying the files from exercise B2.
		<formalpara>
			<title>Modify the copied file TranslationPlanB6.java</title>
			<itemizedlist>
				<listitem>
					<para>
 						Replace all occurrences of System.out.println(..) to getLogger().info(..).
					</para>
				</listitem>
			</itemizedlist>
		</formalpara>

		<formalpara>
			<title>Modify the copied file TranslationB3.agent.xml</title>
			<itemizedlist>
				<listitem>
					<para>
 						Add an imports section and the import statement for the java.logging classes
						to the imports section.
						<programlisting><![CDATA[<imports>
    <import>java.util.logging.*</import>
</imports>]]></programlisting>
					</para>
				</listitem>
				<listitem>
					<para>
						Introduce a properties section at the bottom of the ADF to specify the logging
						behavior. Insert the following code:
					</para>
					<programlisting><![CDATA[<properties>
    <property name="logging.level">Level.INFO</property>
    <property name="logging.useParentHandlers">true</property>
</properties>]]></programlisting>
					<para>
						These properties can be used to control the agent logging. The log-level decides
						what kind of log-outputs shall be considered for logging, according to the
						java.util.logging level hierarchy. Increasing the level value, e.g. to
						warning means, that only log-outputs at this or a higher level are conisdered
						by the logger. The useParentHandlers property can be used to turn on or off
						the standard console logging handler (per default it is set to true).
					</para>
				</listitem>
			</itemizedlist>
		</formalpara>

		<formalpara>
			<title>Start and test the agent</title>
			Start the translation agent. Send a translation request to the translation agent and
 			watch the console and logger output. To turn off the console output simply set the property
 			useParentHandlers in the ADF to false.
		</formalpara>
	</section>

<!-- todo: make logger available for Jadex
	<section>
 		<title>Exercise B3 - Log-messages</title>
		In this exercise we will use the Jadex logger agent to collect log-messages instead of printing
		console outputs. Create the files EnglishGermanTranslationPlanB3.java and TranslationB3.agent.xml
 		by copying the files from exercise B2. Apply the same replacements B2->B3 as in the previous exercise.
		<formalpara>
			<title>Modify the copied file TranslationPlanB3.java</title>
			<itemizedlist>
				<listitem>
					<para>
 						Replace all occurrences of System.out.println(..) to getLogger().fine(..).
					</para>
				</listitem>
			</itemizedlist>
		</formalpara>

		<formalpara>
			<title>Modify the copied file TranslationB3.agent.xml</title>
			<itemizedlist>
				<listitem>
					<para>
 						Add an imports section and the import statement for the java.logging classes
						to the imports section.
						<programlisting><![CDATA[<imports>
    <import>java.util.logging.*</import>
</imports>]]></programlisting>
					</para>
				</listitem>
				<listitem>
					<para>
						Introduce a properties section at the bottom of the ADF to specify the logging
						behavior. Insert the following code:
						<programlisting><![CDATA[<properties>
    <property name="logging.level">Level.FINE</property>
    <property name="logging.useParentHandlers">true</property>
</properties>]]></programlisting>
						These properties can be used to control the agent logging. The log-level decides
						what kind of log-outputs shall be considered for logging, according to the
						java.util.logging level hierarchy. Increasing the level value, e.g.to
						warning means, that only log-outputs at this or a higher level are conisdered
						by the logger. The useParentHandlers property can be used to turn on or off
						the standard console logging handler (per default it is set to true).
					</para>
				</listitem>
			</itemizedlist>
		</formalpara>

		<formalpara>
			<title>Start and test the agent</title>
			Start the translation agent and the logger agent. The logger agent has its own icon
 			in the Jadex rma and can therefore be started simply by a mouseclick. Register the logger
 			at the translation agent by clicking "do log this agent" in the logger user interface. Send a
 			translation request with the dummy agent to the translation agent and watch the console and
 			logger output. To turn off the console output simply set the property useParentHandlers in
 			the ADF to false.
		</formalpara>
	</section>-->
</chapter>