<?xml version="1.0" encoding="UTF-8"?>
<!--<!DOCTYPE chapter PUBLIC "-//OASIS//DTD DocBook XML V4.1.2//EN"
"../docbook/dtd/docbookx.dtd" >-->
<chapter id="exercise_a">
	<title>Starting an Agent</title>

	<section>
 		<title>Exercise A1 - Jadex Platform</title>
		<para>
			Setting up the Jadex environment properly is pretty easy and can be done in a few simple steps.
			Generally, Jadex is realized as reasoning engine meaning that it can be used on top of different
			(agent) middlewares. In this tutorial we will use the Standalone version of Jadex.
 			The Jadex distribution should be extracted to some local directory, called JADEX_HOME here.

			<formalpara>
				<title>Set the Java CLASSPATH variable properly by adding the following jars:</title>

				<formalpara>
 					The actual filenames of the jar files may differ slightly due to versioning conventions.
				</formalpara>

				<formalpara>
					<title>Necessary libraries for the Jadex kernel:</title>
					<itemizedlist>
						<listitem><para>JADEX_HOME/lib/jadex_rt.jar</para></listitem>
						<listitem><para>JADEX_HOME/lib/jibx-run.jar</para></listitem>
						<listitem><para>JADEX_HOME/lib/xpp3.jar</para></listitem>
						<listitem><para>JADEX_HOME/lib/nuggets.jar</para></listitem>
						<listitem><para>JADEX_HOME/lib/janino.jar</para></listitem>
					</itemizedlist>
				</formalpara>

				<formalpara>
					<title>Necessary libraries for the Jadex Standalone platform:</title>
					<itemizedlist>
						<listitem><para>JADEX_HOME/lib/jadex_standalone.jar</para></listitem>
					</itemizedlist>
				</formalpara>

				<formalpara>
					<title>Necessary libraries for the Jadex tools:</title>
 					<itemizedlist>
						<listitem><para>JADEX_HOME/lib/jadex_tools.jar</para></listitem>
						<listitem><para>JADEX_HOME/lib/GraphLayout.jar</para></listitem>
						<listitem><para>JADEX_HOME/lib/jhall.jar</para></listitem>
					</itemizedlist>
				</formalpara>

				The command for launching the Jadex Standalone platform is:
				<formalpara>
					<command><![CDATA[java [conf=<platform.properties>] jadex.adapter.standalone.Platform]]></command>
				</formalpara>
 				If the configuration file is not specified, the default configuration (<filename>jadex.properties</filename>)
				will be read from the root directory of the jadex_standalone.jar.
			</formalpara>

			<formalpara>
				<title>Create a simple Jadex agent</title>
				Open a source code editor or an IDE of your choice and create a new agent definition file (ADF)
				called <filename>TranslationA1.agent.xml</filename> (cf. <xref linkend="exercise_a.a1_adf"/>).
                We recommend using eclipse with web-tools plug-in for editing ADFs or some other advanced 
                XML-Editor such as the commercial application Altova XMSpy.
 				In this file all important agent startup properties are defined in a way that complies to the
 				Jadex schema specification. First property of the agent is its type name which must be the same as the
 				file name (similar to Java class files), in this case it is set to TranslationA1.
 				Additionally you can specify a package attribute, which has a similar meaning as in Java
 				programs and serves for grouping purposes only (you will need to alter the package name
 				with respect to your actually used directory structure). All plans and other Java classes
 				from the agent's package are automatically known and need not to be imported via an import tag.
				<figure id="exercise_a.a1_adf">
					<title>A1 XML ADF</title>
					<programlisting linenumbering="numbered" ><![CDATA[<!--
    TranslationAgent
-->
<agent xmlns="http://jadex.sourceforge.net/jadex"
    xmlns:xsi="http://www.w3.org/2001/XMLSchema-instance"
    xsi:schemaLocation="http://jadex.sourceforge.net/jadex
                        http://jadex.sourceforge.net/jadex-0.96.xsd"
    name="TranslationA1"
    package="jadex.tutorial">
</agent>]]>        	</programlisting>
				</figure>
			</formalpara>

			<formalpara>
				<title>Start your first Jadex agent</title>
				Start the Jadex platform with the command explained above. After some short time the
				Jadex Control Center should show up with its user interface. Within the "Start Agents" panel
				browse the directories and select your TranslationA1.agent.xml. The effect of choosing
 				the input file is, that the agent model is loaded. When it contains no errors,
 				the description of the model, taken from the XML comment above the agent tag, is shown
				in the description view. In case there are errors in the model, correct the errors shown
				in the description view and press <quote>reload</quote>.
				Below the file name, the agent name and its default configuration are shown.
				After pressing the start button the new agent should appear in the
				agent tree. It is also possible to start an agent simply by double-clicking it
				in the model tree or by activating the popup menu in the tree on an agent
				model and the select the start option.
				Curiously, you can start a second JCC by choosing it from: 
                <command>jadex/tools/jcc/JCC.agent.xml</command>
                and giving it a name like JCC2.
			</formalpara>
		</para>
	</section>
	
	<section>
 		<title>Exercise A2 - Creating a Project</title>
		<para>
			The JCC provides a project management facility that simplifies working on specific applications.
			Basically, a project contains settings about the used project folders as well as miscellaneous                         
			tool and user interface settings. All your settings - as window settings, added paths and so on - 
			will be stored in a .prj-file and additional properties-files will be created automatically to 
			store the individual settings for the plugins you are using. In order to avoid making all the 
			settings in the JCC on every startup in this exercise it will be shown in this exercise how a 
			project is set-up.
		</para>
		<para>
			To create a project you have to choose <quote>New Project</quote> in the <quote>File</quote>-menu
			of the JCC. For saving the project on disk select <quote>Save Project As...</quote> from the 
			<quote>File</quote>-menu. In the appearing file requester, please choose an arbitrary name 
			for your project and choose the folder in which the project files shall be saved.
		</para>
		<para>
			Whenever you choose <quote>Save Project</quote> from the <quote>File</quote>-menu the current
			settings will be saved to disk. Additionally, the settings are also saved automatically when
			shutting down the JCC via its window close button or <quote>Exit</quote> from the 
			<quote>File</quote>-menu.
		</para>
		<para>
			You can also use multiple projects with different settings. To switch projects simply click on
			<quote>Open Project</quote> in the <quote>File</quote>-menu and choose the project you want 
			to work with.
		</para>
		
		<formalpara>
			<title>Verify project behaviour</title>
			In order to verify that you project has been set up correctly you should perform
			some visible changes such as changing the JCC's window size or switching to another plugin
			than the starter. After that you should shut down the JCC and platform and restart it.
			If the project has been created correctly, the JCC will show up in exactly the same state
			you left it, i.e. the last active plugin will be activated and the gui settings are remembered, too. 
		</formalpara>
	</section>
	
	<section>
		<title>Exercise A3 - Execute Examples</title>
		<para>
			The Jadex distribution already contains a couple of examples. The objective of this
			exercise consists in trying out the examples and also in roughly understanding their
			application purpose. Open the JCC and select the starter view as described in exercise A1 
			and click on the button 
			<inlinemediaobject>
				<imageobject>
					<imagedata fileref="images/new_addfolder.png" />
				</imageobject>
			</inlinemediaobject>
			to add a new path or jar to the project. A file chooser window will open and 
			you should choose the jadex_examples.jar from your <quote>JADEX_HOME/lib</quote>-folder.
			Please note that you should not add arbitrary paths to your project as these paths
			are added to the project specific classpath. Instead, only the root directories of
			Java packages (such as a "classes" or "build") should be added to the project.
		</para>
		<para>
			The content of the new jar will be added as new node to the model tree. 
			At the bottom you can now see this jar-file beeing scanned (is the scanning option
			has not been disabled). Next, you can expand the model tree by double clicking on
			the corresponding node 
			<inlinemediaobject>
				<imageobject>
					<imagedata fileref="images/new_src_jar.png" />
				</imageobject>
			</inlinemediaobject>
			, which represents the jar-file. After openening the folders 
			<quote>jadex</quote> and <quote>examples</quote> you will see the different
			example folders containing several different kinds of single- and multi-agent
			applications. Concretely the following applications are available:
			<itemizedlist>
				<listitem>
					<formalpara>
						<title>Blackjack</title>
						<inlinemediaobject>
							<imageobject>
								<imagedata fileref="images/blackjack20x20.png"/>
							</imageobject>
						</inlinemediaobject>
						A distributed Blackjack implementation that allows agents as well
						as human players playing the famous Blackjack card game. In each
						round the participants bet virtual money and are rewarded if they
						win against the dealer.
					</formalpara>
				</listitem>
				<listitem>
					<formalpara>
						<title>Blocksworld</title>
						<inlinemediaobject>
							<imageobject>
								<imagedata fileref="images/blocksworld20x20.png"/>
							</imageobject>
						</inlinemediaobject>
						In the well-known blocksworld scenario the problem consists of 
						stacking differently colored blocks on a table. The objective for
						the agent is here to restack the blocks (and block towers) on the
						table in a way that the target configuration is achieved. This
						target configuration can be entered via the gui by the human user.
					</formalpara>
				</listitem>
				<listitem>
					<formalpara>
						<title>Booktrading</title>
						<inlinemediaobject>
							<imageobject>
								<imagedata fileref="images/booktrading20x20.png"/>
							</imageobject>
						</inlinemediaobject>
						In the booktrading scenario human book buyers and sellers delegate
						buy resp. sell orders to their corresponding agents. The agents 
						negotiate using a contract-net protocol at a distributed market 
						place in order to fulfill the strategic goals of their 
						principals (low/high prices, deadline etc.).
					</formalpara>
				</listitem>
				<listitem>
					<formalpara>
						<title>Cleanerworld</title>
						<inlinemediaobject>
							<imageobject>
								<imagedata fileref="images/cleanerworld20x20.png"/>
							</imageobject>
						</inlinemediaobject>
						The cleanerworld example deals with the exploring and cleaning
						of an unknown environment. Basically, a cleaner robot has the tasks
						to search for waste, pick it up and bring it to a nearby wastebin.
						Additionally, it has to patrol in the environment at night and
						must always ensure that its battery does not run low. 
					</formalpara>
				</listitem>
				<listitem>
					<formalpara>
						<title>Garbagecollector</title>
						<inlinemediaobject>
							<imageobject>
								<imagedata fileref="images/garbagecollector20x20.png"/>
							</imageobject>
						</inlinemediaobject>
						This example is a simpler version of the cleaner world. Cleaner
						robots have a predefined route which the use for picking up waste.
						When they found a piece of waste they carry it to a burner agent 
						nearby which is responsible for burning it. 
					</formalpara>
				</listitem>
				<listitem>
					<formalpara>
						<title>Helloworld</title>
						<!-- <inlinemediaobject>
							<imageobject>
								<imagedata fileref="images/helloworld20x20.png"/>
							</imageobject>
						</inlinemediaobject> -->
						The helloworld example contains a simple agent that when started
						prints out some welcome message and terminates itself after that.
					</formalpara>
				</listitem>
				<listitem>
					<formalpara>
						<title>Hunterprey</title>
						<inlinemediaobject>
							<imageobject>
								<imagedata fileref="images/hunterprey20x20.png"/>
							</imageobject>
						</inlinemediaobject>
						This is a quite complex multi-agent simulation which realizes a
						variant of the hunter prey scenario. In general there are two
						different kinds of animals sheeps (the preys) and wulfs (the hunters).
						Both animals can get points by comsuming food. A sheep looks for
						salad whereas the wolfs hunt sheeps. 
					</formalpara>
				</listitem>
				<listitem>
					<formalpara>
						<title>Marsworld</title>
						<inlinemediaobject>
							<imageobject>
								<imagedata fileref="images/marsworld20x20.png"/>
							</imageobject>
						</inlinemediaobject>
						In this scenario three different kind of robots operate on mars
						and search for ore. The main strategic objective is to carry as much
						ore as possible to the homebase of the robots. For this purpose
						sentry robots scan promising locations and commission production
						robots. These production robots convey the ore and order carry
						robots which have the task to bring the ore to the homebase.
					</formalpara>
				</listitem>
				<listitem>
					<formalpara>
						<title>Ping</title>
						<!-- <inlinemediaobject>
							<imageobject>
								<imagedata fileref="images/ping20x20.png"/>
							</imageobject>
						</inlinemediaobject> -->
						The ping example shows how an agent can send a simple 
						"ping"-message to another agent which reacts on this message with
						an "alive"-reply.
					</formalpara>
				</listitem>
				<listitem>
					<formalpara>
						<title>Puzzle</title>
						<inlinemediaobject>
							<imageobject>
								<imagedata fileref="images/puzzle20x20.png"/>
							</imageobject>
						</inlinemediaobject>
						The puzzle agent has the task to solve a complex board game. The
						main goal is to swap the positions of the red and white pegs
						whereby the pieces can only move forward one field and can jump
						over one opposite peg. The puzzle agent solves this game by
						using an goal-oriented form of backtracking.
					</formalpara>
				</listitem>
			</itemizedlist>
			Starting an example can in most cases be done by opening the corresponding folder and
			searching for a so called "manager" agent. Such managers have the purpose to start-up
			all relevant application agents. In case there is no manager agent the example is so
			simply that it can be started by executing the contained application agent(s) directly
			(e.g. in the puzzle example you can directly start Sokrates). To start an agent you
			have to activate the starter perspective and double click on the agent in the model 
			tree or click once and use the start button at the right hand side.	
		</para>
		
		<para>
			If you double click e.g. on the <quote>Blocksworld.agent.xml</quote> the
			blocksworld example will be started and you should see the following gui:			
		</para>
		<figure id="tutorial.blocksworld">
			<title>The blocksworld example</title>
			<screenshot>
				<mediaobject>
					<imageobject>
						<imagedata format="PNG" fileref="images/blocksworld.png" />
					</imageobject>
				</mediaobject>
			</screenshot>
		</figure>
		
		<para>
			In the same way you can add other paths and execute your own agents later. 
			In this case you will not add jar-files, but the root 
			directory of your packages. 
		</para>
		<formalpara>
			<title>Explain example behaviour</title>
			Choose one of the more complex examples for a more detailed analysis. 
			Select the manager agent of the example and read through its documentation
			shown in the starter panel. Then look into the selected example directory and
			read also the documentation of the other application agents which belong
			to that manager. Finally, open the source code of these agents (*.agent.xml) 
			in your source code editor and try to grasp roughly of what they are
			comprised. Write down a (simple!) explanation how the multi-agent system
			and the involved agents work. 
		</formalpara>
	</section>

</chapter>
