<?xml version="1.0" encoding="UTF-8"?>
<!--<!DOCTYPE chapter PUBLIC "-//OASIS//DTD DocBook XML V4.1.2//EN"
"../docbook/dtd/docbookx.dtd" >-->
<chapter id="exercise_c">
	<title>Using Beliefs</title>

	<para>
		An agent's beliefbase represents its knowledge about the world. The beliefbase is in some
 		way similar to a simple data-storage, that allows the clean communication between different
 		plans by the means of shared beliefs. Contrary to most PRS-style BDI systems, Jadex allows
 		to store arbitrary Java objects as beliefs in its beliefbase. In Jadex between two kinds of
 		beliefs is distinguished. On the one hand there are beliefs that allow the user to store exactly
 		one fact and on the other hand belief sets are supported that allow to store a set of facts.
 		The use of beliefs and belief sets as primary storage capacities for plans is strongly encouraged,
 		because from its usage the user benefits in several ways. If it is necessary to retrieve a cut
 		out of the stored data this is supported by a declarative OQL-like query language. Furthermore,
 		it is possible to monitor single beliefs with respect to their state and cause an event when
 		a corresponding condition is satisfied. This allows to trigger some action when e.g. a fact
 		of a belief set is added or a belief is modified. It is also possible to wait for some
 		complex expression that relates to several beliefs to become fulfilled.
	</para>

	<section>
 		<title>Exercise C1 - Beliefs</title>
		<para>
			From this point the copying and renaming of files is not explicitly stated anymore.
			Furthermore, from now on we use a syntax in the request format that looks like this:
		</para>
		<programlisting>&lt;action&gt; &lt;language(s)&gt; &lt;content&gt;</programlisting>
		<para>
 			To translate a word we have to send a request in the form:
			<para><computeroutput>translate english_german &lt;word&gt;</computeroutput></para>
 			To add a new word pair to the database we have to send a request
			in the format:
			<para><computeroutput>add english_german &lt;eword&gt; &lt;gword&gt;</computeroutput></para>
 			In this first exercise we will use the beliefbase for letting more than one plan
 			having access to the word table by using a belief for storing the word table.
		</para>

		<formalpara>
			<title>Modify the existing plan to support the request format and introduce a new plan
 			for adding word pairs</title>
			<itemizedlist>
				<listitem>
					<para>
						Create a new AddGermanWordPlanC1 as passive plan, that handles add-new-wordpair
 						requests. In its body method, the plan should check whether the format is correct
 						(using a <classname>java.util.StringTokenizer</classname>). If it is ok, it should
 						retrieve the hashtable containing the word pairs via:
					</para>
					<programlisting>Map words = (Map)getBeliefbase().getBelief("egwords").getFact();</programlisting>
					<para>
						Assuming that the belief for storing the wordpairs is named "egwords".
						Now the plan has to check if the English word is already contained in the map
 						(using <methodname>words.containsKey(eword)</methodname>) and if it is not contained, it should be added
 						(using <methodname>words.put(eword, gword)</methodname>).
 					</para>
				</listitem>
				<listitem>
					<para>
 						Modify the EnglishGermanTranslationPlanC1 so, that it uses the word table stored
 						as single belief in the beliefbase. Additionally the plan has to check the newly
 						introduced request format by using a <classname>java.util.StringTokenizer</classname>.
					</para>
				</listitem>
				<listitem>
					<para>
						Add a static getDictionary() method to the EnglishGermanTranslationPlanC1. This
						method should return a hashmap with some wordpairs contained in it. Besides the
						static method you also need to declare a static variable for storing the dictionary:
						<programlisting>protected static Map dictionary;
public static Map getDictionary(){
    if(dictionary==null)
    {
        dictionary = new HashMap();
        dictionary.put("milk", "Milch");
        dictionary.put("cow", "Kuh");
        dictionary.put("cat", "Katze");
        dictionary.put("dog", "Hund");
    }
    return dictionary;
}</programlisting>
					</para>
				</listitem>
			</itemizedlist>
		</formalpara>

		<formalpara>
			<title>Update the ADF to incorporate the new plan and the new belief</title>
			<itemizedlist>
				<listitem>
					<para>
						The updated version of the translation agent ADF is outlined in
 						<xref linkend="exercise_c.c1_adf"/>. Note that the agent now has two plans named "addword"
 						for adding a word pair to the database and "egtrans" for translating from English
 						to German. The belief declaration is enclosed by a beliefs tag that denotes
 						that an arbitrary number of belief declarations may follow. Of course, plans can
 						create and delete beliefs (and belief sets) at runtime (see <xref linkend="JadexUserGuide"/> for more details).
 						The ADF only defines the initially created beliefs,
 						optionally with default fact(s).  The belief for storing the wordtable is named
 						"egwords" and typed through the class attribute to <classname>java.util.Map</classname>.
 						The tag of this element is set to <tag>belief</tag> (in contrast to <tag>beliefset</tag>)
 						denoting that only one fact can be stored.  Further it is necessary to clarify which
 						kinds of events trigger the plans. Therefore, the events section (lines 41-58) is extended to
 						include a new request_addword event type which also matches request messages.
 						To be able to distinguish between both kinds of events they are refined to match
 						only messages that start with a specific content string (cf. lines 46-48 / 54-56).
						<figure id="exercise_c.c1_adf">
							<title>C1 XML ADF</title>
							<programlisting linenumbering="numbered"><![CDATA[<!--
    Using the beliefbase with a belief.
    The agent stores its dictionary in a single-valued
    belief that can be accessed from a translation as well
    as from an add new word plan.
-->
<agent xmlns="http://jadex.sourceforge.net/jadex"
    xmlns:xsi="http://www.w3.org/2001/XMLSchema-instance"
    xsi:schemaLocation="http://jadex.sourceforge.net/jadex
                        http://jadex.sourceforge.net/jadex-0.96.xsd"
    name="TranslationC1"
    package="jadex.tutorial">

    <imports>
        <import>java.util.logging.*</import>
        <import>java.util.*</import>
        <import>jadex.adapter.fipa.*</import>
    </imports>

    <beliefs>
        <belief name="egwords" class="Map">
            <fact>EnglishGermanTranslationPlanC1.getDictionary()</fact>
        </belief>
    </beliefs>

    <plans>
        <plan name="addword">
            <body>new EnglishGermanAddWordPlanC1()</body>
            <trigger>
                <messageevent ref="request_addword"/>
            </trigger>
        </plan>
        <plan name="egtrans">
            <body>new EnglishGermanTranslationPlanC1()</body>
            <trigger>
                <messageevent ref="request_translation"/>
            </trigger>
        </plan>
    </plans>

    <events>
        <messageevent name="request_addword" direction="receive" type="fipa">
            <parameter name="performative" class="String" direction="fixed">
                <value>SFipa.REQUEST</value>
            </parameter>
            <parameter name="content-start" class="String" direction="fixed">
                <value>"add english_german"</value>
            </parameter>
        </messageevent>
        <messageevent name="request_translation" direction="receive" type="fipa">
            <parameter name="performative" class="String" direction="fixed">
                <value>SFipa.REQUEST</value>
            </parameter>
            <parameter name="content-start" class="String" direction="fixed">
                <value>"translate english_german"</value>
            </parameter>
        </messageevent>
    </events>
</agent>]]></programlisting>
						</figure>
 					</para>
				</listitem>
			</itemizedlist>
		</formalpara>
		
		<formalpara>
 			<title>Start and test the agent</title>
			Send several add-word and translation requests to the agent and observe,
 			if it behaves well. In this example the belief is already created when
 			the agent is initialized. 
		</formalpara>
	</section>
	
	<section>
		<title>Exercise C2 - Beliefsets</title>
		Using a belief set for storing the word-pairs and employing beliefbase
 		queries to look-up a word in the word table belief set. In this example each
 		word pair is saved in a data structure called jadex.util.Tuple which is a list of entities
 		similar to an object array. In contrast to an object array two tuples are
 		considered to be equal when they contain the same objects. <emphasis>Of course, in belief sets
 		arbitrary Java objects can be stored, not just Tuples.</emphasis>
		<formalpara>
			<title>Modify the plans</title>
			<itemizedlist>
				<listitem>
					<para>
						Modify the EnglishGermanTranslationPlanC2 so, that it uses a query to
 						search the requested word in the belief set. Therefore use an expression
 						defined in the ADF:
						<computeroutput>this.queryword	= getExpression("query_egword");</computeroutput>
 						(Assuming that the <methodname>jadex.runtime.IExpression</methodname>
 						queryword is declared as instance variable in the plan)
						To apply the query insert the following code at the corresponding place
 						inside the plan's body method:
						<computeroutput>String gword = (String)queryword.execute("$eword", eword);</computeroutput>
					</para>
				</listitem>
				<listitem>
					<para>
						Modify the EnglishGermanAddWordPlanC2 so, that it also uses the same query
 						to find out, if a word pair is already contained in the belief set. Apply the
 						query before inserting a new word pair. When the word pair is already contained
 						log some warning message. To add a new fact to an existing belief set you can use
 						the method:
						<programlisting>getBeliefbase().getBeliefSet("egwords").addFact(new jadex.util.Tuple(eword, gword));</programlisting>
 					</para>
				</listitem>
			</itemizedlist>
		</formalpara>
		
		<formalpara>
			<title>Modify the ADF</title>
			<itemizedlist>
				<listitem>
					<para>
						For checking if a word pair is contained in the wordtable and for retrieving
 						a wordpair from the wordtable a query expression will be used. Insert the following
 						code into the ADF below the events section:
					</para>
						<programlisting><![CDATA[<expressions>
    <expression name="query_egword">
        select one $wordpair.get(1)
        from Tuple $wordpair in $beliefbase.egwords
        where $wordpair.get(0).equals($eword)
        <parameter name="$eword" class="String"/>
    </expression>
</expressions>]]></programlisting>
					<para>
						We don't cover the details of the query construction in this tutorial. If you
 						are interested in understanding the details of the Jadex OQL query language,
 						please consult the <xref linkend="JadexUserGuide"/>.
					</para>
				</listitem>
				<listitem>
					<para>
						Modify the ADF by defining a belief set for the wordtable. Therefore change
						the tag type from "belief" to "belief set" and the class from "Map" to "Tuple".
						Note that Tuple is a helper class that is located in jadex.util and has to
						be added to the imports section if you don't specify the fully-qualified
						classname. Remove the old Map fact declaration and put
						in four new facts each surrounded by the fact tag. Put in the same values as
						before (using <computeroutput>new Tuple("milk", "Milch"))</computeroutput>
 						etc. for each fact.
					</para>
				</listitem>
 			</itemizedlist>
		</formalpara>

		<formalpara>
			<title>Start and test the agent</title>
			Send several add-word and translation requests to the agent and observe, if it behaves well.
			Verify that it behaves exactly like the agent we built in exercise C1. This exercise does
			not functionally modify our agent.
		</formalpara>
 	</section>

	<section>
		<title>Exercise C3 - Belief Conditions</title>
		In this exercise we will use a condition for triggering a passive plan that congratulates
		every 10th user.
		<formalpara>
			<title>Create and modify plans</title>
			<itemizedlist>
				<listitem>
					<para>
						Create a new passive ThankYouPlanC3 that prints out a congratulation message
						and the actual number of processed requests. The number of processed requests
						will be stored in a belief called "transcnt" in the ADF. Retrieve the actual
						request number by getting the fact from the beliefbase with:
						<programlisting>int cnt = ((Integer)getBeliefbase().getBelief("transcnt").getFact()).intValue();</programlisting>
					</para>
				</listitem>
				<listitem>
					<para>
						Modify the EnglishGermanTranslationPlanC3 to count the translation requests:
						<programlisting>int cnt = ((Integer)getBeliefbase().getBelief("transcnt").getFact()).intValue();
getBeliefbase().getBelief("transcnt").setFact(new Integer(cnt+1));</programlisting>
					</para>
				</listitem>
			</itemizedlist>
		</formalpara>
		<formalpara>
			<title>Modify the ADF</title>
			<itemizedlist>
				<listitem>
					<para>
						Modify the ADF by defining the new ThankYouPlanC3 as passive plan
						(with the name thankyou in the ADF) in the plans section. Instead of
						defining a triggering event for this passive plan we define a condition
						that activates the new ThankYouPlanC3. A condition has the purpose the
						monitor some state of affair of the agent. In this case we want to monitor
						the belief "transcnt" and get notified whenever 10 translations have been
						requested. Insert the following in the plan's trigger:
					</para>
					<programlisting><![CDATA[<condition>$beliefbase.transcnt>0 &amp;&amp; $beliefbase.transcnt%10==0</condition>]]></programlisting>
					<para>
						This condition consists of two parts: This first transcnt>0 makes sure
						that at least one translation has been done and the second part checks if
						transcnt modulo 10 has no rest indicating that 10*x translations have
						been requested. The two parts are connected via a logical AND (&amp;&amp;),
						that has to be written a little bit awkwardly with the xml entities
						<![CDATA[&amp;&amp;]]>.
					</para>
				</listitem>
				<listitem>
					<para>
						Define and initialize the new belief in the ADF by introducing the following
						lines in the beliefs section:
						<programlisting><![CDATA[<belief name="transcnt" class="int">
    <fact>0</fact>
</belief>]]></programlisting>
					</para>
				</listitem>
			</itemizedlist>
		</formalpara>

		<formalpara>
			<title>Start and test the agent</title>
			Send some translation requests and observe if every 10th time the congratulation
			plan is invoked and prints out its message.
		</formalpara>
	</section>

	<section>
		<title>Exercise C4 - Agent Arguments</title>
		In this exercise we will use agent arguments for the custom initialization
		of an agent instance.
		<para>
			<itemizedlist>
				<listitem>
					<para>
						Use the translation agent C3 as starting point and specify an agent
						argument in the ADF. Arguments are beliefs for which a value can be supplied
						from outside during the agent start-up. For declaring a belief being
						an agent argument simply mark it as exported by using the corresponding
						belief attribute exported="true". In this case we want the belief "transcnt"
						being the argument. Note that only beliefs not belief sets
						can be used as arguments.
					</para>
				</listitem>
				<listitem>
					<para>
						Use the Starter to create instances of the new agent model. The Starter
						automatically displays textfields for all agent arguments and also shows
						the default model value (if any) that will be used when the user does
						not supply a value. Try entering different values into the textfield,
						what happens if you enter e.g. a string instead of the integer value that
						is needed here? 
					</para>
				</listitem>
				<listitem>
					<para>
						Start the agent with different argument values. Verfify, that the agent
						immediately invokes the congratulation plan if the initial number of
						translation requests is e.g. 10.
					</para>
				</listitem>
			</itemizedlist>
		</para>

	</section>

	<section>
		<title>Exercise C5 - BDI Viewer</title>
		In this exercise we will use the Jadex BDI introspector tool agent to view the
		beliefs of the agent.
		<para>
			<itemizedlist>
				<listitem>
					<para>
						Start the translation agent from the last exercise. Before sending
 						requests to the translation agent start the Jadex BDI introspector agent
 						by selecting the translation agent in the AgentManager and activating the
						"Show Jadex Introspector" via the start button.
					</para>
				</listitem>
				<listitem>
					<para>
						Use the Conversation Center to send translation or add-word requests to
						the translation agent.
					</para>
				</listitem>
				<listitem>
					<para>
						Observe the belief change of the translation count, whenever a
						translation request is processed.
					</para>
				</listitem>
				<listitem>
					<para>
						Observe the changes of the word pair belief set, whenever an
						add-word request is processed.
					</para>
				</listitem>
				<listitem>
					<para>
						Use the example from C1 to see the difference in the representation
						of the word table as belief and belief set.
					</para>
				</listitem>
			</itemizedlist>
		</para>

	</section>

</chapter>