<?xml version="1.0" encoding="UTF-8"?>
<!--<!DOCTYPE chapter PUBLIC "-//OASIS//DTD DocBook XML V4.1.2//EN"
"../docbook/dtd/docbookx.dtd" >-->
<chapter id="exercise_conclusion">
	<title>Conclusion and Outlook</title>

	<para>
		We hope you enjoyed working through the tutorial and now are equipped at least
		with a basic understanding of the Jadex BDI reasoning engine. Nevertheless, this
 		tutorial does not cover all important aspects about agent programming in Jadex. Most
 		importantly the following topics have not been discussed:
	</para>
	<section>
		<title>Ontologies</title>
		Ontologies can be used for describing message contents. In more complex applications
		you usually want to transfer objects instead of simple strings. In Jadex for
		this purpose you could use arbitrary Java beans in connection with the
		SFipa.NUGGETS_XML language. If this language is specified for a message event
		the nuggets XMLEncoder/Decoder will be used to encode/decode the message
		content. If you don't want to write the beans by hand you also could use
		the beanynizer tool <xref linkend="JadexToolGuide"/> to generate beans directly from an ontology description
		defined in Protégé. Further information about ontologies you can find in the
		<xref linkend="JadexUserGuide"/>, on the 
		Protégé homepage <ulink url="http://protege.stanford.edu/">http://protege.stanford.edu/</ulink>
		and in the source code of various examples shipped
		with the Jadex distribution.
	</section>
	<section>
		<title>Protocols Capability</title>
		The protocols capability, which belongs to the Jadex planlib provides
		ready-to-use implementations of some common interaction protocols.
		In <xref linkend="exercise_f.4"/> you could already see how to use the
		initiator side of the FIPA request protocol. For more details on the protocols
		capability, there is a separate section in the <xref linkend="JadexUserGuide"/>.
	</section>
	<section>
		<title>Goal Deliberation</title>
		This tutorial only mentions the different goal types available in Jadex
		(perform, achieve, query and maintain). It does not cover aspects of
		goal deliberation, i.e. how a conflict free pursuit of goals can be ensured.
		Jadex offers the built-in <emphasis>Easy Deliberation</emphasis> strategy for
 		this purpose. The strategy allows to constrain the <emphasis>cardinality</emphasis>
 		of active goals. Additionally, it is possible to define <emphasis>inhibition links
		</emphasis> between goals that allow to establish an ordering of goals. Inhibited
		goals are suspended and can be reactivated when the reason for their inhibition
		has vanished, e.g. another goal has finished processing. Please refer also
		to the <xref linkend="JadexUserGuide"/> for an extended explanation. Background
		information is available in the paper <xref linkend="Pokahr+05Goal"/>.
	</section>
	<section>
		<title>Plan Deliberation</title>
		If more than one plan is applicable for a given goal or event the Jadex
		interpreter has to decide which plan actually will be given a chance to handle
		the goal resp. event. This decision process called plan deliberation can be
		customized with <emphasis>meta-level reasoning</emphasis>. This means that a
 		custom defined meta-level goal is automatically raised by the system in case a
 		plan decision has to be made.
		This meta goal can be handled by a corresponding meta-level plan which has the
		task to select among the candidate plans. Further details about meta-level
		reasoning can be found in the <xref linkend="JadexUserGuide"/> and by looking
		into the source code of the "puzzle" agent included in the Jadex release.
	</section>
	<section>
		<title>Jadex BDI Architecture</title>
		During some of the exercises you may have used the Jadex debugger for executing
		Jadex agents step-by-step. But what makes-up one such step in the debugger? All
		steps represent <emphasis>BDI meta-actions</emphasis> meaning that they are not
		at the application-level but on the architecture level. Examples for such meta-
		actions are "selecting plans for a given event", "executing a plan step",
		"creating a new goal" and many more. Basically, the Jadex interpreter selects
		one meta-action after another and executes them when they are applicable in the
		current situation. This new architecture makes the Jadex framework efficient and
		also extensible as new meta-actions can be added to the system easily. Details
		about the architecture are described in the <xref linkend="JadexUserGuide"/> and
		the paper <xref linkend="Pokahr+05AFlexible"/>.
	</section>

</chapter>
