<?xml version="1.0" encoding="UTF-8"?>
<!--<!DOCTYPE chapter PUBLIC "-//OASIS//DTD DocBook XML V4.1.2//EN"
"../docbook/dtd/docbookx.dtd" >-->
<chapter id="exercise_d">
	<title>Using Capabilities</title>

	<para>
		Different agents often need to use the same or similar functionalities that incorporate more
 		than just plan behavior. Often private or shared beliefs and goals are part of a common functionality
		of one agent. These units of functionality are comparable to the module concept in the object oriented paradigm,
 		but exhibit very different properties because of the use of mentalistic notions. For this reasons
 		the capability concept was originally introduced <xref linkend="Busetta+99Structuring"/> and enhanced in
 		<xref linkend="Braubach+05Extending"/>  that allows for packaging a subset of beliefs plans and goals
 		into an agent module and reuse this module wherever needed.
 		The capability structure of an agent forms a tree. A superordinated (parent) capability may contain an arbitrary number
 		of subcapabilities. All elements of a capability have per default private visibility and need to be explicitly made available for
 		usage in a connected capability. For this purpose elements can be defined as abstract or exported
 		enabling access from another capability.
	</para>

	<section>
 		<title>Preparation</title>
		<para>
			We use the functionality of the C2 Agent and build up a capability of its plans and beliefs.
 			Therefore, it is necessary to copy and rename all files from C2 to D1. We slightly modify
 			these plans to make the translation agent answer to a request with a reply message. Hence
 			the following has to be done in both plans:
			<itemizedlist>
				<listitem>
					<para>
						Declare two variables at the beginning of the plans:
						<programlisting>String reply;  // The message event type of the reply.
String content; // The content of the reply message event.</programlisting>
					</para>
				</listitem>
				<listitem>
					<para>
						Set both variables with respect to the success of the translation.
						In the success case set (assuming that gword and eword are variables for
 						the English and German word respectively):
					</para>
					<programlisting>reply = "inform";
content = gword;</programlisting>
					<para>
						And in the failure case:
						<programlisting>reply = "failure";
content = "Sorry, word could not be translated: "+eword;</programlisting>
					</para>
				</listitem>
				<listitem>
					<para>
						Send an answer to the caller at the end of the event processing:
 						<programlisting>sendMessage(((IMessageEvent)getInitialEvent()).createReply(reply, cont));</programlisting>
					</para>
				</listitem>
				<listitem>
					<para>
						Add the new message event types "inform" and "failure" to the ADF:
						<programlisting><![CDATA[<events>
    ...
    <messageevent name="inform" direction="send" type="fipa">
        <parameter name="performative" class="String" direction="fixed">
            <value>SFipa.INFORM</value>
        </parameter>
    </messageevent>

    <messageevent name="failure" direction="send" type="fipa">
        <parameter name="performative" class="String" direction="fixed">
            <value>SFipa.FAILURE</value>
        </parameter>
    </messageevent>
</events>]]></programlisting>
					</para>
				</listitem>
				<listitem>
					<para>
						Test the agent and verify that it answers to the request messages by
 						sending an answer message (for correct as well as for incorrect requests).
					</para>
				</listitem>
			</itemizedlist>
 		</para>
 	</section>

	<section>
		<title>Exercise D1 - Creating a Capability</title>
		In this exercise we will create a translation capability.
		<formalpara>
			<title>Create a new Capability ADF</title>
			<itemizedlist>
				<listitem>
					<para>
						Create a new file TranslationD1.capability.xml with the skeleton code from
 						<xref linkend="exercise_d.d1_adf"/>. Now copy the definition of imports, plans,
 						beliefs, events (including the newly defined ones from above) and expressions
 						(in this case there are no goals) from TranslationC2.agent.xml into this file.
						<figure id="exercise_d.d1_adf">
							<title>D1 XML ADF</title>
							<programlisting linenumbering="numbered"><![CDATA[<!--
    Translation capability.
-->
<capability xmlns="http://jadex.sourceforge.net/jadex"
    xmlns:xsi="http://www.w3.org/2001/XMLSchema-instance"
    xsi:schemaLocation="http://jadex.sourceforge.net/jadex
                        http://jadex.sourceforge.net/jadex-0.96.xsd"
    name="TranslationD1"
    package="jadex.tutorial">
    ...
</capability>]]></programlisting>
						</figure>
					</para>
				</listitem>
				<listitem>
					<para>
						Modify the agent ADF (TranslationD1.agent.xml) by removing all plan and belief
						definitions. Instead insert a new section for using the new capability.
					</para>
					<programlisting><![CDATA[<capabilities>
    <capability name="transcap" file="TranslationD1"/>
</capabilities>]]></programlisting>
					<para>
						Note that here the type name is emloyed, but absolute and relative paths to
						(the model name of) the XML file can also be used.
					</para>
				</listitem>
			</itemizedlist>
		</formalpara>

		<formalpara>
			<title>Start and test the agent</title>
			Load the agent model in the RMA and start the agent. Test the agent with add word and
			translate requests. It should behave exactly like the Agent from C2. Use the introspector
			agent (using BDI-view) to view the new internal structure of the agent.
		</formalpara>

	</section>

	<section>
		<title>Exercise D2 - Exported Beliefs</title>
		In this exercise we will extend the translation agent by making it capable to find synonyms
		for English words. Therefore we extend the agent from D1 with a new find synonyms plan which
		will directly be contained in the agent description. Because the plan needs to access the
		dictionary from the translation capability, the egwords belief will be made usable from external.
		<formalpara>
			<title>Create a new plan</title>
			<itemizedlist>
				<listitem>
					<para>
						Create the file FindEnglishSynonymsPlanD2.java as a passive plan which reacts
						on messages with performative type request and starts with "find_synonyms english".
						Therefore, you need to introduce the new message event type "find_synonyms" that fits
						for request messages that start with "find_synonyms english".
					</para>
				</listitem>
				<listitem>
					<para>
						Create one query (called query_translate here) in the constructor for translating
						an English word (the query expression can be copied from the EnglishGermanTranslationPlanD2).
						Create another query (called query_find here) with the purpose to find all English
						words that match exactly a German word and are unequal to the given English word.
						<programlisting><![CDATA[String find = "select $wordpair.get(0) " +
    "from Tuple $wordpair in $beliefbase.egwords " +
    "where $wordpair.get(1).equals($gword) && !$wordpair.get(0).equals($eword)";
this.queryfind	= createExpression(find, new String[]{"$gword", "$eword"},
    new Class[]{String.class, String.class});]]></programlisting>
					</para>	
				</listitem>
				<listitem>
					<para>
						In the body method, search for synonyms when the message format is correct,
						what means that the request has exactly three tokens. Use a
						<classname>StringTokenizer</classname>
 						to parse the request and apply the translation query on the the given English word.
						When a translation was found, use the result to apply the query find for searching
						for synonyms. Create a reply and send back the found synonyms as an inform message in
						the success case and a failure message with a failure reason in the error case. The
						following code snippet outlines how the second query can be realized (eword is the
						English word for which synonyms are searched, gword is the German translation of
						the given English word):
						<programlisting>query_find.setParameter("$gword", gword);
query_find.setParameter("$eword", eword);
List syns = (List)query_find.execute();</programlisting>
					</para>
				</listitem>
			</itemizedlist>
		</formalpara>
		<formalpara>
			<title>Create a new Capability ADF</title>
			<itemizedlist>
				<listitem>
					<para>
						Create a new file TranslationD2.capability.xml by copying the capability
						from exercise D1.
					</para>
				</listitem>
				<listitem>
					<para>
						Modify the belief set declaration of "egwords" by setting the belief set
						<computeroutput>type="exported"</computeroutput>.
						Add some facts to the belief "egtrans" to have some synonyms present.
						<programlisting><![CDATA[<beliefset name="egwords" class="Tuple" exported="true">
    <fact>new Tuple("milk", "Milch")</fact>
    <fact>new Tuple("cow", "Kuh")</fact>
    <fact>new Tuple("cat", "Katze")</fact>
    <fact>new Tuple("dog", "Hund")</fact>
    <fact>new Tuple("puppy", "Hund")</fact>
    <fact>new Tuple("hound", "Hund")</fact>
    <fact>new Tuple("jack", "Katze")</fact>
    <fact>new Tuple("crummie", "Kuh")</fact>
</beliefset>]]></programlisting>
					</para>
				</listitem>
				<listitem>
					<para>
						Also use the exported attribute to make the "inform" and "failure" messages accessible,
						as we want to use these in the new synomyms plan.
					</para>
				</listitem>
			</itemizedlist>
		</formalpara>
		<formalpara>
			<title>Create a new TranslationD2 Agent ADF</title>
			<itemizedlist>
				<listitem>
					<para>
						Create a new file TranslationD2.agent.xml by copying the file from D1. Extend this
						definition by adding the new plan to the plans section and adding a referenced belief,
						that relates to the egwords belief from the capability. Note that the name of the
						referenced belief can be chosen arbitrarily (in this case we name it egwords, too).
						Additionally change the capability reference to the newly created TranslationCapabilityD2
						and add the new message event type request_findsynonyms.
						<programlisting><![CDATA[<beliefs>
    <beliefsetref name="egwords">
        <concrete ref="transcap.egwords" />
    </beliefsetref>
</beliefs>

<plans>
    <plan name="find_synonyms">
        <body>new FindEnglishSynonymsPlanD2()</body>
        <trigger>
            <messageevent ref="request_findsynonyms"/>
        </trigger>
    </plan>
</plans>

<events>
    <messageevent name="request_findsynonyms" direction="receive" type="fipa">
        <parameter name="performative" class="String" direction="fixed">
            <value>SFipa.REQUEST</value>
        </parameter>
        <parameter name="content-start" class="String" direction="fixed">
            <value>"find_synonyms english"</value>
        </parameter>
    </messageevent>

    <messageeventref name="inform">
        <concrete ref="transcap.inform"/>
    </messageeventref>

    <messageeventref name="failure">
        <concrete ref="transcap.failure"/>
    </messageeventref>
</events>]]></programlisting>
					</para>
				</listitem>
			</itemizedlist>
		</formalpara>

		<formalpara>
			<title>Start and test the agent</title>
			Start the agent and send it some find synonyms requests, e.g. "find_synonyms
			english dog". When your agent works ok, you should be notified that the synonyms
			for dog are hound and puppy. Use the bdi viewer (from the introspector) to
			understand what the belief set reference means.
		</formalpara>
	</section>

</chapter>