<?xml version="1.0" encoding="UTF-8"?>
<!DOCTYPE book PUBLIC "-//OASIS//DTD DocBook XML V4.1.2//EN"
"../../docbook/dtd/docbookx.dtd"
[
<!ENTITY exercise_intro      SYSTEM "exercise_intro.xml">
<!ENTITY exercise_a      SYSTEM "exercise_a.xml">
<!ENTITY exercise_b      SYSTEM "exercise_b.xml">
<!ENTITY exercise_c      SYSTEM "exercise_c.xml">
<!ENTITY exercise_d      SYSTEM "exercise_d.xml">
<!ENTITY exercise_e      SYSTEM "exercise_e.xml">
<!ENTITY exercise_f      SYSTEM "exercise_f.xml">
<!ENTITY exercise_g      SYSTEM "exercise_g.xml">
<!ENTITY exercise_conclusion      SYSTEM "exercise_conclusion.xml">

<!ENTITY bib               SYSTEM "../bib.xml">

<!ENTITY release           SYSTEM "../release.tmp">
<!ENTITY releasedate       SYSTEM "../releasedate.tmp">
]
>
<book id="top">
	<bookinfo>
		<title>
			Jadex Tutorial
		</title>

		<subtitle>
			<inlinemediaobject>
				<imageobject>
					<imagedata fileref="images/jadex_tutorial_logo.png" format="PNG"/>
				</imageobject>
				<textobject>
					<phrase>Jadex Tutorial</phrase>
				</textobject>
			</inlinemediaobject>
		</subtitle>

		<releaseinfo>Release &release;</releaseinfo>
		<date>&releasedate;</date>
		<date><ulink url="http://vsis-www.informatik.uni-hamburg.de/projects/jadex/"/></date>

		<authorgroup>
			<author>
				<firstname>Lars</firstname>
				<surname>Braubach</surname>
			</author>

			<author>
				<firstname>Alexander</firstname>
				<surname>Pokahr </surname>
			</author>
		</authorgroup>

		<corpname>
			Distributed Systems Group
		</corpname>
		<corpname>
			University of Hamburg, Germany
		</corpname>
		<corpname>
			<ulink role="external" url="http://vsis-www.informatik.uni-hamburg.de"/>
		</corpname>

		<legalnotice>
			<para>
				<emphasis>
				If you have support questions about Jadex please use the
				sourceforge help forum and mailing list for that purpose
				(available at <ulink url="http://sourceforge.net/projects/jadex/"/>).
				</emphasis>
			</para>
		</legalnotice>
	</bookinfo>

	<toc/>

	&exercise_intro; <!-- Introduction. -->
	&exercise_a; <!-- Starting. -->
	&exercise_b; <!-- Plans. -->
	&exercise_c; <!-- Beliefs. -->
	&exercise_d; <!-- Capabilities. -->
	&exercise_e; <!-- Goals. -->
	&exercise_f; <!-- Events. -->
	&exercise_g; <!-- External processes. -->
	&exercise_conclusion; <!-- Conclusion and Outlook. -->

	&bib;

</book>