<?xml version="1.0" encoding="UTF-8"?>

<xwikidoc>
<web>Main</web>
<name>RecentMembers</name>
<language></language>
<defaultLanguage>en</defaultLanguage>
<translation>0</translation>
<parent>Main.WebHome</parent>
<creator>XWiki.Admin</creator>
<author>XWiki.Admin</author>
<customClass></customClass>
<contentAuthor>XWiki.Admin</contentAuthor>
<creationDate>1252454400000</creationDate>
<date>1252454400000</date>
<contentUpdateDate>1252454400000</contentUpdateDate>
<version>1.1</version>
<title>$msg.get("xe.recentmembers")</title>
<template></template>
<defaultTemplate></defaultTemplate>
<validationScript></validationScript>
<comment></comment>
<minorEdit>false</minorEdit>
<syntaxId>xwiki/2.0</syntaxId>
<hidden>false</hidden>
<content>{{velocity}}
#set ($sql = ", BaseObject as obj where obj.name=doc.fullName and obj.className='XWiki.XWikiUsers' order by doc.creationDate desc")
(% class="memberlist" %)
(((
#foreach ($member in $xwiki.searchDocuments($sql,5,0))
#set($discard = $map.clear())
#set($memberdoc = $xwiki.getDocument($member))
#set($memberobj = $memberdoc.getObject("XWiki.XWikiUsers"))
#set($company = $memberdoc.display("company","view",$memberobj))
(% class="vcard" %)
(((
#if($memberobj.avatar &amp;&amp; $memberobj.avatar.trim() != "")
[[[[image:${memberdoc.fullName}@${memberobj.avatar}||alt="$xwiki.getUserName($member, false)" width="48" class="photo"]]&gt;&gt;$memberdoc.fullName]]
#else
## Note that as soon as skin files can be displayed with [[image:]] this should be changed
{{html}}
&lt;img src="$xwiki.getSkinFile("noavatar.png")" alt="" width="48" class="nophoto"/&gt;
{{/html}}
#end
==== [[$xwiki.getUserName($member, false)&gt;&gt;$memberdoc.fullName||class="url fn"]] ====
#set($prev = false)
#if($company &amp;&amp; !$company.trim().equals(""))${company}#set($prev = true)#end
)))
#end
)))
{{/velocity}}</content>
</xwikidoc>
