<?xml version="1.0" encoding="UTF-8"?>

<xwikidoc>
<web>Main</web>
<name>SpaceIndex</name>
<language></language>
<defaultLanguage>en</defaultLanguage>
<translation>0</translation>
<parent>Main.WebHome</parent>
<creator>XWiki.Admin</creator>
<author>XWiki.Admin</author>
<customClass></customClass>
<contentAuthor>XWiki.Admin</contentAuthor>
<creationDate>1252454400000</creationDate>
<date>1253010039000</date>
<contentUpdateDate>1253010039000</contentUpdateDate>
<version>1.1</version>
<title>$msg.get("xe.space.index")</title>
<template></template>
<defaultTemplate></defaultTemplate>
<validationScript></validationScript>
<comment></comment>
<minorEdit>false</minorEdit>
<syntaxId>xwiki/2.0</syntaxId>
<hidden>false</hidden>
<content>{{velocity}}
#if("$!request.space" != "") #set($space=$request.space) #else #set($space = $doc.space) #end
$msg.get('xe.space.index.description', [$space])
#set($collist = ["doc.name","doc.date", "doc.author", "_actions"])
#set($colprops = {
                   "doc.name" : { "type" : "text" , "size" : 30, "link" : "view"}, 
                   "doc.date" : { "type" : "date" },
                   "doc.author" : { "type" : "text", "link" : "author"},
                   "_actions" : {"actions": ["copy","delete","rename","rights"]}
                 })
#set($options = { "translationPrefix" : "xe.index.",
                  "rowCount": 15,
                  "extraParams" : "&amp;space=${space}" })
#livetable("spaceindex" $collist $colprops $options)
{{/velocity}}
</content></xwikidoc>