<?xml version="1.0" encoding="UTF-8"?>

<xwikidoc>
<web>Main</web>
<name>Tags</name>
<language></language>
<defaultLanguage>en</defaultLanguage>
<translation>0</translation>
<parent>Main.WebHome</parent>
<creator>XWiki.Admin</creator>
<author>XWiki.Admin</author>
<customClass></customClass>
<contentAuthor>XWiki.Admin</contentAuthor>
<creationDate>1252454400000</creationDate>
<date>1252454400000</date>
<contentUpdateDate>1252454400000</contentUpdateDate>
<version>1.1</version>
<title>$msg.get("xe.tag.tags")</title>
<template></template>
<defaultTemplate></defaultTemplate>
<validationScript></validationScript>
<comment></comment>
<minorEdit>false</minorEdit>
<syntaxId>xwiki/2.0</syntaxId>
<hidden>false</hidden>
<object>
<class>
<name>XWiki.StyleSheetExtension</name>
<customClass></customClass>
<customMapping></customMapping>
<defaultViewSheet></defaultViewSheet>
<defaultEditSheet></defaultEditSheet>
<defaultWeb></defaultWeb>
<nameField></nameField>
<validationScript></validationScript>
<cache>
<cache>0</cache>
<displayType>select</displayType>
<multiSelect>0</multiSelect>
<name>cache</name>
<number>5</number>
<prettyName>Caching policy</prettyName>
<relationalStorage>0</relationalStorage>
<separator> </separator>
<separators> ,|</separators>
<size>1</size>
<unmodifiable>0</unmodifiable>
<values>long|short|default|forbid</values>
<classType>com.xpn.xwiki.objects.classes.StaticListClass</classType>
</cache>
<code>
<name>code</name>
<number>2</number>
<prettyName>Code</prettyName>
<rows>20</rows>
<size>50</size>
<unmodifiable>0</unmodifiable>
<classType>com.xpn.xwiki.objects.classes.TextAreaClass</classType>
</code>
<name>
<name>name</name>
<number>1</number>
<prettyName>Name</prettyName>
<size>30</size>
<unmodifiable>0</unmodifiable>
<classType>com.xpn.xwiki.objects.classes.StringClass</classType>
</name>
<parse>
<displayFormType>select</displayFormType>
<displayType>yesno</displayType>
<name>parse</name>
<number>4</number>
<prettyName>Parse content</prettyName>
<unmodifiable>0</unmodifiable>
<classType>com.xpn.xwiki.objects.classes.BooleanClass</classType>
</parse>
<use>
<cache>0</cache>
<displayType>select</displayType>
<multiSelect>0</multiSelect>
<name>use</name>
<number>3</number>
<prettyName>Use this extension</prettyName>
<relationalStorage>0</relationalStorage>
<separator> </separator>
<separators> ,|</separators>
<size>1</size>
<unmodifiable>0</unmodifiable>
<values>onDemand=On demand|always=Always</values>
<classType>com.xpn.xwiki.objects.classes.StaticListClass</classType>
</use>
</class>
<name>Main.Tags</name>
<number>0</number>
<className>XWiki.StyleSheetExtension</className>
<guid>842b2aaf-cc25-4c1d-b0de-c23318aa9cbe</guid>
<property>
<cache>default</cache>
</property>
<property>
<code>h1.xapp {
  margin-bottom: 1em;
}

h1.xapp span {
  border:0;
  margin-top:0;
  display: inline;
}

h1.xapp span.highlight {
  display: inline-block;
  background-color: lemonChiffon;   
  border: solid 1px Gainsboro; 
  font-weight:bold;  
  white-space: nowrap;
  padding: 2px 10px 0 25px;
  -moz-border-radius: 10px;
  -webkit-border-radius: 10px;
  border-radius: 10px;
  margin-bottom: -8px;
}

h1.xapp span.tag {
  background: lemonChiffon url($xwiki.getSkinFile("icons/silk/tag_blue.gif")) no-repeat 5px 50%;
}

h1.xapp span.highlight a.button {
  font-size: 12px;    
  font-weight: normal;
  line-height: 18px;
  display : inline-block;
  background-color: lightYellow;   
  border: solid 1px Gainsboro; 
  -moz-border-radius: 10px;
  -webkit-border-radius: 10px;
  border-radius: 10px;
  padding: 2px 5px 0 5px;
  vertical-align: middle; 
}

h1.xapp span.highlight a.delete {
  background: lightYellow url($xwiki.getSkinFile("icons/silk/cross.gif")) no-repeat 3px 50%;
  padding: 2px 5px 0px 20px;
}

h1.xapp span.highlight a.rename {
  background: lightYellow url($xwiki.getSkinFile("icons/silk/textfield_rename.gif")) no-repeat 3px 50%;
  padding: 2px 5px 0px 20px;
}

h1.xapp span.highlight a:hover.button {
  background-color: Lavender ;
  border: solid 1px Gainsboro;
}

h1.xapp span.highlight span:hover.button a,
h1.xapp span.highlight span:hover.button a:link,
h1.xapp span.highlight span:hover.button a:active,
h1.xapp span.highlight span:hover.button a:visited {
  text-decoration: none; 
}

h3.xapp span {
  margin:0;
}
</code></property><property><name></name></property><property><parse>1</parse>
</property>
<property>
<use>onDemand</use>
</property>
</object>
<content>{{velocity}}
##
## Tag application.
##
## - See a Tag Cloud of all tags within the wiki.
## - See all the pages tagged with the given tag.
## - Rename a tag.
## - Delete a tag.
##
$xwiki.ssx.use('Main.Tags')##
$xwiki.ssx.use('Main.Dashboard')##
##
## Set application variables (action and tag) from URL parameters.
##
#set($do = "$!{request.get('do')}")
#set($tag = "$!{request.get('tag')}")
##
## Macro displayTagAppTitle. Display level1 title of this app.
##
#macro(displayTagAppTitle $tag $displayButtons)
  &lt;h1 class="xapp"&gt;
    &lt;span class="highlight tag"&gt;
      &lt;a href="$doc.getURL('view', "do=viewTag&amp;amp;tag=${tag}")"&gt;$tag&lt;/a&gt;
      #if($xwiki.hasAdminRights() &amp;&amp; $displayButtons)
        &lt;a href="$doc.getURL('view', "do=prepareRename&amp;amp;tag=${tag}")" class="button rename" rel="nofollow"&gt;Rename&lt;/a&gt;&amp;nbsp;&lt;a href="$doc.getURL('view', "do=prepareDelete&amp;amp;tag=${tag}")" class="button delete" rel="nofollow"&gt;Delete&lt;/a&gt;
      #end
    &lt;/span&gt;
  &lt;/h1&gt;
#end
##
## Switch between all possible actions:
## viewTag, prepareRename, rename, prepareDelete, delete, default (Tag cloud)
##
{{html}}
#if($do == 'viewTag')
  ##
  ## View tag
  ##
  #displayTagAppTitle($tag true)
  #if("$!{request.get('renamedTag')}" != '')
    #info($msg.get('xe.tag.rename.success', [$request.get('renamedTag')]))
  #end
  #set ($list = $xwiki.tag.getDocumentsWithTag($tag))
  &lt;div&gt;
    &lt;div id="dashboardleft"&gt;
      &lt;div id="dashboardleftcontent"&gt;
        &lt;h3 class="xapp"&gt;&lt;span&gt;$msg.get('xe.tag.alldocs', [$tag])&lt;/span&gt;&lt;/h3&gt;
        #displayDocumentList($list true $blacklistedSpaces)
      &lt;/div&gt;
    &lt;/div&gt;
    &lt;div id="dashboardright"&gt;
      &lt;div id="dashboardrightcontent"&gt;
        &lt;h3 class="xapp"&gt;&lt;span&gt;$msg.get("xe.tag.recentchanges", [$tag])&lt;/span&gt;&lt;/h3&gt;
        #set($rcTag = [$tag])
        #includeInContext('Main.RecentChanges')
    &lt;/div&gt;
  &lt;/div&gt;
  &lt;div style="clear:both; margin-bottom: 40px;"&gt;&lt;!-- --&gt;&lt;/div&gt;
&lt;/div&gt;
#elseif($do == 'prepareRename')
  ##
  ## Prepare rename tag
  ##
  #displayTagAppTitle($tag false)
  &lt;form id="renameForm" action="$doc.getURL()" method="post"&gt;
   &lt;div&gt;
    &lt;input name="do" type="hidden" value="renameTag" /&gt;
    &lt;input name="tag" type="hidden" value="$tag" /&gt;
    $msg.get('xe.tag.rename.renameto', [$tag]) &lt;input type="text" name="renameTo" /&gt; &lt;span class="buttonwrapper"&gt;&lt;input type="submit" value="$msg.get('xe.tag.rename')"/&gt;&lt;/span&gt;
   &lt;/div&gt;
  &lt;/form&gt;
#elseif($do == 'renameTag')
  ##
  ## Rename tag
  ##
  #set($renameTo = "$!{request.get('renameTo')}")
  #set($success = false)
  #if ($renameTo != '')
    #set($success = $xwiki.tag.renameTag($tag, $renameTo))
  #end
  #if ($success == true || $success == 'OK')
   #set($encodedRenameTo = $util.encodeURI($renameTo))
   #set($encodedTag = $util.encodeURI($tag))
   $response.sendRedirect($doc.getURL('view', "do=viewTag&amp;tag=${encodedRenameTo}&amp;renamedTag=${encodedTag}"))
  #else
    #error($msg.get('xe.tag.rename.failure', [$tag, $renameTo]))
  #end
#elseif($do == 'prepareDelete')
  ##
  ## Prepare delete tag
  ##
  #displayTagAppTitle($tag false)
  &lt;form id="deleteForm" action="$doc.getURL()" method="post"&gt;
   &lt;div&gt;
    &lt;input name="do" type="hidden" value="deleteTag" /&gt;
    &lt;input name="tag" type="hidden" value="$tag" /&gt;
    &lt;span class="buttonwrapper"&gt;&lt;input type="submit" value="$msg.get("xe.tag.delete", [$tag])" /&gt;&lt;/span&gt;
   &lt;/div&gt;
  &lt;/form&gt;
#elseif($do == 'deleteTag')
  ##
  ## Delete tag
  ##
  #set($success = $xwiki.tag.deleteTag($tag))
  #if ($success == true || $success == 'OK')
    #set($encodedTag = $util.encodeURI($tag))
    $response.sendRedirect($doc.getURL('view', "deletedTag=${encodedTag}"))
  #else
    #error($msg.get('xe.tag.delete.failure', [$tag]))
  #end
#else
  ##
  ## View all tags (Tag Cloud)
  ##
  #set($tags = $xwiki.tag.getTags(true))
  #set ($title = 'All Tags')
  #if("$!{request.get('deletedTag')}" != '')
    #info($msg.get('xe.tag.delete.success', [$request.get('deletedTag')]))
  #end
  #set($docextras = [])
  #includeInContext("XWiki.TagCloud")
#end
{{/html}}
{{/velocity}}</content>
</xwikidoc>
