<!-- <H3>ZOMBIE APOKALYPSE</H3> Zombies wollen Menschen fressen, Soldaten und Späher helfen den Menschen. -->
<applicationtype xmlns="http://jadex.sourceforge.net/jadex" xmlns:env="http://jadex.sourceforge.net/jadex-envspace"
	xmlns:xsi="http://www.w3.org/2001/XMLSchema-instance"
	xsi:schemaLocation="http://jadex.sourceforge.net/jadex 
	                    http://jadex.sourceforge.net/jadex-application-2.0.xsd
	                    http://jadex.sourceforge.net/jadex-envspace 
	                    http://jadex.sourceforge.net/jadex-envspace-2.0.xsd"
	name="mapcollision" package="mapcollision">


	<imports>
		<import>jadex.extension.envsupport.environment.*</import>
		<import>jadex.extension.envsupport.environment.space2d.*</import>
		<import>jadex.extension.envsupport.environment.RoundBasedExecutor
		</import>
		<import>jadex.extension.envsupport.math.*</import>
		<import>jadex.bridge.IClockService</import>
		<import>jadex.extension.envsupport.dataview.*</import>
		<import>mapcollision.*</import>
		<import>jadex.extension.envsupport.observer.perspective.*</import>
	</imports>


	<componenttypes>
		<componenttype name="Collision" filename="mapcollision/CollisionAgent.class" />

	</componenttypes>

	<extensiontypes>
		<env:envspacetype name="2dspace" class="Grid2D" width="100" height="100">
			<env:objecttypes>
				<env:objecttype name="collision" >
				<env:property name="reached">new Boolean(false)</env:property>
				</env:objecttype>
			</env:objecttypes>


			<env:avatarmappings>
				<env:avatarmapping componenttype="Collision" objecttype="collision"/>
				
			</env:avatarmappings>


			<env:processtypes>
				<env:processtype name="create" class="DefaultObjectCreationProcess">
					<env:property name="tickrate">5</env:property>
				</env:processtype>
			</env:processtypes>

			<env:dataviews>
				<env:dataview name="all_view" class="GeneralDataView2D" />
				<!-- <env:dataview name="prey_view" objecttype="prey">new LocalDataView2D($object, 2)</env:dataview> -->
			</env:dataviews>


			<env:actiontypes>
				<env:actiontype name="move" class="mapcollision.MoveAction" />
			</env:actiontypes>

			<env:perspectives>
				<env:perspective name="icons" class="Perspective2D" objectplacement="center">


					<env:drawable objecttype="collision" width="1.0" height="1.0">
						<env:texturedrectangle layer="2" width="2.4" height="2.4" imagepath="mapcollision/man.png" />
						<env:rectangle layer="-1" width="6" height="6" color="#00ff00ff">
							<env:drawcondition>$object.getProperty("reached").equals(true)</env:drawcondition>
						</env:rectangle>
					</env:drawable>

					<env:prelayers>
						<env:tiledlayer width="1" height="1" imagepath="mapcollision/Untitled2.png" />
					</env:prelayers>
				</env:perspective>

				<env:perspective name="abstract" class="Perspective2D" objectplacement="center">

					<env:drawable objecttype="collision" width="1.0" height="1.0">
						<env:regularpolygon layer="2" width="0.9" height="0.9" vertices="8" color="#993333" />
					</env:drawable>

					<env:prelayers>
						<env:gridlayer width="1.0" height="1.0" color="white" />
					</env:prelayers>

				</env:perspective>
			</env:perspectives>

			<!-- executor -->
			<env:spaceexecutor class="RoundBasedExecutor">
				<env:property name="space">$space</env:property>
				<!-- <env:property name="comparator">new CreatureActionComparator($space)</env:property> -->
				<env:property name="mode">"lastaction"</env:property>
			</env:spaceexecutor>
		</env:envspacetype>
	</extensiontypes>


	<configurations>
		<configuration name="Standard">
			<extensions>
				<env:envspace name="my2dspace" type="2dspace">
					<env:observers>
						<env:observer name="Collision World" dataview="view_all" perspective="icons" />
					</env:observers>
				</env:envspace>
			</extensions>

			<components>
				<component type="Collision" number="1" />
			</components>

		</configuration>
	</configurations>

</applicationtype>
