<?xml version="1.0" encoding="UTF-8"?>

<xwikidoc>
<web>Main</web>
<name>Dashboard</name>
<language></language>
<defaultLanguage>en</defaultLanguage>
<translation>0</translation>
<parent>Main.WebHome</parent>
<creator>XWiki.Admin</creator>
<author>XWiki.Admin</author>
<customClass></customClass>
<contentAuthor>XWiki.Admin</contentAuthor>
<creationDate>1252454400000</creationDate>
<date>1252454400000</date>
<contentUpdateDate>1252454400000</contentUpdateDate>
<version>1.1</version>
<title>$msg.get("xe.dashboard.wiki")</title>
<template></template>
<defaultTemplate></defaultTemplate>
<validationScript></validationScript>
<comment></comment>
<minorEdit>false</minorEdit>
<syntaxId>xwiki/2.0</syntaxId>
<hidden>false</hidden>
<object>
<class>
<name>XWiki.StyleSheetExtension</name>
<customClass></customClass>
<customMapping></customMapping>
<defaultViewSheet></defaultViewSheet>
<defaultEditSheet></defaultEditSheet>
<defaultWeb></defaultWeb>
<nameField></nameField>
<validationScript></validationScript>
<cache>
<cache>0</cache>
<displayType>select</displayType>
<multiSelect>0</multiSelect>
<name>cache</name>
<number>5</number>
<prettyName>Caching policy</prettyName>
<relationalStorage>0</relationalStorage>
<separator> </separator>
<separators> ,|</separators>
<size>1</size>
<unmodifiable>0</unmodifiable>
<values>long|short|default|forbid</values>
<classType>com.xpn.xwiki.objects.classes.StaticListClass</classType>
</cache>
<code>
<name>code</name>
<number>2</number>
<prettyName>Code</prettyName>
<rows>20</rows>
<size>50</size>
<unmodifiable>0</unmodifiable>
<classType>com.xpn.xwiki.objects.classes.TextAreaClass</classType>
</code>
<name>
<name>name</name>
<number>1</number>
<prettyName>Name</prettyName>
<size>30</size>
<unmodifiable>0</unmodifiable>
<classType>com.xpn.xwiki.objects.classes.StringClass</classType>
</name>
<parse>
<displayFormType>select</displayFormType>
<displayType>yesno</displayType>
<name>parse</name>
<number>4</number>
<prettyName>Parse content</prettyName>
<unmodifiable>0</unmodifiable>
<classType>com.xpn.xwiki.objects.classes.BooleanClass</classType>
</parse>
<use>
<cache>0</cache>
<displayType>select</displayType>
<multiSelect>0</multiSelect>
<name>use</name>
<number>3</number>
<prettyName>Use this extension</prettyName>
<relationalStorage>0</relationalStorage>
<separator> </separator>
<separators> ,|</separators>
<size>1</size>
<unmodifiable>0</unmodifiable>
<values>onDemand=On demand|always=Always</values>
<classType>com.xpn.xwiki.objects.classes.StaticListClass</classType>
</use>
</class>
<name>Main.Dashboard</name>
<number>0</number>
<className>XWiki.StyleSheetExtension</className>
<guid>384eebef-65ee-4d21-8fa7-af59b3b62047</guid>
<property>
<cache>default</cache>
</property>
<property>
<code>div#dashboardleft {
  float:left; 
  width: 44.9%;
}

div#dashboardleft div#dashboardleftcontent {
  padding-right:20px;
}

div#dashboardright {
  float:left; 
  width: 55.1%;
}

div#dashboardright div#dashboardrightcontent {
  padding-left: 20px;
}

div#dashboardspacer {
  clear:both; 
  margin-bottom:40px;
}</code>
</property>
<property>
<name></name>
</property>
<property>
<parse>0</parse>
</property>
<property>
<use>onDemand</use>
</property>
</object>
<content>{{velocity wiki="true"}}
    ##
    ## XWiki Dashboard
    ##
    ## This dashboard can be used for both wikis (Main.WebHome)
    ## and spaces (*.WebHome).
    ##
    $xwiki.ssx.use('Main.Dashboard')##
    #set ($isSpaceDashboard = false)
    #if ($doc.space != "Main")
      #set ($isSpaceDashboard = true)
    #end
    (% id="dashboard" %)
    (((
      (% id="dashboardleft" %)
      (((
        ##
        ## Left column.
        ##
        (% id="dashboardleftcontent" %)
        (((
          #if (!$isSpaceDashboard)
            ##
            ## Wiki spaces and tags
            ##
            = $msg.get("xe.dashboard.wiki.spaces") =

            {{include document="Main.Spaces"/}}

            = $msg.get("xe.dashboard.wiki.tagcloud") =

            {{include document="XWiki.TagCloud"/}}

          #else
            ##
            ## Space documents and tags
            ##
            = $msg.get("xe.dashboard.space.documents", [$doc.space]) =

            #set ($docNames = $xwiki.getSpaceDocsName($doc.space))
            {{html}}
              #displayDocumentList($docNames false $blacklistedSpaces) 
            {{/html}}

            = $msg.get("xe.dashboard.wiki.tagcloud") =
            #set ($tagCloudSpace = $doc.space)

            {{include document="XWiki.TagCloud"/}}

          #end
        )))
      )))
      (% id="dashboardright" %)
      (((
        ##
        ## Right column
        ##
        (% id="dashboardrightcontent" %)
        (((
          ##
          ## Recent changes
          ##
          #if (!$isSpaceDashboard)
            = $msg.get("xe.dashboard.wiki.recentchanges") =
          #else
            = $msg.get("xe.dashboard.space.recentchanges", [$doc.space]) =
            ## Set variables to limit recent changes to the current space and 15 items.
            #set ($rcSpace = [$doc.space])
            #set ($rcChangesNb = 15)
          #end

          {{include document="Main.RecentChanges"/}}

        )))
      )))
      (% id="dashboardspacer" %)
      (((~ )))
    )))
{{/velocity}}</content>
</xwikidoc>
