<?xml version="1.0" encoding="UTF-8"?>

<xwikidoc>
<web>Main</web>
<name>WebRss</name>
<language></language>
<defaultLanguage>en</defaultLanguage>
<translation>0</translation>
<parent>Main.RssFeeds</parent>
<creator>XWiki.Admin</creator>
<author>XWiki.Admin</author>
<customClass></customClass>
<contentAuthor>XWiki.Admin</contentAuthor>
<creationDate>1252454400000</creationDate>
<date>1252454400000</date>
<contentUpdateDate>1252454400000</contentUpdateDate>
<version>1.1</version>
<title>$msg.get("xe.rss.pages.modified")</title>
<template></template>
<defaultTemplate></defaultTemplate>
<validationScript></validationScript>
<comment></comment>
<minorEdit>false</minorEdit>
<syntaxId>xwiki/2.0</syntaxId>
<hidden>false</hidden>
<content>{{velocity}}
## Backward compatibility redirect, if the RSS feed is called without the outputSyntax query argument, force it.
#if (("$!request.xpage" == 'plain' || "$!request.xpage" == 'rdf') &amp;&amp; "$!request.outputSyntax" != 'plain')
  $response.sendRedirect($xwiki.getURL($doc.fullName, 'view', 'xpage=plain&amp;outputSyntax=plain'))
#end
#if ("$!request.xpage" == 'plain' &amp;&amp; "$!request.outputSyntax" == 'plain')
  #set ($feed = $xwiki.feed.getWebFeed('where 1=1 order by doc.date desc', 20, 0, $util.getHashMap()))
  #set ($feedURI = $xwiki.getDocument('Main.WebHome').getExternalURL('view'))
  #set ($discard = $feed.setLink($feedURI))
  #set ($discard = $feed.setUri($feedURI))
  #set ($discard = $feed.setAuthor('XWiki'))
  #set ($discard = $feed.setTitle($msg.get('xe.rss.feed.description', [$text])))
  #set ($discard = $feed.setDescription($msg.get('xe.rss.global.description', [$text])))
  #set ($discard = $feed.setLanguage($context.language))
  #set ($discard = $feed.setCopyright($xwiki.getXWikiPreference('copyright')))
  $xwiki.feed.getFeedOutput($feed, $xwiki.getXWikiPreference('feed_type', 'rss_2.0'))
#end
{{/velocity}}</content>
</xwikidoc>
