<?xml version="1.0" encoding="UTF-8"?>

<xwikidoc>
<web>Main</web>
<name>WhatsNew</name>
<language></language>
<defaultLanguage>en</defaultLanguage>
<translation>0</translation>
<parent>Main.WebHome</parent>
<creator>XWiki.Admin</creator>
<author>XWiki.Admin</author>
<customClass></customClass>
<contentAuthor>XWiki.Admin</contentAuthor>
<creationDate>1107752577000</creationDate>
<date>1180366589000</date>
<contentUpdateDate>1180366589000</contentUpdateDate>
<version>1.1</version>
<title></title>
<template></template>
<defaultTemplate></defaultTemplate>
<validationScript></validationScript>
<comment></comment>
<minorEdit>false</minorEdit>
<syntaxId>xwiki/1.0</syntaxId>
<hidden>false</hidden>
<object>
<class>
<name>XWiki.TagClass</name>
<customClass></customClass>
<customMapping></customMapping>
<defaultViewSheet></defaultViewSheet>
<defaultEditSheet></defaultEditSheet>
<defaultWeb></defaultWeb>
<nameField></nameField>
<validationScript></validationScript>
<tags>
<cache>0</cache>
<displayType>input</displayType>
<multiSelect>1</multiSelect>
<name>tags</name>
<number>1</number>
<prettyName>Tags</prettyName>
<relationalStorage>1</relationalStorage>
<separator> </separator>
<separators> ,|</separators>
<size>30</size>
<unmodifiable>0</unmodifiable>
<values></values>
<classType>com.xpn.xwiki.objects.classes.StaticListClass</classType>
</tags>
</class>
<name>Main.WhatsNew</name>
<number>0</number>
<className>XWiki.TagClass</className>
<guid>23949808-c11b-428b-b626-865a4e746606</guid>
<property>
<tags/>
</property>
</object>
<content>1 What's New

Keeps you and your users informed of changes to this site:
* This page is an automatically generated list of recently changed pages.
* An [RSS Feed&gt;Main.WebRss?xpage=rdf] provides these recent changes to RSS readers.

#set ($sql = "where 1=1 order by doc.date desc")
#set ($list = $xwiki.searchDocuments($sql , 30 , 0))
#includeInContext("XWiki.Results")
</content></xwikidoc>