<?xml version="1.0" encoding="UTF-8"?>

<xwikidoc>
<web>Links to PDFs</web>
<name>User Guide</name>
<language></language>
<defaultLanguage>en</defaultLanguage>
<translation>0</translation>
<parent></parent>
<creator>XWiki.Alex</creator>
<author>XWiki.Alex</author>
<customClass></customClass>
<contentAuthor>XWiki.Alex</contentAuthor>
<creationDate>1276772560000</creationDate>
<date>1276772569000</date>
<contentUpdateDate>1276772569000</contentUpdateDate>
<version>1.1</version>
<title>User Guide</title>
<template></template>
<defaultTemplate></defaultTemplate>
<validationScript></validationScript>
<comment></comment>
<minorEdit>false</minorEdit>
<syntaxId>xwiki/1.0</syntaxId>
<hidden>false</hidden>
<object>
<class>
<name>XWiki.TagClass</name>
<customClass></customClass>
<customMapping></customMapping>
<defaultViewSheet></defaultViewSheet>
<defaultEditSheet></defaultEditSheet>
<defaultWeb></defaultWeb>
<nameField></nameField>
<validationScript></validationScript>
<tags>
<cache>0</cache>
<displayType>checkbox</displayType>
<multiSelect>1</multiSelect>
<name>tags</name>
<number>1</number>
<prettyName>Tags</prettyName>
<relationalStorage>1</relationalStorage>
<separator> </separator>
<separators> ,|</separators>
<size>30</size>
<unmodifiable>0</unmodifiable>
<values></values>
<classType>com.xpn.xwiki.objects.classes.StaticListClass</classType>
</tags>
</class>
<name>Links to PDFs.User Guide</name>
<number>0</number>
<className>XWiki.TagClass</className>
<guid>34eb0c43-0428-49d6-b905-cafb1263a35a</guid>
<property>
<tags/>
</property>
</object>
<content>#**##set($spacename = $doc.name)#*
  *##set($plusname = $spacename.replace(' ', '+'))#*
  *##set($url = "/xwiki/bin/export/"+$plusname+"/"+$plusname+"?format=pdf")#*
  *##set($query = "doc.space='"+$spacename+"' order by doc.fullName")#*
  *##foreach($page in $xwiki.searchDocuments($query))#*
  *#  #set($url = $url+"&amp;pages="+$page)#*
  *##end#*
  *##set($url = $url.replaceAll(" ", "%20"))#*
  *#$response.sendRedirect($url)</content>
</xwikidoc>
