<?xml version="1.0" encoding="UTF-8"?>

<xwikidoc>
<web>Links to PDFs</web>
<name>WebHome</name>
<language></language>
<defaultLanguage>en</defaultLanguage>
<translation>0</translation>
<parent></parent>
<creator>XWiki.Alex</creator>
<author>XWiki.Alex</author>
<customClass></customClass>
<contentAuthor>XWiki.Alex</contentAuthor>
<creationDate>1276772526000</creationDate>
<date>1276772547000</date>
<contentUpdateDate>1276772547000</contentUpdateDate>
<version>1.1</version>
<title>Links to PDFs</title>
<template></template>
<defaultTemplate></defaultTemplate>
<validationScript></validationScript>
<comment></comment>
<minorEdit>false</minorEdit>
<syntaxId>xwiki/1.0</syntaxId>
<hidden>false</hidden>
<object>
<class>
<name>XWiki.TagClass</name>
<customClass></customClass>
<customMapping></customMapping>
<defaultViewSheet></defaultViewSheet>
<defaultEditSheet></defaultEditSheet>
<defaultWeb></defaultWeb>
<nameField></nameField>
<validationScript></validationScript>
<tags>
<cache>0</cache>
<displayType>checkbox</displayType>
<multiSelect>1</multiSelect>
<name>tags</name>
<number>1</number>
<prettyName>Tags</prettyName>
<relationalStorage>1</relationalStorage>
<separator> </separator>
<separators> ,|</separators>
<size>30</size>
<unmodifiable>0</unmodifiable>
<values></values>
<classType>com.xpn.xwiki.objects.classes.StaticListClass</classType>
</tags>
</class>
<name>Links to PDFs.WebHome</name>
<number>0</number>
<className>XWiki.TagClass</className>
<guid>3da18107-62ea-4bca-ae47-7e25c53e902b</guid>
<property>
<tags/>
</property>
</object>
<content>1 Links to PDFs

This space contains pages that redirect to automatically generated PDFs.

The following code does the actual redirection in each page.
For the code to work, the page must be named like the space of the
corresponding guide.

Comments (#set($dummy ='#* *#')$dummy) are used to avoid line breaks being produced as output:

{code}
#**##set($spacename = $doc.name)#*
  *##set($plusname = $spacename.replace(' ', '+'))#*
  *##set($url = "/xwiki/bin/export/"+$plusname+"/"+$plusname+"?format=pdf")#*
  *##set($query = "doc.space='"+$spacename+"' order by doc.fullName")#*
  *##foreach($page in $xwiki.searchDocuments($query))#*
  *#  #set($url = $url+"&amp;pages="+$page)#*
  *##end#*
  *##set($url = $url.replaceAll(" ", "%20"))#*
  *#$response.sendRedirect($url)
{code}</content>
</xwikidoc>
