<?xml version="1.0" encoding="UTF-8"?>
<!--<!DOCTYPE chapter PUBLIC "-//OASIS//DTD DocBook XML V4.1.2//EN"
"../docbook/dtd/docbookx.dtd" >-->
<appendix id="adapters">
	<title>Platform Adapters</title>

	<para>
		Jadex is realized as pure reasoning engine. This means that
		Jadex agents can potentially run on any middleware platform that
		fulfills some basic services concerning agent management and
		messaging. Currently, adapters for Jadex have been realized for
		the agent platform <ulink url="http://jade.tilab.com/">JADE </ulink> and
 		for a Standalone platform.
	</para>
	<note>
		<para>
			There is currently no dedicated manual availabe explaining how to
			build a new middleware adapter. If you are interested in developing a
			new adapter consider looking into the <classname>jadex.adapter</classname>
			package, which contains a handful of interfaces that every adapter has to implement.
			If you have any problems feel free to contact us directly. The same applies
			if you already developed a new adapter. We would be glad to know about it
			and possibly getting the chance to announce/link it on the Jadex web site.
		</para>
	</note>
	<para>
 		In the following it is explained how you can configure and start
		Jadex using the Standalone and the JADE adapter.
	</para>

	<section id="adapters.standalone">
		<title>The Jadex Standalone Adapter</title>

		<para>
			The Jadex Standalone adapter is a fast and efficient execution
			environment for Jadex agents with a small memory footprint.
			The Standalone adapter is already contained in the normal Jadex
			distribution and needs to be put into the classpath (<filename>jadex_standalone.jar</filename>).
		</para>

		<section id="adapters.standalone.starting">
			<title>Starting the Jadex Standalone Adapter</title>
			<para>
				You can start the Standalone adapter via the following command line:

				<para>
					<command>
						java jadex.adapter.standalone.Platform [-conf filename] [-transport classname:port]
 						[-notransport] [-nogui] [-noamsagent] [-nodfagent] [-autoshutdown]
					</command>
				</para>
				<!--<cmdsynopsis>
					<command>java <classname>jadex.adapter.standalone.Platform</classname></command>
					<arg>-conf <replaceable>filename</replaceable></arg>
					<arg>-platformname <replaceable>name</replaceable></arg>
					<arg>-transport <replaceable>classname</replaceable>:<replaceable>port</replaceable></arg>
					<arg>-nogui</arg>
					<arg>-noamsagent</arg>
					<arg>-nodfagent</arg>
					<arg>-autoshutdown</arg>
				</cmdsynopsis>-->
			</para>

			<para>
				Alternatively you can also use the following command to start the platform directly from the jar:
				<para>
					<command>java -jar jadex_standalone.jar [options]</command>
				</para>
				<!--<cmdsynopsis>
					<command>java -jar <filename>jadex_standalone.jar</filename></command>
					<arg><replaceable>options</replaceable></arg>
				</cmdsynopsis>-->
			</para>

			<para>
				<emphasis>-conf</emphasis>: The property <option>-conf</option> can be used to configure the Jadex system.
				Per default it will search the current directory for the file <filename>jadex.properties</filename>
				and if not found the classpath will be searched (in each adapter jar a configuration is contained).
			</para>
			<para>
				<emphasis>-platformname</emphasis>: The unique platform name. If more
				than one Jadex platform should run on the same machine it is useful to start
				them with different platform names (and with transports at different ports).
			</para>
			<para>
				<emphasis>-transport</emphasis>: The standard transport mechanism for remote
 				communication. As value the Java class name of a class that implements
				<interfacename>jadex.adapter.standalone.ITransport</interfacename>
				should be supplied. Optionally the port for this transport can also be
				supplied. To start the "niotcp" (TCP/IP) based
				transport layer at port 9876 use the setting:
				<option>-transport jadex.adapter.standalone.transport.niotcpmtp.NIOTCPTransport:9876</option>
				(Since the new I/O (NIO) is only provided in Java 1.4 or later, we also provide another
				Java 1.3 compatible transport, which can be selected as follows:
				<option>-transport jadex.adapter.standalone.transport.tcpmtp.TCPTransport:9876</option>)
			</para>
			<para>
				<emphasis>-notransport</emphasis>: Starts the platform without a remote transport mechanism.
			</para>
			<para>
				<emphasis>-nogui</emphasis>: Starts the platform without user interface and the corresponding Jadex
 				Control Center agent.
			</para>
			<para>
				<emphasis>-noamsagent</emphasis>: Starts the platform without creating an Agent
 				Management Service (AMS) agent. Note, this does only prevent remote agent access to the
				AMS as the AMS service is always available.
			</para>
			<para>
				<emphasis>-nodfagent</emphasis>: Starts the platform without creating a Directory
 				Facilitator (DF) agent. Note, this does only prevent remote agent access to the
				DF as the DF service itself is always available.
			</para>
			<para>
				<emphasis>-autoshutdown</emphasis>: Automatically shut down the platform when the last agent is killed.
			</para>
		</section>
		
		<section  id="adapters.standalone.starting_agents">
			<title>Starting Agents from the Command Line</title>
			<para>
				To start an agent from the command line, the name and properties of
				the agent are given after the platform start command. The syntax
				for each agent is given below. This way an arbitrary number of agents
				can be started when launching the platform.
			</para>
			<para>
				<command>
					name:model[(configuration[, arg1name=arg1, ..., argNname=argN])]
				</command>
			</para>
			<para>
				<emphasis>name</emphasis>: The name of the agent instance, which
				can be freely chosen, as long as no two agents would get the same name.
			</para>
			<para>
				<emphasis>model</emphasis>: The file name or logical name of the agent model
				(e.g. <filename>jadex.examples.helloworld.HelloWorld</filename> or
				<filename>jadex/examples/helloworld/HelloWorld.agent.xml</filename>).
			</para>
			<para>
				<emphasis>configuration</emphasis>: The name of the configuration
				to use as defined in the agent model. If the configuration is omitted,
				the default configuration of the agent is used.
			</para>
			<para>
				<emphasis>argNname=argN</emphasis>: Agent arguments can be supplied following
				the configuration. Each argument is given as a name-value pair separated
				by an equals sign. The value part can be an arbitrary Java expression
				that is parsed before being given to the agent (e.g. <computeroutput>new java.awt.Color(255,0,0)</computeroutput>).
			</para>
			<para>
				The following example starts the standalone platform and
				instantly starts a hello world agent using a custom argument.
				Note that the quotes for the string argument have to be escaped (using <computeroutput>\"</computeroutput>),
				because the agent specification as a whole is enclosed in quotes.
			</para>
			<para>
				java jadex.adapter.standalone.Platform "hello:jadex.examples.helloworld.HelloWorld(default, msg=\"Hi!\")"
			</para>
		</section>
	</section>

	<section id="adapters.jade">
		<title>The JADE Adapter</title>

		<para>
			The JADE adapter is not contained in the standard Jadex distribution and needs
			to be downloaded separately from the Jadex sourceforge download page.
			It contains the adapter jar (<filename>jadex_jadeadapter.jar</filename>)
 			that should be added  to the classpath. In addition (compatibility tested)
 			official JADE jars (<filename>Base64.jar</filename>, <filename>http.jar</filename>,
 			<filename>iiop.jar</filename>, <filename>jade.jar</filename>, <filename>jadeTools.jar</filename>)
 			and additionally Crimson (<filename>crimson.jar</filename>) are contained.
 			These jars are found automatically if they reside in the same directory as the <filename>jadex_jadeadapter.jar</filename>.
 			The same is true for the other required Jadex jars (see <xref linkend="introduction.installation"/>), i.e. you should copy
 			all jars (except <filename>jadex_standalone.jar</filename>) from the Jadex main distribution into the jadeadapter's lib directory.
		</para>

		<section>
			<title>Starting the JADE Adapter</title>
			<para>
				The JADE adapter contains a helper class, which can be used to start the
				JADE platform and open the Jadex Control Center.
				To start the platform, use the command:
				<para>
					<command>java jadex.adapter.jade.tools.Starter [JADE options] [JADE/Jadex agents]</command>
				</para>
			</para>

			<para>
				Alternatively you can also start the platform from jar via:
				<para>
					<command>
						java -jar jadex_jadeadapter.jar [JADE options] [JADE/Jadex agents]
					</command>
				</para>
			</para>

			<para>
				<emphasis>JADE options</emphasis>: For the JADE options, all flags and configuration
				options of JADE can be used. E.g. -container, -host, -port, etc.
			</para>

			<para>
				<emphasis>JADE/Jadex agents</emphasis>: Agents can be started from the command
				line using the normal JADE syntax "agentname:classname(arg1 arg2 ...)". If you
				want to start a Jadex agent from the command line, the classname needs to be
				<classname>jadex.adapter.jade.JadeAgentAdapter</classname>, the first argument
				to the agent must be the name of the agent model (the XML file) and
				the second argument is the name of the configuration to be used.
			</para>

			<para>
				The JCC is also a normal Jadex agent, which can be started in JADE as any other agent.
				Therefore, JADE and the JCC can also be started as follows:
				<para>
					<command>
						java jade.Boot [JADE options] jcc:jadex.adapter.jade.JadeAgentAdapter(jadex.tools.jcc.JCC default) [other JADE/Jadex agents]
					</command>
				</para>
				
				JADE does its own processing of argument values before handing
				them to Jadex. Therefore, one needs an extra layer of escaping
				characters, which would otherwise get mangled by JADE. The
				helloworld example described before therefore needs to be started
				like this (note the three backslashes before the quotes of the string argument):
				<para>
					<command>
						java jade.Boot jcc:jadex.adapter.jade.JadeAgentAdapter(jadex.examples.helloworld.HelloWorld default msg=\\\"Hi!\\\")
					</command>
				</para>
			</para>

			<para>
				The system property <option>-Dconf</option> can be used in all cases desribed above,
				to configure the Jadex system (e.g. java -Dconf=myjadex.properties [...]).
				Per default it will search the current directory for the <filename>jadex.properties</filename>
			 	and if not found the classpath will be searched (in each adapter jar a configuration is contained).
			</para>
		</section>
		
		<section id="adapters.jade.ontologies">
			<title>Using JADE Ontologies and Content Languages</title>
			<para>
				This section assumes that you know how to use ontologies and content languages
				in JADE. More information about this is provided in the document "Creating and using applications-specific ontologies"
				available in the JADE distribution or from the JADE homepage at <ulink url="http://jade.tilab.com/doc/index.html"/>.
				
				In summary, the JADE content management requires that the message content object must be
				instance of a <classname>jade.content.ContentElement</classname>.
				The concrete class of the object should belong to some ontology, which
				can be generated using the Beanynizer tool of Jadex (described in the tool guide)
				or the JADE ontology beangenerator available from the JADE homepage.
			</para>
			<para>
				Making JADE content management available to a Jadex agent is achieved by
				a small helper class, that implements a JADE specific Jadex content codec.
				An instance of this class <classname>JadeContentCodec</classname> (from package
				<computeroutput>jadex.adapter.jade</computeroutput>) has to be created 
				for each pair of language and ontology that you want to support.
				These instances are added to the properties section of an agent:
				<programlisting><![CDATA[<properties>
    <property name="contentcodec.fipa-management-sl0">
        new JadeContentCodec(new SLCodec(0), FIPAManagementOntology.getInstance())
    </property>
    <property name="contentcodec.jade-management-sl0">
        new JadeContentCodec(new SLCodec(0), JADEManagementOntology.getInstance())
    </property>
</properties>]]></programlisting>
			</para>
		</section>
		
		<section id="adapters.jade.migration">
			<title>
				Agent Migration and Persistence
			</title>
			
			<para>
				Among the nice features of JADE is the ability to migrate agents
				between hosts, and to persist the state of an agent such that it can
				later be restored. These features are based on Java's serialization mechanism.
				Jadex has been designed in order to support serialization of agents
				at runtime. Nevertheless, there are some issues, the application developer has to be aware of:
				
				<itemizedlist>
					<listitem>
						<para>
							Only mobile plans are supported for agents which need to be serialized for migration or persistence.
							Standard plans are backed by separate threads for each plan, and therefore cannot be serialized.
						</para>
					</listitem>
					<listitem>
						<para>
							All objects that are used from plans or stored as facts in the beliefbase or as parameters (e.g., in goals)
							also have to be serializable.
						</para>
					</listitem>
					<listitem>
						<para>
							Due to a bug in JADE, you cannot use basic Java types such as <classname>int</classname> or arrays
							(e.g. <classname>Object[]</classname> or <classname>String[]</classname>) as class of your beliefs or parameters.
							For details on the bug or to see if it has been fixed, have a look at
							its entry in the JADE bug database (<ulink url="http://avalon.cselt.it/mantis/bug_view_page.php?bug_id=0000107">bug 0000107</ulink>).
							A simple workaround is to use the wrapper types such as
							<classname>java.lang.Integer</classname> instead of the basic types, and <classname>Object</classname>
							instead of array types (or even better, use a belief set instead of an array).
						</para>
						<programlisting><![CDATA[<!-- This does not work. -->
<belief name="my_int_belief" class="int">
    <fact>42</fact>
</belief>
<belief name="my_stringarray_belief" class="String[]">
	<fact>new String[]{"value1", "value2"}</fact>
</belief>

<!-- This works. -->
<belief name="my_integer_belief" class="Integer">
    <fact>42</fact>
</belief>
<belief name="my_arrayobject_belief" class="Object">
	<fact>new String[]{"value1", "value2"}</fact>
</belief>
<beliefset name="my_string_beliefset" class="String">
	<fact>"value1"</fact>
	<fact>"value2"</fact>
</beliefset>]]></programlisting>
					</listitem>
				</itemizedlist>
			</para>
			
			<para>
				The Jadex distribution contains two larger examples which explicitly support
				migration: Cleanerworld and Puzzle. See packages
				<computeroutput>jadex.examples.cleanerworld.multi.cleanermobile</computeroutput> and
				<computeroutput>jadex.examples.puzzle.mobile</computeroutput>.
				For a simple example supporting migration see the ping example
				(package <computeroutput>jadex.examples.ping.mobile</computeroutput>).
			</para>
		</section>
		
		<section id="adapters.jade.behaviours">
			<title>
				Using JADE Behaviours
			</title>
			
			<para>
				If you have some legacy JADE code that you want to use in a Jadex agent, but you do not
				want to convert your JADE behaviours to Jadex plans, you can still use them in the old
				fashioned way. From a plan, you can get a reference to the <classname>jade.core.Agent</classname>
				which is executing the BDI reasoning engine. You may add your own additional JADE behaviours
				to this agent, which will then be executed concurrent to your BDI goals and plans.
				Note, that this programming style is meant for easy porting of legacy JADE applications.
				In general, you should avoid hybrid JADE/Jadex agents, because the 
				these mixed-style agents may easily become incomprehensible.
				Moreover, hybrid agents will not be portable to other middleware platforms.
			</para>
			<para>
				To add a behaviour to a Jadex agent just call the <methodname>addBehaviour()</methodname> method
				of the JADE agent, which is accessible
				using <methodname>getScope().getPlatformAgent()</methodname>, and casting the
				result to <classname>jade.core.Agent</classname>:
			</para>
			<programlisting><![CDATA[// Add a JADE behaviour to the agent from a plan.
jade.core.Agent agent = (jade.core.Agent)getScope().getPlatformAgent();
agent.addBehaviour(new MyJADEBehaviour());]]></programlisting>
			<para>
				Per default all incoming messages are handled by Jadex. To enable custom JADE
				behaviours to handle incoming messages, these have to be ignored by the Jadex system.
				You can specify a message template as an agent property in the ADF to identify those
				messages that should not be handled by Jadex:
			</para>
			<programlisting><![CDATA[<agent ...>
    ...
    <properties>
        <!-- Setup a filter for messages which are handled by JADE behaviours. -->
        <property name="jadefilter">
            MessageTemplate.MatchPerformative(ACLMessage.QUERY_REF)
        </property>
     </properties>
    ...
</agent>]]></programlisting>
		</section>
	</section>

</appendix>