<?xml version="1.0" encoding="UTF-8"?>
<!--<!DOCTYPE chapter PUBLIC "-//OASIS//DTD DocBook XML V4.1.2//EN"
"../docbook/dtd/docbookx.dtd" >-->
<appendix id="addons">
	<title>Add-Ons</title>
	
	<para>
	Several extensions are available for Jadex from the
	<ulink url="http://vsis-www.informatik.uni-hamburg.de/projects/jadex/addons.php">
	Jadex add-ons page</ulink>. These are shortly presented in the following.
	</para>

	<section>
		<title>Expression Compiler</title>
		In the normal version
		Jadex utilizes a Java expression interpreter. The expression compiler
		is based on <ulink url="http://www.janino.net/">Janino</ulink> and
		allows to compile Java expressions on demand at runtime. The expression
		compiler can be used to further improve the performance of agents
		significantly. In addition to the faster evaluation of expressions
		the Jadex expression compiler add-on also provides the possibility to
		define <emphasis>inline plan bodies</emphasis>. This means that a
		whole agent can be programmed in one XML file without any additional
		plan classes. The add-on includes also a precompiler tool that allows
		to generate precompiled expression files for ADFs that are stored on disk.
		Using the tool avoids the need for runtime compilations of expressions
		that would delay the first agent execution otherwise.
	</section>
	
	<section>
		<title>Webbridge</title>
		It can be used to seamlessly integrate Jadex agents with Java Server Pages
		(JSPs) and servlets. Using the Webbridge tool it is possible
		to design agent-based applications that can be used from
		a web interface. Web-requests are forwarded to the
		Jadex system and can be processed by the agents as normal message events.
		The result for a web-request will be returned to the web layer.
		If the result is a complete web page it will be displayed directly.
		On the other hand a result object can be postprocessed by some
		designated JSP for producing the final html page.
	</section>
	
	<section>
		<title>Planner</title>
		For certain problem domains
		reactive planning is not the best achievable soluation. Instead
		planning from first principles should be used. Jadex is available
		in an extended version with an integrated high-speed state-of-the-art
		planner.
	</section>
	
	<section>
		<title>Diet adapter (experimental)</title>
		Besides the JADE and Standalone adapter an experimental adapter
		for the <ulink url="http://diet-agents.sourceforge.net/">Diet platform</ulink>
		has been developed. It shows the applicability of Jadex even running
		on fundamentally different middleware platforms. The adapter is still
		experimental as it has not reached a level of maturity yet and also does
		not explore the full potential of the Diet platform. Nonetheless, we could
		achieve that all examples bundled with the normal Jadex release are
		executable under every adapter including Diet without changes.
	</section>

</appendix>