<?xml version="1.0" encoding="UTF-8"?>
<!--<!DOCTYPE chapter PUBLIC "-//OASIS//DTD DocBook XML V4.1.2//EN"
"../docbook/dtd/docbookx.dtd" >-->
<chapter id="adf">
	<title>Agent Specification</title>

	<para>
		The programmer's guide is a reference to the concepts and constructs available, when programming
		Jadex agents. It is not meant as a step-by-step introduction to the programming of Jadex
		agents. For a step-by-step introduction consider working through the tutorial <xref linkend="JadexTutorial"/>.
	</para>

	<section id="adf.overview">
		<title>Overview</title>

		<para>
			To develop applications with Jadex, the programmer has to create two types of files:
			XML agent definition files (ADF) and Java classes for the plan implementations. The
			ADF can be seen as a type specification for a class of instantiated agents. For example
			Buyer agents (from the booktrading example) are defined by the
			<filename>Buyer.agent.xml</filename> file, and use plans implemented, e.g. in the file <filename>PurchaseBookPlan.java</filename>.
			The user guide describes both aspects of agent programming, the XML based ADF declaration
			and the plan programming Java API, and highlights the interrelations between them.
			Detailed reference documentation for the XML definition as well as the
			plan programming API is also separately available in form of the generated XML schema
			documentation and the generated Javadocs.
			<xref linkend="adf.fig_agent"/> depicts how XML and Java files together define
			the functionality of an agent. To start an agent, first the ADF is loaded, and the
			agent is initialized with beliefs, goals, and plans as specified.
		</para>

		<figure id="adf.fig_agent">
			<title>
				Components of a Jadex agent
			</title>
			<screenshot>
				<mediaobject>
					<imageobject>
						<imagedata fileref="images/jadex_agent.png"/>
					</imageobject>
				</mediaobject>
			</screenshot>
		</figure>

	</section>

	<section id="adf.structure">
		<title>Structure of Agent Definition Files (ADFs)</title>

		<para>
			The head of an ADF looks like shown in
			<xref linkend="adf.head"/>.
			First, the agent tag specifies that the XML document follows the
			<filename>jadex-0.96.xsd</filename> schema
			definition which allows to verify that the document is not only well formed XML but
			also a valid ADF. The name of the agent type is specified in the name attribute of
			the agent tag, which should match the file name without suffix (<filename>.agent.xml</filename>).
			It is also used as default name for new agent instances, when the ADF is loaded in the starter panel of the Jadex Control Center
			(see <xref linkend="JadexToolGuide"/>). The package declaration specifies where the agent first searches
			for required classes (e.g., for plans or beliefs) and should correspond to the directory, the XML file is located in.
			Additionally required packages can be specified using the
			<computeroutput><![CDATA[ <imports> ]]></computeroutput> tag
			(see <xref linkend="imports"/>). The Jadex engine requires some properties for initialization, which are by
			default taken from the file <filename>jadex/config/runtime.properties.xml</filename>.
			Normally, this is not of interest for agent developers, as it is only concerned with system internals,
			but developers who whish to change the behavior of the Jadex engine can use the properties attribute to provide their own
			property XML file with customized settings (see
			<xref linkend="properties"/> for a detailed description).
		</para>

		<figure id="adf.head">
			<title>Header of an agent definition file</title>
			<programlisting><![CDATA[<agent xmlns="http://jadex.sourceforge.net/jadex"
       xmlns:xsi="http://www.w3.org/2001/XMLSchema-instance"
       xsi:schemaLocation="http://jadex.sourceforge.net/jadex
                           http://jadex.sourceforge.net/jadex-0.96.xsd"
       name="Buyer"
       package="jadex.examples.booktrading.buyer">
       ...
</agent>]]></programlisting>
		</figure>

		<para>
			<xref linkend="adf.fig_agent_xmlschema"/> shows which elements can be specified inside
			an agent definition file (please refer also to the commented schema documentation generated
			from the schema itself in
			<filename>docs/schemadoc</filename>). The
			<computeroutput><![CDATA[ <imports> ]]></computeroutput> tag is used to
			specify, which classes and packages can be used by expressions
			throughout the ADF. To modularize agent functionality, agents can be decomposed into so called capabilities.
			The capability specifications used by an agent are referenced in the
			<computeroutput><![CDATA[ <capabilities> ]]></computeroutput> tag. The
			core part of the agent specification regards the definition of the beliefs, goals, and plans
			of the agent, which are placed in the
			<computeroutput><![CDATA[<beliefs>]]></computeroutput>,
			<computeroutput><![CDATA[<goals>]]></computeroutput>, and
			<computeroutput><![CDATA[<plans>]]></computeroutput> tag, respectively.
			The events known by the agent are defined in the
			<computeroutput><![CDATA[ <events> ]]></computeroutput> section.
			The <computeroutput><![CDATA[ <expressions> ]]></computeroutput> tag allows to specify
 			expressions and conditions, which can be used as predefined queries from plans.
 			The <computeroutput><![CDATA[ <properties> ]]></computeroutput>
			tag is used for custom settings such as debugging and logging options.
			Finally, in the <![CDATA[ <configurations> ]]> section, predefined configurations
			containing, e.g.,  initial beliefs, goals, and plans, as well as
			end goals and plans are specified.
		</para>

		<figure id="adf.fig_agent_xmlschema">
			<title>
				Jadex agent XML schema
			</title>
			<screenshot>
				<mediaobject>
					<imageobject>
						<imagedata fileref="images/jadex_agent_adf.png"/>
					</imageobject>
				</mediaobject>
			</screenshot>
		</figure>
		
		<para>
			It should be noted that, unless otherwise stated, the order of occurrence
			of the elements is prescribed by the underlying XML Schema. Therefore,
			you cannot, e.g., declare plans before beliefs. Throughout this user guide
			figure like <xref linkend="adf.fig_agent_xmlschema"/> will always
			denote the correct order of element appearence (from top to bottom).
			Of course, it is possible to omit those elements, which are not required
			for your agent.
		</para>

		<para>
			When an ADF is loaded, Java objects are created for the XML elements (e.g., beliefs,
			goals, plans) defined in the ADF. The interfaces for these so called model elements
			reside in the package
			<computeroutput>jadex.model</computeroutput>. Examples are
			<classname>IMBelief</classname>,
			<classname>IMGoal</classname>,
			<classname>IMPlan</classname>. In most cases, you do not need to access these
			elements. When the agent is executed, instances of the model elements are created;
			so called runtime elements (package
			<computeroutput>jadex.runtime</computeroutput>, e.g.,
			<classname>IBelief</classname>,
			<classname>IGoal</classname>,
			<classname>IPlan</classname>).
			This ensures that for modelled elements (e.g.,
			<classname>IMPlan</classname> objects) at
			runtime several instances (<classname>IPlan</classname> objects) can be created. For example, the buyer agent will
			instantiate new purchase book plans (<classname>IPlan</classname>) for each book to be bought, based on the
			plan specification in the ADF (<classname>IMPlan</classname>). Think of the relation between model elements
			and runtime elements as corresponding to the relation between
			<classname>java.lang.Class</classname> and
			<classname>java.lang.Object</classname>. When programming plans, you are mostly concerned with the runtime
			elements, unless the agent model should be changed dynamically at runtime. In this case you can
			fetch model elements by calling
			<methodname>getModelElement()</methodname> on a runtime element.
		</para>

	</section>

</chapter>