<?xml version="1.0" encoding="UTF-8"?>
<!--<!DOCTYPE chapter PUBLIC "-//OASIS//DTD DocBook XML V4.1.2//EN"
"../docbook/dtd/docbookx.dtd" >-->
<chapter id="beliefs">
	<title>Beliefs</title>

	<para>
	Beliefs represent the agent's knowledge about its enviroment and itself.
	In Jadex the beliefs can be any Java objects. They are stored in a belief
	base and can be referenced in expressions, as well as accessed and modified from plans
	using the beliefbase interface.
	</para>

	<section>
		<title>Defining Beliefs in the ADF</title>
		<para>
			The beliefbase is the container for the facts known by the agent.
			Beliefs are usually defined in the ADF and accessed and modified from plans. To define a
			single valued belief or a multi-valued belief set in the ADF the developer has
			to use the corresponding<computeroutput><![CDATA[ <belief> ]]></computeroutput>
			or<computeroutput><![CDATA[ <beliefset> ]]></computeroutput> tags (<xref linkend="beliefs.schema"/>)
			and has to provide a name and a class. The name is used to refer to the fact(s)
			contained in the belief. The class specifies the (super) class of the fact objects
			that can be stored in the belief. The default fact(s) of a belief may be supplied
			in enclosed <computeroutput><![CDATA[ <fact> ]]></computeroutput> tags.
			Alternatively, for belief sets a collection	of initial facts can be directly
			specified using a <computeroutput><![CDATA[ <facts> ]]></computeroutput> tag.
			This is useful, when you do not know the number of initial facts in advanvce, e.g.,
			when invoking a static method or retrieving values from a database
			(see <xref linkend="beliefs.example"/>). References to beliefs and belief sets
			from inner capabilities can be defined using the <computeroutput><![CDATA[ <beliefref> ]]>
			</computeroutput> and <computeroutput><![CDATA[ <beliefsetref> ]]></computeroutput> tags (cf.
			<xref linkend="capabilities.elements"/>).
		</para>

		<figure id="beliefs.schema">
			<title>The Jadex beliefs XML schema part</title>
			<mediaobject>
				<imageobject>
					<imagedata fileref="images/jadex_beliefs_adf.png"/>
				</imageobject>
			</mediaobject>
		</figure>

		<figure id="beliefs.example">
			<title>Example belief definition</title>
			<programlisting><![CDATA[<agent ...>
    ...
    <beliefs>
        <belief name="my_location" class="Location">
            <fact>new Location("Hamburg")</fact>
        </belief>
        <beliefset name="my_friends" class="String">
            <fact>"Alex"</fact>
            <fact>"Blandi"</fact>
            <fact>"Charlie"</fact>
        </beliefset>
        <beliefset name="my_opponents" class="String">
            <facts>Database.getOpponents()</facts>
        </beliefset>
        ...
    </beliefs>
    ...
</agent>]]></programlisting>
		</figure>
	</section>

	<section>
		<title>Accessing Beliefs from within Plans</title>
		<para>
			From within a plan, the programmer has access to the beliefbase (class
			<classname>IBeliefbase</classname>) using the <methodname>getBeliefbase()</methodname> method.
			The beliefbase provides <methodname>getBelief()</methodname> / <methodname>getBeliefSet()</methodname>
			methods to get the current beliefs and belief sets by name, as well as methods
			to create new beliefs and belief sets or remove old ones. The content of a belief
			(class <classname>IBelief</classname>) can be accessed by the <methodname>getFact()</methodname> method.
			A belief set (class <classname>IBeliefSet</classname>) is accessed through the
			<methodname>getFacts()</methodname> method and will return an appropriately typed array of facts.
			To check if a fact is contained in a belief set the <methodname>containsFact()</methodname>
			method can be used.
		</para>

		<para>
			The contents of a single fact belief are modified using the
			<methodname>setFact()</methodname> method.
			Setting a fact on a belief will result in overwriting the previous value, if any.
			For deleting the fact of a single fact belief, you can set the belief value to
			<literal>null</literal>. Belief sets are manipulated using the
			<methodname>addFact(fact)</methodname> / <methodname>removeFact(fact)</methodname> methods.
			When removing facts that do not exist from the belief set, the belief set remains
			unchanged and a warning message will be produced. For the remove operation,
			the beliefbase relies on the implementation of the <methodname>equals()</methodname>
			method of the fact objects. Additionally, <methodname>updateFact(fact)</methodname> can
			be used to replace an existing fact value.
<!--			Note that the facts of belief sets are
			stored in the order they are inserted. It is not possible to influence the order
			of facts other than to put a fact to the end of the belief set by calling
			<methodname>removeFact()</methodname> followed by <methodname>addFact()</methodname>. -->
		</para>
<!--
		<para>
        	New beliefs and belief sets can also be created from inside plans by using the
			<methodname>createBelief()</methodname> and
			<methodname>createBeliefSet()</methodname> methods.
        	A belief or belief set can be completely removed at any time with the
			<methodname>deleteBelief()</methodname> and
			<methodname>deleteBeliefSet()</methodname> method.
		</para>
-->
		<figure>
			<title>A simple example of using a boolean belief</title>
			<programlisting>public void body {
    ...
    IBelief hungry = getBeliefbase().getBelief("hungry");
    hungry.setFact(new Boolean(true));
    ...
    Food[] food = (Food[])getBeliefbase().getBeliefSet("food").getFacts();
    ...
}</programlisting>
		</figure>
	</section>

	<section id="beliefs.dynamic">
		<title>Dynamically Evaluated Beliefs</title>

		<para>
			In the ADF the initial facts of beliefs are specified using expressions.
			Normally, the fact expressions are evaluated only once: When the agent is born.
			The evaluation behavior of the fact expression can be adjusted using the
			<computeroutput>evaluationmode</computeroutput>
    		attribute as further described in
			<xref linkend="expressions.properties"/>. Additionally, an
			<computeroutput>updaterate</computeroutput> may be specified
			as attribute of the belief that will cause the fact to be continuously evaluated
			and updated in the given time interval (in milliseconds).
		</para>

		<para>
			In the example, the first belief
			<literal>"time"</literal> is evaluated on access,
			and will therefore always contain the exact current time as returned by the Java function
			<methodname>System.currentTimeMillis()</methodname>. The second belief
			<literal>"timer"</literal>
			is not only evaluated on access (i.e., when accessed), but also every 10 seconds (10000 milliseconds).
			The advantage of using an updaterate for continuously evaluating a belief is
			that the fact value changes even when it is not accessed, and therefore may trigger
			conditions referring to that belief. For example, using the
			<literal>"timer"</literal>
			belief you could define a condition to invoke a plan that has to be executed
			in continuous intervals.
			Both options also provide an easy and effective way for making an agent aware
			of external input (e.g., sensory data available through a Java API).
		</para>

		<figure>
			<title>Examples of dynamically evaluated beliefs</title>
			<programlisting><![CDATA[<beliefs>
    <!-- A belief holding the current time (re-evaluated on every access). -->
    <belief name="time" class="long">
        <fact evaluationmode="dynamic"> 
            System.currentTimeMillis() 
        </fact>
    </belief>

    <!-- A belief continuously updated every 10 seconds. -->
    <belief name="timer" class="long" updaterate="10000">
        <fact> System.currentTimeMillis() </fact>
    </belief>
</beliefs>]]></programlisting>
		</figure>
	</section>

	<section>
		<title>Propagation of Belief Changes</title>

		<para>
			To monitor conditions (cf.
			<xref linkend="conditions"/>), an agent observes
			the beliefs and automatically reacts to changes of these beliefs, as necessary.
			Jadex is aware of manipulation operations that are executed directly on beliefs,
			e.g., by setting the fact of a belief, and of changes due to belief dependencies
			(i.e., a dynamically evaluated fact expression referencing another belief).
		</para>
		<para>
			On the other hand, when you retrieve a complex fact object from a belief or belief set and perform
			operations on it subsequently, the system cannot detect the changes made.
			To enable the system detecting these changes the standard Java beans event
			notification mechanism can be used. This means that the bean has to implement the
			<methodname>add/removePropertyChangeListener()</methodname> methods and
			has to fire property change events, whenever an important change has occurred.
			The belief will automatically add and remove itself as a property change listener on
			its facts. An example how to implement this functionality inside a Java bean
			is shown below.
			
			<programlisting><![CDATA[import java.beans.PropertyChangeSupport;
import java.beans.PropertyChangeListener;

public class Location {
    private int x, y;
    private PropertyChangeSupport pcs;

    public Location(int x, int y) {
        this.x = x;
        this.y = y;
        this.pcs = new PropertyChangeSupport(this);
    }

    public int getX() {
        return this.x;
    }
    public void setX(int x) {
        int old = this.x;
        this.x = x;
        this.pcs.firePropertyChange("X", old, this.x);
    }

    public int getY() {
        return this.y;
    }
    public void setY(int y) {
        int old = this.y;
        this.y = y;
        this.pcs.firePropertyChange("Y", old, this.y);
    }

    public void addPropertyChangeListener(PropertyChangeListener listener) {
        pcs.addPropertyChangeListener(listener);
    }
    public void removePropertyChangeListener(PropertyChangeListener listener) {
        pcs.removePropertyChangeListener(listener);
    }
}]]></programlisting>

		</para>
	</section>

</chapter>
