<?xml version="1.0" encoding="UTF-8"?>
<!--<!DOCTYPE chapter PUBLIC "-//OASIS//DTD DocBook XML V4.1.2//EN"
"../docbook/dtd/docbookx.dtd" >-->
<chapter id="capabilities">
<title>Capabilities</title>

	<para>
		The term <quote>capability</quote> is used for different purposes in the agent community.
		In the context of Jadex, the term is used to denote an encapsulated agent module
		composed of beliefs, goals, and plans. The concept of an agent module (and the
		usage of the term <quote>capability</quote>) was proposed by Busetta et al. <xref linkend="Busetta+99Structuring"/> and
		first implemented in JACK Agents <xref linkend="Winikoff05JACK"/>. Capabilities allow for packaging a subset
		of beliefs, plans, and goals into an agent module and to reuse this module wherever needed.
		Capabilities can contain subcapabilities forming arbitrary hierarchies of modules.
		In Jadex, a revised and extended capability model has been implemented as described in <xref linkend="Braubach+05Extending"/>.
		In this model, the connection between a parent (outer) and a child (inner) capability is established
		by a uniform visibility mechanism for contained elements (see <xref linkend="capabilities.concept_fig"/>).
	</para>

	<figure id="capabilities.concept_fig">
		<title>Capability concept</title>
		<mediaobject>
			<!-- Not supported by Apache FOP :-( -->
			<!--<imageobject>
				<imagedata fileref="images/capability.eps" format="EPS"/>
			</imageobject>-->
			<imageobject>
				<imagedata fileref="images/capability.png" format="PNG"/>
			</imageobject>
		</mediaobject>
	</figure>

	<section>
		<title>Capability Definition</title>
		
		<para>
			A capability is basically the same as an agent, but without its own
			reasoning process. On the other hand, an agent can be seen as a collection (i.e. subcapability hierarchy)
			of capabilities plus a separate reasoning process shared by all its capabilities.
			Each agent has at least one capability (sometimes called <quote>root capability</quote>)
			which is given by the beliefs, goals, plans, etc. contained in the agent's XML file.
			To create additional capabilities for reuse in different agents, the developer has to write
			capability definition files. A capability definition file is similar to an agent definition file,
			but with the
			<computeroutput><![CDATA[ <agent> ]]></computeroutput> tag replaced by
			<computeroutput><![CDATA[ <capability>]]></computeroutput>. The <computeroutput><![CDATA[ <capability>]]></computeroutput> tag has
			the same substructure as the <computeroutput><![CDATA[ <agent> ]]></computeroutput> tag described in <xref linkend="adf.structure"/>.
			Note that the
			<computeroutput><![CDATA[ <capability> ]]></computeroutput> tag has <computeroutput>name</computeroutput> and
			<computeroutput>package</computeroutput> attributes, but no <computeroutput>propertyfile</computeroutput> attribute.
			As there are so many similarities between agent definition files and capability definition files,
			we commonly use the term <quote>ADF</quote> to denote both.
		</para>
		
		<figure id="capabilities.head">
			<title>Capability XML file header</title>
            <programlisting><![CDATA[<agent xmlns="http://jadex.sourceforge.net/jadex"
       xmlns:xsi="http://www.w3.org/2001/XMLSchema-instance"
       xsi:schemaLocation="http://jadex.sourceforge.net/jadex
                           http://jadex.sourceforge.net/jadex-0.96.xsd"
       name="MyCapability"
       package="mypackage">
    
       <beliefs> ... </beliefs>
       <goals> ... </goals>
       <plans> ... </plans>
       ...
</capability>]]></programlisting>
		</figure>					
	</section>

	<section>
		<title>Using Capabilities</title>
		
		<para>
			Agents and capabilities may be composed of any number of subcapabilities which are
			referenced in a <computeroutput><![CDATA[ <capabilities> ]]></computeroutput> tag.
			To reference a capability, a local <computeroutput>name</computeroutput> and the
			location of the capability definition has to be supplied in the <computeroutput>file</computeroutput> attribute
			as absolute or relative	file name or capability type name. Type names are
			resolved using the package and import declarations, and can therefore be unqualified or fully qualified.
			Capabilities from the <computeroutput>jadex.planlib</computeroutput> package, such as the DF capability, which have platform-specific implementations,
			must always be referenced using a fully qualified type name.
		</para>				
		
		<figure id="capabilities.subcapabilities">
			<title>Including subcapabilities</title>
			<programlisting><![CDATA[<agent ...>
    <capabilities>
        <!-- Referencing a capability using a filename. -->
        <capability name="mysubcap" file="mypackage/MyCapability.capability.xml"/>
        
        <!-- Referencing a capability using a fully qualified type name. -->
        <capability name="dfcap" file="jadex.planlib.DF"/>
        ...
    </capabilities>
    ...
</agent>]]></programlisting>
    	</figure>
	</section>
	
	
	<section id="capabilities.elements">
		<title>Elements of a Capability</title>
		
		<para>
			The capability introduces a scoping of the BDI concepts. By default all
			beliefs, goals, and plans have local scope (i.e., are not <computeroutput>exported</computeroutput>), that is they
			can only be used in the capability where they have been defined. This
			restriction can be relaxed by declaring elements as exported or abstract for
			making them accessible from the outer capability (cf. <xref linkend="capabilities.concept_fig"/>).
			In the outer capability such elements can be used when an explicit reference
			(with its own possibly different name) to those elements is established.
			In <xref linkend="capabilities.references_example_fig"/> this reference mechanism,
			which applies to all elements in the same manner, is exemplarily depicted for beliefs.
			In the following the possible use cases are described.
		</para>
		
		<figure id="capabilities.references_example_fig">
			<title>
				The Jadex references XML schema elements (using beliefs as example)
			</title>
			<titleabbrev>Jadex references XML schema elements</titleabbrev>			
			<mediaobject>
				<imageobject>
					<imagedata fileref="images/jadex_references_adf.png" format="PNG"/>
				</imageobject>
			</mediaobject>
		</figure>

		<section>
			<title>Making an Element Accessible for the Outer Capability</title>
			<para>
				For this purpose the element must declare itself as exported
				(using the <computeroutput>exported="true"</computeroutput> attribute) 
				in the inner capability. In the outer capability, a reference
				(e.g., <computeroutput><![CDATA[ <beliefref>]]></computeroutput>)
				has to be declared, which directly references the original element
				(using dot notation <literal>"capname.belname"</literal>) within
				the concrete tag. An example for an exported belief is shown below.
			</para>
			<formalpara>
				<title>Inner Capability <classname>A</classname></title>
				<informalexample>
					<programlisting><![CDATA[<belief name="myexportedbelief" exported="true" class="MyFact"/>]]></programlisting>
				</informalexample>
			</formalpara>
			<formalpara>
				<title>Outer Capability <classname>B</classname> includes <classname>A</classname> under the name <computeroutput>mysubcap</computeroutput></title>
				<informalexample>
					<programlisting><![CDATA[<beliefref name="mysubbelief">
    <concrete ref="mysubcap.myexportedbelief"/>
</beliefref>]]></programlisting>
				</informalexample>
			</formalpara>
		</section>

		<section>
			<title>Defining an Abstract Element</title>
			<para>
				This means the element itself provides no implementation and needs
				to be assigned from an outer capability. For this purpose an abstract
				element reference (e.g., <computeroutput><![CDATA[ <beliefref>]]></computeroutput>)
				has to be declared. An outer capability can provide an implementation
				for this abstract element by defining a concrete element (or another reference)
				and assigning it to the abstract reference (using the <computeroutput><![CDATA[ <assignto> ]]></computeroutput> tag).
				In addition, the abstract element can be declared as optional
				(using the <computeroutput>optional="true"</computeroutput> attribute of the abstract tag)
				requiring no outer element assignment. At runtime, such unassigned
				abstract elements are not accessible, and trying to use them will result
				in runtime exceptions. For some of the elements (e.g., beliefs)
				it can be tested at runtime with the <methodname>isAccessible()</methodname>
				method from within plans, if a reference is connected. 
			</para>
			<formalpara>
				<title>Inner Capability <classname>A</classname></title>
				<informalexample>
					<programlisting><![CDATA[<beliefref name="myabstractbelief" exported="true" class="MyFact">
    <abstract/>
</beliefref>]]></programlisting>
				</informalexample>
			</formalpara>
			<formalpara>
				<title>Outer Capability <classname>B</classname> includes <classname>A</classname> under the name <computeroutput>mysubcap</computeroutput></title>
				<informalexample>
					<programlisting><![CDATA[<belief name="mybelief" class="MyFact">
    <assignto ref="mysubcap.myabstractbelief"/>
</belief>]]></programlisting>
				</informalexample>
			</formalpara>
		</section>
		
	</section>
	
	
	<section id="capabilities.weakexported">
		<title>Weak vs. Strong Export</title>
		
		<para>
			By default, elements of an outer capability behave the same,
			regardless if they are references to concrete inner elements
			or concrete elements assigned to abstract inner elements.
			Sometimes one wants to distinguish between e.g. goals, created
			inside a capability and goals created from the outside.
			When using concrete elements in the inner capability (and therefore
			references in the outer capability) you can choose between
			strong export (<computeroutput>exported="true"</computeroutput>)
			and weak export (<computeroutput>exported="shielded"</computeroutput>).
			When a weakly exported element is instantiated inside a capability
			references in the outer capability will <emphasis>not</emphasis> be
			created. The strong export, on the other hand, will always instantiate
			the complete reference structure of an element. For most use cases,
			the strong export will be appropriate.
		</para>
		
	</section>

</chapter>