<?xml version="1.0" encoding="UTF-8"?>
<!--<!DOCTYPE chapter PUBLIC "-//OASIS//DTD DocBook XML V4.1.2//EN"
"../docbook/dtd/docbookx.dtd" >-->
<appendix id="changes">
	<title>Changes and Compatibility Issues</title>

	<para>
		Jadex is a rapidly evolving project. If you have used a previous version of Jadex, you
		should read this section carefully, to learn what has changed since then. This section
		shortly introduces important features that have been added and changes that have been
		made to the API, which may cause incompatibilities to applications you may have
		developed with an older Jadex version.
		For a detailed description of the many single changes and numerous bug fixes, have
		a look at the changes document (
		<filename>changes.txt</filename>), where you will find a history of all
		important changes that have been made since the initial release.
	</para>

	<section>
		<title>New Features in 0.94</title>

		<formalpara>
			<title>JADE separation</title>
			Jadex has been cleanly separated from JADE. From this version Jadex
			is realized as reasoning engine that can be easily combined with different
			underlying agent platforms or even other kinds of middleware. Of course,
			it is still possible to run Jadex over JADE. The corresponding JADE
			adapter can be downloaded from the website.
		</formalpara>
		<formalpara>
			<title>Jadex standalone adapter</title>
			The new default middleware layer for Jadex is the new Jadex Standalone
			platform that represents the most efficient environment for running
			Jadex agents. The Standalone adapter supports most of the Jadex tools
			that were already available (except the logger) and additionally offers
			a new way for administering agents via the new <emphasis>Jadex Control Center
			</emphasis>tool.
		</formalpara>
		<formalpara>
			<title>Initial states</title>
			Agents and capabilities can be configured with so called initial states.
			An initial state comprises all information about instances of elements
			that should be created at startup such as initial plans or goals.
		</formalpara>
		<formalpara>
			<title>Faster model loading times</title>
			The underlying XML-databinding framework for loading XML files
			to Java objects has been changed. Since this version Jadex uses
			<ulink url="http://jibx.sourceforge.net/">JiBX</ulink>
			as primary databinding framework which is one of the fastest tools
			available.
		</formalpara>
		<formalpara>
			<title>Improved performance and scalability</title>
			Jadex has been greatly improved with respect to performance and
			memory usage. The new version running on the Standalone adapter
			is up to 100% (depending heavily on the concrete application)
 			faster than the old version.
		</formalpara>
		<formalpara>
			<title>Finer-grained triggers and waitForXXX() methods</title>
			In the new version Jadex supports more diverse trigger types and
			many specialized waitForXXX() methods in plans. Most notably it is
			now possible to wait directly for belief and belief set changes
 			(cf. e.g. <methodname>waitForBeliefChange()</methodname>,
			<methodname>waitForFactAdded()</methodname>, &lt;beliefchange ref="belname"/&gt;, etc.).
		</formalpara>
		<formalpara>
			<title>Unification of binding options with parameters</title>
			A simpler way for handling plans and goals with binding options is
			provided. Plans and goals only have parameters. If a plan or goal should be
			customized via binding options you can now delcare a parameter to
			fetch its value via binding options.
		</formalpara>
		<formalpara>
			<title>Improved examples</title>
			The BlackJack example now offers a human player interface. You can
			play with a mixture of human players and agents at one dealer. Of
			course the players can be distributed accross the network.
		</formalpara>
		<formalpara>
			<title>Re-established support for mobile agents</title>
			The support for serialization of Jadex agents at runtime has been
			re-established. Using the JADE adapter and the JADE migration service
			it is possible the migrate Jadex agents as well (using mobile plans).
		</formalpara>

		<note>
		<formalpara>
			<title>Jadex Add-ons</title>
			Several new tools and extensions are available for Jadex from the
			<ulink url="http://vsis-www.informatik.uni-hamburg.de/projects/jadex/addons.php">
			Jadex add-ons page</ulink>. These include:
			<itemizedlist>
				<listitem>
					<formalpara>
						<title>Expression Compiler:</title>In the normal version
						Jadex utilizes a Java expression interpreter. The expression compiler
						is based on <ulink url="http://www.janino.net/">Janino</ulink> and
						allows to compile Java expressions on demand at runtime. The expression
						compiler can be used to further improve the performance of agents
						significantly. In addition to the faster evaluation of expressions
						the Jadex expression compiler add-on also provides the possibility to
						define <emphasis>inline plan bodies</emphasis>. This means that a
 						whole agent can be programmed in one XML file without any additional
 						plan classes. The add-on includes also a precompiler tool that allows
						to generate precompiled expression files for ADFs that are stored on disk.
						Using the tool avoids the need for runtime compilations of expressions
						that would delay the first agent execution otherwise.
					</formalpara>
				</listitem>
				<listitem>
					<formalpara>
						<title>Webbridge tool:</title>
 						It can be used to seamlessly integrate Jadex agents with Java Server Pages
						(JSPs) and servlets. Using the Webbridge tool it is possible
						to design agent-based applications that can be used from
						a web interface. Web-requests are forwarded to the
 						Jadex system and can be processed by the agents as normal message events.
						The result for a web-request will be returned to the web layer.
 						If the result is a complete web page it will be displayed directly.
						On the other hand a result object can be postprocessed by some
						designated JSP for producing the final html page.
					</formalpara>
				</listitem>
				<listitem>
					<formalpara>
						<title>Planner:</title>For certain problem domains
						reactive planning is not the best achievable soluation. Instead
						planning from first principles should be used. Jadex is available
						in an extended version with an integrated high-speed state-of-the-art
						planner.
					</formalpara>
				</listitem>
				<listitem>
					<formalpara>
						<title>Diet adapter (experimental):</title>
 						Besides the JADE and Standalone adapter an experimental adapter
 						for the <ulink url="http://diet-agents.sourceforge.net/">Diet platform</ulink>
						has been developed. It shows the applicability of Jadex even running
						on fundamentally different middleware platforms. The adapter is still
						experimental as it has not reached a level of maturity yet and also does
						not explore the full potential of the Diet platform. Nonetheless, we could
						achieve that all examples bundled with the normal Jadex release are
						executable under every adapter including Diet without changes.
					</formalpara>
				</listitem>
			</itemizedlist>
		</formalpara>
		</note>
	</section>

	<section>
		<title>Incompatibilities to Release 0.932</title>

		<para>
			Jadex is still in beta stage and to facilitate effective further development
			backwards compatibility is currently not explicitly addressed. As the concepts
			and the API undergoes continuous changes, applications developed with older
			versions of Jadex may not directly work with the current release.
			We hope that design issues will settle down until the release of version 1.0,
			at least for the common features.
		</para>

		<para>
			Until then, this section tries to highlight the issues which might cause
			problems with your old code. Use this section as a hint how to adapt your
			Jadex applications to the new release.
		</para>


		<section>
			<title>Changes in the ADF Definition</title>

			<formalpara>
				<title>ADF XML header</title>
				Due to the changed XML binding framework the headers of the XML
				agent and capability files have to be adapted with correct schema specifications
				(see <xref linkend="changes.adf.head"/>).
		<figure id="changes.adf.head">
			<title>Header of an agent definition file</title>
			<programlisting><![CDATA[<agent xmlns="http://jadex.sourceforge.net/jadex"
       xmlns:xsi="http://www.w3.org/2001/XMLSchema-instance"
       xsi:schemaLocation="http://jadex.sourceforge.net/jadex
                           http://jadex.sourceforge.net/jadex-0.94.xsd"
       name=".."
       package="..">]]></programlisting>
		</figure>
			</formalpara>

			<formalpara>
				<title>Capabilities from planlib</title>
				The capabilities from the Jadex plan library are available
				for the different platform adapters in different implementations.
				All of these implementations follow the specifications of the
				abstract capabilities contained directly in the
				<classname>jadex.planlib</classname> package.
				Nevertheless, from an application view all these implementations
				provide the same functionality through the same set of beliefs, goals,
				and plans. To build applications independently of the underlying
				adapter the planlib capabilities should be declared with their
				full name, such as <classname>jadex.planlib.DF</classname>. The
				system will resolve these names by using the properties from the
				Jadex configuration to the concrete implementation names such as
				<classname>jadex.adapter.standalone.planlib.DF_standalone</classname>.
			</formalpara>

			<formalpara>
				<title>Initial State</title>
				Instead of specifying plans as "initial",
				and initial goals directly in the goalbase, the initial state of
				the agent is now specified in a separate initial states section.
			</formalpara>

			<formalpara>
 				<title>Agent/Service Descriptions</title>
				These have been removed as explicit tags. For creating agent or
				service descriptions the <methodname>createServiceDescription(...)</methodname>
				<methodname>createAgentDescription(...)</methodname> methods in class
				<classname>jadex.adaper.fipa.SFipa</classname> can be used.
				<!--IF you are using Jadex without JADE you don't need to define those agent and service
 				descriptions in the agent resp. capability scope. Using the JADE adapter you
				can define properties starting with jade.agentdescription.xxx and jade.servicedescription.yyy
				for that purpose.-->
			</formalpara>

			<formalpara>
				<title>Languages/Ontologies</title>
				These have also been removed as explicit tags. IF you are using Jadex without JADE
				you don't need to define those languages and ontologies in the agent resp.
				capability scope. Using the JADE adapter you
				can define properties starting with jade.language.xxx and jade.ontology.yyy
				for that purpose. The JADE agent adapter registers automatically all languages
				and ontologies that are declared in this way. This allows to en- and decode messages
				using the standard JADE codecs.
				<programlisting><![CDATA[<!-- Example language/ontology properties. -->
<properties>
    <property name="jade.language.sl0">new SLCodec(0)</property>
    <property name="jade.ontology.cleaner">CleanerOntology.getInstance()</property>
</properties>]]></programlisting>
			</formalpara>

			<formalpara>
				<title>Outgoing Messages</title>
				From now on, only messages defined in the ADF can be sent and received. Message
				declarations in the ADF require the <tag>type</tag> attribute being set to "fipa".
				This equips "fipa" messages automatically with all required FIPA parameters such
				as "sender", "receivers", "conversation-id" and the like. In addition to the type
				a <tag>direction</tag> attribute can be used to distinguish explicitly betweeen
				messages that can be sent ("send"), received ("receive") and both ("send_receive").
			</formalpara>

		</section>

		<section>
			<title>API Changes</title>

			<variablelist>
				<varlistentry>
					<term>
						<methodname>createAID()</methodname>
					</term>
					<listitem>
						This method has been moved to the new
						<classname>jadex.runtime.adapter.jade.SJade</classname> class.
					</listitem>
				</varlistentry>

				<varlistentry>
					<term>
						<classname>JadeWrapperAgent</classname>
					</term>
					<listitem>
						This class has been renamed and moved to
						<classname>jadex.runtime.adapter.jade.JadeAgentAdapter</classname>.
					</listitem>
				</varlistentry>

				<varlistentry>
					<term>
						<methodname>getJadeAgent()</methodname>
					</term>
					<listitem>
						This method has been renamed to
						<methodname>getPlatformAgent()</methodname>.
					</listitem>
				</varlistentry>

				<varlistentry>
					<term>
						<methodname>getGUIWrapper()</methodname>
					</term>
					<listitem>
						This method has been renamed to
						<methodname>getExternalAccess()</methodname>
						and returns an extended interface (see <xref linkend="externalinteractions"/>).
					</listitem>
				</varlistentry>

				<varlistentry>
					<term>
						<classname>MessageEventFilter</classname>
					</term>
					<listitem>
						<classname>MessageEventFilter</classname> (formerly
						<classname>MessageFilter</classname>)
						has been refactored to allow matching for instances and model
						elements or message events (as opposed to ACL messages).
					</listitem>
				</varlistentry>

				<varlistentry>
					<term>
						<computeroutput>util.jade</computeroutput>
					</term>
					<listitem>
						Contents of this package have been moved to
						<computeroutput>jadex.runtime.adapter.jade</computeroutput>.
					</listitem>
				</varlistentry>

				<varlistentry>
					<term>Messages</term>
					<listitem>
						Direct links to <classname>ACLMessage</classname> have been removed,
						so explicit casts are required to access JADE specific message
						features. Moreover, creation methods such as
						<methodname>createMessageEvent()</methodname> and
						<methodname>IMessageEvent.createReply()</methodname> have been
						changed (cf. <xref linkend="events"/>).
					</listitem>
				</varlistentry>

				<varlistentry>
					<term>
						<methodname>createConversationId()</methodname>
					</term>
					<listitem>
						This method has been moved and renamed to
						<methodname>SFipa.createUniqueId()</methodname>.
					</listitem>
				</varlistentry>

				<varlistentry>
					<term>Agent</term>
					<listitem>
						The agent now requires an additional configuration (string or
						model) argument before the custom arguments.
					</listitem>
				</varlistentry>

				<varlistentry>
					<term>Arguments</term>
					<listitem>
						Command-line arguments now are available as Object[] "$args"
						in the agent.
					</listitem>
				</varlistentry>
			</variablelist>
		</section>

	</section>

</appendix>