<!--<!DOCTYPE chapter PUBLIC "-//OASIS//DTD DocBook XML V4.1.2//EN"
    "../docbook/dtd/docbookx.dtd" >-->
<chapter id="concepts">
    <title>Concepts of the Jadex <acronym>BDI</acronym> Reasoning Engine</title>
   
<para>   
	This chapter shortly sketches the scientific background of Jadex and describes
	the concepts, and the execution model of Jadex agents.
</para>

	<section id="concepts.bdi">
		<title>The <acronym>BDI</acronym> Model of Jadex</title>
		<para>
			Rational agents have an explicit representation of their environment (sometimes
			called world model) and of the objectives they are trying to achieve. Rationality
			means that the agent will always perform the most promising actions (based on the
			knowledge about itself and the world) to achieve its objectives. As it usually
			does not know all of the effects of an action in advance, it has to deliberate
			about the available options. For example a game playing agent may choose between
			a safe action or an action, which is risky, but has a higher reward in case of
			success.
		</para>
		<para>
			To realise rational agents, numerous deliberative agent architectures exist
			(e.g. <acronym>BDI</acronym> <xref linkend="Bratman87Intention"/>,
			AOP <xref linkend="Shoham93agent"/>,
			3APL <xref linkend="Hindriks+99agent"/> and
			SOAR <xref linkend="Lehman+96Gentle"/> to mention only the most prominent ones).

			In these architectures, the internal structure of an agent and therefore its
 			capability of choosing a course of action
			is based on mental attitudes. The advantage of using mental attitudes in the
			design and realisation of agents and multi-agent systems is the natural
			(human-like) modelling and the high abstraction level, which simplifies the
			understanding of systems <xref linkend="McCarthy79Ascribing"/>.
		</para>

		<para>
			Regarding the theoretical foundation and the number of implemented and successfully
 			applied systems, the most interesting and widespread agent architecture is
			the Belief-Desire-Intention (<acronym>BDI</acronym>) architecture, introduced by Bratman as a
			philosophical model for describing rational agents (<xref linkend="Bratman87Intention"/>).
			It consists of the concepts of <emphasis>belief</emphasis>,
			<emphasis>desire</emphasis> and <emphasis>intention</emphasis> as mental attitudes, that generate human
			action. Beliefs capture <emphasis>informational</emphasis> attitudes, desires <emphasis>motivational</emphasis>
			attitudes, and intentions <emphasis>deliberative</emphasis> attitudes of agents.
			<xref linkend="Rao+95BDIAgents"/> have adopted this model and
			transformed it into a formal theory and an execution model for software agents,
			based on the notion of beliefs, goals, and plans.
		</para>

		<para>
			Jadex facilitates using the BDI model in the context mainstream programming, by introducing beliefs, goals and
			plans as first class objects, that can be created and manipulated inside the agent.
			In Jadex, agents have beliefs, which can be any kind of Java object and are stored in a beliefbase.
			Goals represent the concrete motivations (e.g. states to be achieved) that influence an agent's behavior.
			 To achieve its goals the agent executes plans, which are procedural recipes coded in Java.
			The abstract architecture of a Jadex agent is depicted in <xref linkend="concepts.fig_abstract_architecture"/>.
		</para>

		<para>
			<figure id="concepts.fig_abstract_architecture">
				<title>Jadex Abstract Architecture</title>
				<screenshot>
					<mediaobject>
						<imageobject>
							<imagedata fileref="images/jadex_abstract_architecture.png"/>
						</imageobject>
					</mediaobject>
				</screenshot>
			</figure>
		</para>

		<para>
			Reasoning in Jadex is a process consisting of two interleaved components. 
			On the one hand, the agent reacts to incoming messages, internal events and goals
			by selecting and executing plans (means-end reasoning). On the other hand,
			the agent continuously deliberates about its current goals, to decide about
			a consistent subset, which should be pursued.
		</para>
		
		<para>
			The main concepts of Jadex are beliefs, goals and plans. The beliefs,
			goals and plans of the agent are defined by the programmer and prescribe
			the behavior of the agent.
			E.g., the current beliefs influence the deliberation and means-end reasoning processes of the agent,
			and the plans may change the current beliefs while they are executed.
			Changed beliefs in turn may cause internal events,
			which may lead to the adoption of new goals and the execution of further plans.
			In the following the realisation of each of these main concepts in Jadex will be
			shortly described.
		</para>

		<section id="concepts.belief_base">
			<title>The Beliefbase</title>
			<para>
				The beliefbase stores believed facts and is an access point for the data contained in the agent.
				Therefore, it provides more abstraction compared to e.g. attributes in the object-oriented world,
				and represents a unified view of the knowledge of an agent.
				In Jadex, the belief representation is very simple,
				and currently does not support any (e.g., logic-based) inference mechanism.
				The beliefbase contains strings that represent an identifier for a specific belief
				(similar to table names in relational databases). These identifiers are mapped to the
 				beliefs values, called facts, which in turn can be arbitrary Java objects.
				Currently two classes of beliefs are supported: simple single-fact beliefs, and belief sets.
				Beliefs and belief sets are strongly typed, and the beliefbase checks at runtime,
				that only properly typed objects are stored.
			</para>
			<para>
				On top of this simple belief representation, Jadex adds several advanced features,
				such as an OQL-like query language (adopted from the object-relational database world),
				conditions that trigger plans or goals when some beliefs change (resembling a rulebased programming style),
				and beliefs that are stored as expressions and evaluated dynamically on demand.
			</para>
		</section>

		<section id="concepts.goal_structure">
			<title>The Goal Structure</title>
			<para>
				Unlike traditional <acronym>BDI</acronym> systems, which treat goals merely as a special kind of event,
				goals are a central concept in Jadex. Jadex follows the general idea that goals are concrete,
				momentary desires of an agent. For any goal it has, an agent will more or less directly engage into suitable actions,
				until it considers the goal as being reached, unreachable, or not desired any more.
				Unlike most other systems, Jadex does not assume that all adopted goals need to be consistent to each other.
				To distinguish between just adopted (i.e. desired) goals and actively pursued goals,
				a goal lifecycle is introduced which consists of the goal states
				<emphasis>option</emphasis>, <emphasis>active</emphasis>, and <emphasis>suspended </emphasis>
				(see <xref linkend="concepts.fig_goal_lifecycle"/>).
				When a goal is adopted, it becomes an option that is added to the agent's desire structure.
				Application specific goal deliberation mechanisms are responsible for
				managing the state transitions of all adopted goals
				(i.e. deciding which goals are active and which are just options).
				In addition, some goals may only be valid in specific contexts determined by the agent's beliefs.
				When the context of a goal is invalid it will be suspended until the context is valid again.
			</para>

			<figure id="concepts.fig_goal_lifecycle">
				<title>Goal Lifecycle</title>
				<screenshot>
					<mediaobject>
						<imageobject>
							<imagedata fileref="images/goallifecycle.png"/>
						</imageobject>
					</mediaobject>
				</screenshot>
			</figure>

			<para>
				Four types of goals are supported by the Jadex system: Perform, achieve, query,
				and maintain goals as introduced by JAM <xref linkend="Huber99JAM"/>.

				A <emphasis>perform goal</emphasis> states that something should be done
				but may not necessarily lead to any specific result.
				For example, a waste-pickup robot may have a generic goal to wander around and look for waste,
				which is done by a specific plan for this functionality.

				The <emphasis>achieve goal</emphasis> describes an abstract target state to be reached,
				without specifying how to achieve it.
				Therefore, an agent can try out different alternatives to reach the goal.
				Consider a player agent that needs certain resources in a strategy game:
				It could choose to negotiate with other players or try to find the required resources itself.

				The <emphasis>query goal</emphasis> represents a need for information.
				If the information is not readily available, plans are selected and executed to gather the needed information.
				For example a cleaner robot that has picked up some waste needs to know where the next waste bin is located.
				If it already knows the location it can directly head towards the waste bin,
				otherwise it has to find one, e.g by executing a search plan.

				The <emphasis>maintain goal</emphasis> specifies a state that should be kept (maintained) once it is achieved.
				It is the most abstract goal in Jadex.
				Not only does it abstract from the concrete actions required to achieve the goal,
				but also it decouples the creation and adoption of the goal from the timepoint when it is executed.
				For example the goal to keep a reactor temperature below a certain level is a maintain goal
				that gets triggered whenever the temperature exceeds the normal operating level.
				As with achieve and query goals, to (re)establish the desired target state of a maintain goal,
				the agent may try out several plans, until the state is reached.
			</para>
			<para>
				In the <application>Jadex System</application>, goals are represented as objects with several attributes.
				The target state of achieve goals can be explicitly specified by an expression (e.g., referring to beliefs),
				which is evaluated to check if the goal is achieved.
				Attributes of the goal, such as the name, facilitate plan selection,
				e.g. by specifying that a plan can handle all goals of a given name.
				Additional (user-defined) goal parameters guide the actions of executing plans.
				For example in a goal to search for services (e.g. using the <acronym>FIPA</acronym> directory facilitator service),
				additional search constraints could be specified (such as the maximum cardinality of the result set).
				The structure of currently adopted goals is stored in the goalbase of an agent.
				The agent has a number of top-level goals, which serve as entry points in the goalbase.
				Goals in turn may have subgoals, forming a hierarchy or tree of goals.
			</para>
		</section>

		<section id="concepts.plan_specification">
			<title>Plan Specification</title>
			<para>
				The concrete actions an agent may carry out to reach its goals are described in plans.
				An agent developer has to define the head and the body of a plan.
				The head contains the conditions under which the plan may be executed and is specified in the
				<link linkend="concepts.adf">agent definition file</link>.
				The body of the plan is a procedural recipe describing the actions to take in order to achieve a goal
				or react to some event. The current version of Jadex supports plan bodies written in Java,
				providing all the flexibilities of the Java programming language (object-oriented programming,
				access to third party packages, etc.).
			</para>
			<para>
				At runtime, plans are instantiated to handle events and to achieve goals.
				Activation triggers in the plan headers are used to specify
				if a plan should be instantiated when a certain event or goal occurs.
				In addition, so called initial plans get executed when the agent is born.
				During the execution of the plan body, running plans may not only execute arbitrary
				Java code but can also dispatch subgoals and wait for events to occur.</para>
		</section>
	</section>

	<section id="concepts.adf">
		<title>Agent Definition</title>
		<para>
			The complete definition of an agent is captured in
			a so called <emphasis>agent definition file</emphasis> (<acronym>ADF</acronym>).
			The <acronym>ADF</acronym> is an XML file, which contains all relevant properties
			of an agent (e.g. the beliefs, goals and plans).
			In addition to the XML tags for the agent elements, the developer can use expressions in a Java-like
			syntax for specifying belief values and goal parameters.
			The <acronym>ADF</acronym> is kind of a class description for agents:
			From the <acronym>ADF</acronym> agents get instantiated like Objects get instantiated from their class.
			For example, the different player agents from BlackJack (<filename>src/jadex/examples/blackjack</filename>)
			share <filename>Player.agent.xml</filename> as their definition file.
		</para>
		<para>
			For each element <acronym>ADF</acronym> in the all important properties can be defined as attributes
			or subtags. For example, plans are declared by specifying how to instantiate them from their Java class (body tag),
			and a trigger (e.g. event) can be stated, that determines under which conditions a plan gets executed.
			Moreover, in the <acronym>ADF</acronym>, the initial state of an agent (how the agent should look like,
			when it is born) is determined in a so called configuration, which defines the initial beliefs,
			initial goals, and initial plans.
		</para>
	</section>

	<section id="concepts.execution_model">
		<title>Execution Model of a Jadex Agent</title>
		<para>
			This sections shows the operation of the reasoning component,
			given the Jadex <acronym>BDI</acronym> concepts (see <xref linkend="concepts.fig_execution_model"/>).
			Since version 0.93 Jadex does not employ the classical <acronym>BDI</acronym>-interpreter cycle
			as described in the literature <xref linkend="Rao+95BDIAgents"/>
			but uses a new agenda based execution scheme (described more extensive and formally in <xref linkend="Pokahr+05AFlexible"/>).
 			The interpreter consists of an agenda component holding the scheduled meta-actions to execute.
 			The basic mode of operation is simple: The agent selects a meta-action from its agenda and executes
 			it when the the action's preconditions hold. Otherwise the action is simply dropped. The execution of
 			the action may produce further actions that are added to the agenda following a customizable insertion
 			strategy. Currently, the insertion strategy mainly distinguishes between related and unrelated actions,
 			whereby related actions are added as child nodes to the current node.

		</para>
		<figure id="concepts.fig_execution_model">
			<title>Jadex Execution Model</title>
			<screenshot>
				<mediaobject>
					<imageobject>
						<imagedata fileref="images/jadex_interpreter.png"/>
					</imageobject>
				</mediaobject>
			</screenshot>
		</figure>

		<para>
			Besides the creation of new agenda entries, the execution of actions can have further
			side-effects that are of importance for the agent, e.g. when a belief is changed or a goal is dropped.
			These occurrences are captured within <classname>jadex.runtime.SystemEvent</classname>s and may
 			cause system changes which are computed by a change determination component accordingly.
			To determine which effects certain SystemEvents have, the component evaluates affected conditions.
			If a condition triggers, new agenda actions may be produced in turn and are added to the agenda.
		</para>
		<para>
			Having outlined the mode of operation the question arises which kinds of actions
			are contained within the agenda? These action are not application level actions,
			but are inter alia derived from the classical <acronym>BDI</acronym> interpreter cycle and represent
			<acronym>BDI</acronym>-meta actions. Two typical <acronym>BDI</acronym>-meta actions are displayed
			at the top of <xref linkend="concepts.fig_execution_model"/> namely
			the <code>ProcessEventAction</code> and the <code>ExecutePlanStepAction</code>.
			The ProcessEventAction encapsulates the well-known <acronym>BDI</acronym> plan finding process.
			The meta action searches for applicable plans matching to an event or goal occurence,
			selects candidates from the list and schedules them for execution by creating
			<code>ExecutePlanStepActions</code> for each candidate.
			An <code>ExecutePlanStepAction</code> simply execute one step of its plan and
			produces a new <code>ExecutePlanStepAction</code> when further steps for this plan are necessary.
			(All meta-actions are implemented in the <classname>jadex.runtime.impl.agenda</classname> package).
		</para>
		<para>
			Advantages of the new approach are that the new mechanism offers a much higher
			degree of extensibility and flexibility as new <acronym>BDI</acronym>-meta actions can be easily added
			to the system if desired. One concrete effect already contained in this version is the support for
			goal deliberation via the "Easy Deliberation" strategy <xref linkend="goals.deliberation"/>
 			which is realized with extended meta-actions.
		</para>

	</section>
 
</chapter>