<?xml version="1.0" encoding="UTF-8"?>
<!--<!DOCTYPE chapter PUBLIC "-//OASIS//DTD DocBook XML V4.1.2//EN"
"../docbook/dtd/docbookx.dtd" >-->
<chapter id="conditions">
<title>Conditions</title>

	<para>
		In essence, a condition is a monitored boolean expression, what means that whenever
		some of the referenced entities (e.g., beliefs) change the expression of the condition is
		evaluated. Associated with a condition is an action, that gets executed whenever the
		condition is triggered. Context-specific conditions as defined in the ADF have special
		associated actions (e.g., for activating goals). For custom conditions created by plans
		the default action is to generate an internal event of type
		<computeroutput>jadex.model.IMEventbase.TYPE_CONDITION_TRIGGERED</computeroutput>.
	</para>
	
	<para>
		The behavior of a custom condition can be adjusted with the trigger attribute. Note, that
		the trigger types of predefined conditions such as goal or plan creation conditions cannot
		be changed. Several trigger types are available: A condition can be triggered, e.g., whenever
		it is evaluated to true, or only triggered when its value first changes to true, but not when it stays true
		for some time. The list of available trigger types is given in <xref linkend="conditions.trigger"/>.
		The default trigger type of a predefined condition depends on the context, for example the maintain
		condition of a maintain goal is triggered when the expression value changes to false, because the
		goal should be processed whenever the maintain condition is violated.
	</para>

	<table id="conditions.trigger">
		<title>Condition Trigger Types</title>
		<tgroup cols="2">
			<colspec colnum="1" colwidth="1"/>
			<colspec colnum="2" colwidth="3"/>
			<thead>
				<row>
					<entry>Name</entry>
					<entry>Description</entry>
				</row>
			</thead>
			<tbody>
				<row>
					<entry><computeroutput>changes_to_true</computeroutput></entry>
					<entry>Execute action when expression value changes to true</entry>
				</row>
				<row>
					<entry><computeroutput>changes_to_false</computeroutput></entry>
					<entry>Execute action when expression value changes to false</entry>
				</row>
				<row>
					<entry><computeroutput>changes</computeroutput></entry>
					<entry>Execute action when the expression value changes</entry>
				</row>
				<row>
					<entry><computeroutput>is_true</computeroutput></entry>
					<entry>Execute action whenever expression evaluates to true</entry>
				</row>
				<row>
					<entry><computeroutput>is_false</computeroutput></entry>
					<entry>Execute action whenever expression evaluates to false</entry>
				</row>
				<row>
					<entry><computeroutput>always</computeroutput></entry>
					<entry>Execute action whenever expression is evaluated (regardless of value)</entry>
				</row>
			</tbody>
		</tgroup>
	</table>

	<section>
		<title>ADF Conditions</title>

		<figure id="conditions.schema">
			<title>The Jadex conditions XML schema part</title>
			<screenshot>
				<mediaobject>
					<imageobject>
						<imagedata fileref="images/jadex_expressions_adf.png"/>
					</imageobject>
				</mediaobject>
			</screenshot>
		</figure>

		<para>
			When programming plans, it is also possible to explicitly wait for
			certain conditions using the <methodname>waitForCondition(ICondition cond)</methodname>
 			method. Conditions are obtained in a similar fashion to expressions,
 			either by instantiating a predefined condition from the ADF (see <xref linkend="conditions.schema"/>),
 			or by creating a new condition from an expression string. When waiting for a condition,
 			the plan will be blocked until the condition triggers, which by default means that its
			value changes to true. The condition is monitored automatically
			by the agent, by considering all internal state changes that may affect
			the condition value, e.g., when some other plan changes a belief.
			The following example uses the "timer" belief from <xref linkend="beliefs.dynamic"/> 
			to execute some action when the alarmtime has reached (belief not shown here).
		</para>

		<figure>
			<title>Defining a condition in the ADF</title>
			<programlisting><![CDATA[<agent ...>
    ...
    <expressions>
        <condition name="alarmtime_reached">
            $beliefbase.timer >= $beliefbase.alarmtime
        </condition>
        ...
    </expressions>
    ...
</agent>]]></programlisting>
		</figure>

		<figure>
			<title>Using a condition inside a plan</title>
			<programlisting>public void body {
    ICondition condition = getCondition("alarmtime_reached");
    ...
    // Wakeup every full hour.
    IEvent event = waitForCondition(condition);
    ...
}</programlisting>
		</figure>

	</section>

</chapter>