<?xml version="1.0" encoding="UTF-8"?>
<!--<!DOCTYPE chapter PUBLIC "-//OASIS//DTD DocBook XML V4.1.2//EN"
"../docbook/dtd/docbookx.dtd" >-->
<chapter id="documentation">
	<title>Jadex Documentation Overview</title>

	<para>
		The use guide is the primary reference documentation of the Jadex system.
		After some general notes in the introduction chapter, the concepts chapter
		describes the mechanisms behind Jadex at a conceptual level. It presents the general
		components and execution model of Jadex agents.
		The programming chapter provides a thematically structured reference to the
		development- and programming-level details of Jadex.
		The appendices discuss specific issues, e.g., how Jadex relates to JADE,
		provide a reference to the language for expressions, which can be embedded in the XML agent definition files,
		and give an overview of agent properties, used for customizing system behavior and debugging options.
	</para>

	<para>
		Besides the user guide there is some other documentation available:
		The tutorial contains several simple step-by-step exercises, each of them aimed
		at introducing a certain concept of Jadex. While the user guide provides a
		complete and structured reference to Jadex, the tutorial exercises are meant
		as a starting point to practically explore the features of the Jadex system.
		A reference to the Jadex meta-model, describing the elements found in XML agent
		denifintion files, is given as documentation generated from the XML schema
		definition (<filename>docs/schemadoc/jadex-0.96.html</filename>).
		The Javadoc API documentation (<filename>docs/api/index.html</filename>)
		gives an overview of the Jadex API that can be used from plan code.
		The tools available to aid developers in building and debugging Jadex agents
		are described in the tool guide. For the included example applications Jadexdoc
		documentation is available (<filename>docs/jadexdoc/index.html</filename>).
	</para>

	<para>
		Some more information about the Jadex project and its background can be found
		on the <ulink url="http://vsis-www.informatik.uni-hamburg.de/projects/jadex/">Jadex homepage</ulink>.
		There you will find the latest news and information about the project members.
		Additionally, projects are presented that have developed applications with
		the Jadex package. The research map provides the scientific background of the
		project, highlighting all important areas of agent technology, that affect
		the current and future development of the Jadex system.
	</para>

	<para>
		Besides the homepage, the
		<ulink url="http://sourceforge.net/projects/jadex/">sourceforge.net project page</ulink>
		provides developer resources. The file area of the project provides access
		to all files of the current, and any earlier release. The mailing lists and
		forums are a means for communication among Jadex users and developers.
		The bug, and feature request databases provide the possibility to enter
		problems and shortcomings of current Jadex releases (and to be informed,
		when these have been fixed).
	</para>

</chapter>
