<?xml version="1.0" encoding="UTF-8"?>
<!--<!DOCTYPE chapter PUBLIC "-//OASIS//DTD DocBook XML V4.1.2//EN"
"../docbook/dtd/docbookx.dtd" >-->
<chapter id="dynamicmodels">
	<title>Dynamic Models</title>

	<para>
		Jadex offers the possibility to change the underlying agent and
		capability models at runtime, i.e. it is e.g. easily possible to
 		define new beliefs, goals and plans and the like at runtime.
 		For this purpose every capability and agent instance owns it own copy
 		of the underlying model. In this respect changes to a model remain local
		to the corresponding capability or agent instance,
 		and the original model contained in the ADF will never be changed this way.
	</para>
	<para>
		The process for creating model elements at runtime is very simple in
		principle. It consists of two steps:
		<itemizedlist>
			<listitem>
				<para>
					<emphasis>Create the model element in the model.</emphasis>
					Regardless, which element should be created it is necessary to
					fetch the corresponding model element that belongs to the current
					scope (capability):
				</para>
				<programlisting>IMCapability model = (IMCapability)getScope().getModelElement();</programlisting>
				<para>
					Depending on which element you want to create you can access
					e.g. the different bases such as the planbase and create a
					new model element via the various <methodname>create...()</methodname>
					methods. For a detailed overview consider looking into the API
					docs of the Jadex model accessible through the interfaces contained
					in the <classname>jadex.model</classname> package.
				</para>
			</listitem>
			<listitem>
				<para>
					<emphasis>Register the model element at the runtime.</emphasis>
					To make the runtime aware of the new element it is necessary to
					call one of the <methodname>register...()</methodname> methods at the
					corresponding runtime bases (or the capability itself).
				</para>
			</listitem>
		</itemizedlist>
	</para>
	<para>
		Similarly, it is possible to delete elements from the model in two steps:
		<itemizedlist>
			<listitem>
				<para>
					<emphasis>Deregister the model element at the runtime.</emphasis>
					To clean-up the element at runtime the suitable
					<methodname>deregister...()</methodname> method should be
					called.
				</para>
			</listitem>
			<listitem>
				<para>
					<emphasis>Delete the model element from the model.</emphasis>
					Again, it is necessary to have access to the model layer via:
				</para>
				<programlisting>IMCapability model = (IMCapability)getScope().getModelElement();</programlisting>
				<para>
					Depending on which element you want to delete you can access
					e.g. the different bases such as the planbase and delete an
					existing model element via the various <methodname>delete...()</methodname>
					methods.
				</para>
			</listitem>

		</itemizedlist>
	</para>

	<section>
		<title>Adding/Removing Capabilities at Runtime</title>

		<para>
			Using the model API (package <computeroutput>jadex.model</computeroutput>)
			plans can dynamically load and unload capabilities. To load a
			capability, you first have to create a so called capability reference
			in the agent (or capability) model. The <methodname>createCapabilityReference()</methodname>
			method works the same as the <computeroutput><![CDATA[<capability>]]></computeroutput> tag
			shown in <xref linkend="capabilities.subcapabilities"/>, and therefore expects the local
 			name of the subcapability and a filename.
			After creating the reference, which also loads the given XML file,
			you can register the new capability at runtime (this will initialize the capability by
 			creating initial goals, plans, etc.).
			To use the features of the capability you can also dynamically add references
			to the exported beliefs and goals of the capability. <xref linkend="dynamicmodels.dynamiccapability_add"/>
			shows how to include a capability at runtime.
		</para>

		<figure id="dynamicmodels.dynamiccapability_add">
			<title>Adding a capability at runtime</title>
			<programlisting>public void body() {
    // Create reference in the model.
    IMCapability model = (IMCapability)getScope().getModelElement();
    IMCapabilityReference subcap = model.createCapabilityReference("dfcap",
        "jadex.planlib.DF");

    // Register capability at runtime.
    getScope().registerSubcapability(subcap);
    ...
}</programlisting>
		</figure>

		<para>
			The removal of a capability can be done likewise. In  <xref linkend="dynamicmodels.dynamiccapability_remove"/>
			an example code is depicted.
		</para>

		<figure id="dynamicmodels.dynamiccapability_remove">
			<title>Removing a capability at runtime</title>
			<programlisting>public void body() {
    ...
    IMCapabilityReference subcap = ((IMCapability)getScope().getModelElement())
        .getCapabilityReference("subcap_name");

    // Deregister subcapability at runtime.
    getScope().deregisterSubcapability(subcap);

    // Delete subcapability from the model.
    ((IMCapability)getScope().getModelElement()).deleteCapabilityReference(subcap);
    ...
}</programlisting>
    	</figure>
	</section>

	<section>
		<title>Creating/Deleting Beliefs at Runtime</title>

		<para>
			Usually all agent beliefs are defined in the ADF. At runtime only
			the facts contained in the beliefs change, not the beliefs themselves.
			The model API (package <computeroutput>jadex.model</computeroutput>)
			allows to dynamically create new beliefs and belief sets at runtime,
			if this self-modifying functionality is required.
			To create a new belief, it first has to be defined in the agent or
 			capability model. The <methodname>createBelief...()</methodname> methods
 			of the <classname>IMBeliefbase</classname> work the same as the
 			belief/set/reference tags shown in <xref linkend="beliefs.schema"/>.
			For beliefs and belief sets a name, class, update rate and exported flag
			have to be specified. For belief(set) references instead of an update rate
			the path of the referenced belief(set) has to be provided.
		</para>
		<para>
			After creating a belief(set) or reference in the model, you
			have to register the new element at runtime (this will also
			evaluate the initial facts, if you have supplied some in the model).
			<xref linkend="dynamicmodels.dynamicbelief_add"/>	shows how to create a belief at runtime.
		</para>

		<figure id="dynamicmodels.dynamicbelief_add">
			<title>Creating a belief at runtime</title>
			<programlisting>public void body() {
    ...
    // Create belief in the model.
    IMBeliefbase model = (IMBeliefbase)getBeliefbase().getModelElement();
    IMBelief belief = model.createBelief("name", String.class, -1, false);

    // Register belief at runtime.
    getBeliefbase().registerBelief(belief);
    ...

    // Access the belief as usual.
    getBeliefbase().getBelief("name").setFact("Hugo");
    ...
}</programlisting>
		</figure>

		<para>
			In <xref linkend="dynamicmodels.dynamicbelief_remove"/> it is shown
			how a belief can be deleted at runtime.
		</para>

		<figure id="dynamicmodels.dynamicbelief_remove">
			<title>Deleting a belief at runtime</title>
			<programlisting>public void body() {
    ...
    IBelief belief = getBeliefbase().getBelief("belief_name");
    IMBelief mbelief = (IMBelief)belief.getModelElement();

    // Deregister the belief at runtime.
    getBeliefbase().deregisterBelief(mbelief);

    // Delete the belief in the model.
    IMBeliefbase model = (IMBeliefbase)getBeliefbase().getModelElement();
    model.deleteBelief(mbelief);
    ...
}</programlisting>
        </figure>
	</section>

	<section>
		<title>Creating/Deleting Goal Types at Runtime</title>

		<para>
			Usually all goal types (like, e.g., <quote>performpatrol</quote>) are defined in the ADF. At runtime instances
			of these types are created, but the set of available goal types remains the same.
			The model API (package <computeroutput>jadex.model</computeroutput>)
			allows to dynamically create new goal types and goal references at runtime,
			if this self-modifying functionality is required.
			To create a new goal type, it first has to be defined in the agent or capability model.
			The <methodname>create...Goal()</methodname> and <methodname>create...GoalReference()</methodname>
			methods of the <classname>IMGoalbase</classname> work the same as the tags shown in <xref linkend="goals.xmlschema"/>.
			For goals, a name, exported flag, retry, retry delay, and exclude mode
			are required. Maintain goals require in addition the specification of recur and recur delay.
			For references, the name, the exported flag, and the path to the referenced goal
			have to be specified.
		</para>

		<para>
			After creating a goal or reference in the model, you
			have to register the new element at runtime (this will also
			activate the creation condition, if you have supplied one in the model).
			<xref linkend="dynamicmodels.dynamicgoal_add"/> shows how to create a new goal type at runtime.
		</para>

		<figure id="dynamicmodels.dynamicgoal_add">
			<title>Creating a new goal type at runtime</title>
			<programlisting>public void body() {
    ...
    // Create goal type in the model.
    IMGoalbase model = (IMGoalbase)getGoalbase().getModelElement();
    IMGoal goal = model.createPerformGoal("performpatrol", false, true, -1,
        IMGoal.EXCLUDE_NEVER);
    goal.createContextCondition("!$beliefbase.is_loading &amp;&amp; !$beliefbase.daytime");

    // Register goal at runtime.
    getGoalbase().registerGoal(goal);
    ...
}</programlisting>
		</figure>

		<para>
			An example for the deletion of a goal type at runtime is
			shown in <xref linkend="dynamicmodels.dynamicgoal_remove"/>.
		</para>

		<figure id="dynamicmodels.dynamicgoal_remove">
			<title>Deleting a goal type at runtime</title>
			<programlisting>public void body() {
    ...
	// Assuming that mgoal is the model of the element to be deleted

    // Deregister goal at runtime.
    getGoalbase().deregisterGoal(mgoal);

    // Delete goal type from the model.
    IMGoalbase model = (IMGoalbase)getGoalbase().getModelElement();
    model.deleteAchieveGoal((IMAchieveGoal)mgoal);
    ...
}</programlisting>
		</figure>

	</section>

	<section>
   		<title>Creating/Deleting Plan Types at Runtime</title>

		<para>
			Adding new plan specifications to the agent or capability at runtime is similar
			to what has already been described for beliefs and goals.
			First the plan head has to be created using the API of the
			<computeroutput>jadex.model</computeroutput> package.
			Afterwards, the plan has to be registered at runtime, mainly
			for activating the plan trigger.
		</para>

		<figure id="dynamicmodels.dynamicplan">
			<title>Creating a new plan type at runtime</title>
			<programlisting>public void body() {
    ...
    // Create plan type in the model.
    IMPlanbase model = (IMPlanbase)getPlanbase().getModelElement();
    IMPlan plan = model.createPlan("ping", 0, "new PingPlan()", IMPlanBody.BODY_STANDARD);
    plan.createTrigger().createMessageEvent("query_ping");

    // Register plan at runtime.
    getPlanbase().registerPlan(plan);
    ...
}</programlisting>
		</figure>

		<para>
			In the following the deletion of a plan type is sketched (see
			<xref linkend="dynamicmodels.dynamicplan_remove"/>).
		</para>

		<figure id="dynamicmodels.dynamicplan_remove">
			<title>Deleting a plan type at runtime</title>
			<programlisting>public void body() {
    ...
	// Assuming that mplan is the model of the element to be deleted

    // Deregister plan at runtime.
    getPlanbase().deregisterPlan(mplan);

    // Delete plan type in the model.
    IMPlanbase model = (IMPlanbase)getPlanbase().getModelElement();
    model.deletePlan(mplan);
    ...
}</programlisting>
		</figure>
	</section>

	<section>
   		<title>Creating/Deleting Event Types at Runtime</title>

		<para>
			In general it is possible to create custom events at
			runtime. This applies for goal, message as well as
			internal events. Nevertheless, as goal events are used
			only internally creating message and internal events should
			be the only relevant use case.
		</para>
		<!-- <note>
			<para>
				The creation of message event references at runtime is not recommended in the current
				version and may lead to difficulties when conversations are used.
			</para>
		</note> -->
		<para>
			In <xref linkend="dynamicmodels.dynamicevent_add"/> an example is
			depicted how a new internal event can be created and registered.
		</para>

		<figure id="dynamicmodels.dynamicevent_add">
			<title>Creating a new internal event type at runtime</title>
			<programlisting>public void body() {
    ...
    // Create event type in the model.
    IMEventbase model = (IMEventbase)getEventbase().getModelElement();
    IMInternalEvent ievent = model.createInternalEvent("new_ievent", false);
    ievent.createParameter("param1", String.class, IMParameter.DIRECTION_IN, 0, null, null);

    // Register event at runtime.
    getEventbase().registerEvent(ievent);
    ...
}</programlisting>
		</figure>

		<para>
			In <xref linkend="dynamicmodels.dynamicevent_remove"/> the removal
 			of an internal event at runtime is outlined.
		</para>

		<figure id="dynamicmodels.dynamicevent_remove">
			<title>Deleting an internal event type at runtime</title>
			<programlisting>public void body() {
    ...
    // Assuming that imevent is the model of the event to be deleted

    // Deregister event at runtime.
    getEventbase().deregisterEvent(imevent);

    // Delete event type in the model.
    IMEventbase model = (IMEventbase)getEventbase().getModelElement();
    model.deleteInternalEvent(imevent);
    ...
}</programlisting>
		</figure>
	</section>

</chapter>