<?xml version="1.0" encoding="UTF-8"?>
<!--<!DOCTYPE chapter PUBLIC "-//OASIS//DTD DocBook XML V4.1.2//EN"
"../docbook/dtd/docbookx.dtd" >-->
<chapter id="expressions">
	<title>Expressions</title>

	<para>
		For many elements (plan bodies, default and initial facts of beliefs, etc.) the developer
		has to specify expressions in the ADF. The most important part of an expression is the expression
		string. In addition, some meta information can be attached to expressions, e.g., to specify
		if the expression should be evaluated once (static) or dynamically for every access (dynamic).
	</para>

	<section id="expressions.syntax">
		<title>Expression Syntax</title>
		<para>
			The expression language follows a Java-like syntax. In general, all of the <emphasis>operators</emphasis> of the
			Java language are supported (with the exception of assignment operators),
			while no other constructs can be used. Operators are, for example, math operators (+-*/%), logical operators (&amp;&amp;, ||, !),
			and method, or constructor invocations. Other unsupported constructs are loops, class declarations, variable declarations,
			if-then-else blocks, etc. As a rule you can use every Java code that can be contained
			in the right hand side of a variable assignment (e.g., <computeroutput>var = <![CDATA[<expression>]]></computeroutput>).
			There are just two exceptions to this rule: Declarations of anonymous inner classes are not supported.
			Assignment operators (=, +=, *=...) as well as de- and increment operators (++, --) are not allowed,
			because they would violate declarativeness.
		</para>
		<para>
			In addition to the Java-like syntax, the language has some extensions: Parameters give access to
			specific elements depending on the context of the expression. OQL-like select statements
			allow to create complex queries, e.g., for querying the beliefbase.
			To simplify the Java statements in the expressions, imports can be declared in the ADF
			(see <xref linkend="imports"/>) that allow to use unqualified class names.
			The imports are defined once, and can be used for all expressions throughout the ADF.
		</para>
	</section>

	<section id="expressions.properties">
		<title>Expression Properties</title>
		<para>
			Expressions have properties which can be specified as attributes of the enclosing XML
			tag. The optional class attribute can be specified for any expression, and is used for
			cross checking the expression string against the expected return type. This allows to
			detect errors in the ADF already at load time, which could otherwise only be reported
			at runtime. The evaluation mode influences when and how often the expression is
			evaluated at runtime.
			A "static" expression caches the value once the expression created, while the value of
			a "dynamic" expression is reevaluated for ervery access. The default values of these
			properties depend on the context in which the expression is used. E.g. initial facts of
			beliefs are usually static, while conditions are dynamic.
		</para>
		
		<para>
			Expressions that are derived from other elements as well as traced conditions (see
			below) need to know, which changes inside the agent affect the value of the expression.
			For example, an expression referring to a belief would have to be updated, when the
			belief has changed. The expression parser is able to autodetect most of these
			dependencies: References of belief(set)s, to goal parameters, and to the content of the
			goalbase (e.g., to react to the addition or removal of a goal). But sometimes you may
			want to react to changes that cannot be detected automatically.
			The <computeroutput><![CDATA[<relevant...>]]></computeroutput> tags
			(see <xref linkend="expressions.affected.schema"/>) allow to specify
			an arbitrary number of elements on which an expression depends. These tags require
			the specification of a reference to an element, i.e., a belief(set), goal, or parameter(set)
			by using the "ref" attribute.
			Parameter references take the form "goalname.parametername" unless the goal can be
			determined from the expression context (e.g., in a goal condition). In this case and for
			the other references, the name of the element suffices.
			Optionally, a system event type can be given (see interface <classname>jadex.model.ISystemEventTypes</classname>
			for available event types) to further restrict the dependency to only specific changes,
			such as <computeroutput>BSFACT_ADDED</computeroutput> using the "eventtype" attribute.
		</para>

		<figure id="expressions.affected.schema">
			<title>The Jadex expressions relevant settings XML schema part</title>
			<screenshot>
				<mediaobject>
					<imageobject>
						<imagedata fileref="images/jadex_expression_affected_adf.png"/>
					</imageobject>
				</mediaobject>
			</screenshot>
		</figure>

		</section>

	<section>
		<title>Reserved Variables</title>
		Within expressions, several variables can be accessed depending on the context the expression
		is used in. Generally, the following variable names are reserved for agent components and
		can be accessed directly by their name. In table <xref linkend="expressions.variables"/>
		the reserved variables, their type and accessibility settings are summarized. Values
		of beliefs and belief sets (from the $beliefbase) and parameter(set)s (from $plan, $event, $goal, and $ref)
		can be accessed using a shortcut notation (allowing to write statements like "$beliefbase.mybelief").
		Note that these variables do not refer to the usual interfaces from <computeroutput>jadex.runtime</computeroutput>,
		but to implementation classes from <computeroutput>jadex.runtime.impl</computeroutput>.
		In general, you should use these objects as if they were the interfaces. 
		(In future releases this will change so that only the interfaces are accessible in expressions, too).

		<table id="expressions.variables">
			<title>Reserved expression variables</title>
			<tgroup cols="3">
				<thead>
					<row>
						<entry>Name</entry>
						<entry>Class</entry>
						<entry>Accessibiliy</entry>
					</row>
				</thead>
				<tbody>
					<!-- <row>
						<entry><computeroutput>$args</computeroutput></entry>
						<entry><classname>Object[]</classname></entry>
						<entry>In any agent expression</entry>
					</row> -->
					<row>
						<entry><computeroutput>$agent</computeroutput></entry>
						<entry><classname>RBDIAgent</classname></entry>
						<entry>In any agent expression</entry>
					</row>
					<row>
						<entry><computeroutput>$scope</computeroutput></entry>
						<entry><classname>RCapability</classname></entry>
						<entry>In any expression</entry>
					</row>
					<row>
						<entry><computeroutput>$beliefbase</computeroutput></entry>
						<entry><classname>RBeliefbase</classname></entry>
						<entry>In any expression</entry>
					</row>
					<row>
						<entry><computeroutput>$planbase</computeroutput></entry>
						<entry><classname>RPlanbase</classname></entry>
						<entry>In any expression</entry>
					</row>
					<row>
						<entry><computeroutput>$goalbase</computeroutput></entry>
						<entry><classname>RGoalbase</classname></entry>
						<entry>In any expression</entry>
					</row>
					<row>
						<entry><computeroutput>$eventbase</computeroutput></entry>
						<entry><classname>REventbase</classname></entry>
						<entry>In any expression</entry>
					</row>
					<row>
						<entry><computeroutput>$expressionbase</computeroutput></entry>
						<entry><classname>RExpressionbase</classname></entry>
						<entry>In any expression</entry>
					</row>
					<row>
						<entry><computeroutput>$propertybase</computeroutput></entry>
						<entry><classname>RPropertybase</classname></entry>
						<entry>In any expression</entry>
					</row>
					<row>
						<entry><computeroutput>$goal</computeroutput></entry>
						<entry><classname>RGoal</classname></entry>
						<entry>In any goal expression (except creation condition and binding options)</entry>
					</row>
					<row>
						<entry><computeroutput>$plan</computeroutput></entry>
						<entry><classname>RPlan</classname></entry>
						<entry>In any plan expression (except trigger and pre condition and binding options)</entry>
					</row>
					<row>
						<entry><computeroutput>$event</computeroutput></entry>
						<entry><classname>REvent</classname></entry>
						<entry>In any event expression (except binding otpions)</entry>
					</row>
					<row>
						<entry><computeroutput>$ref</computeroutput></entry>
						<entry><classname>RGoal</classname></entry>
						<entry>In any inhibition arc expression.</entry>
					</row>
					<row>
						<entry><computeroutput>$messagemap</computeroutput></entry>
						<entry><classname>Map</classname></entry>
						<entry>In match expressions of message events.</entry>
					</row>
				</tbody>
			</tgroup>
		</table>
	</section>

	<section>
		<title>Expressions Examples</title>
		<para>
			In <xref linkend="expressions.example"/>, two example expressions are shown. Here the expressions are
			used to specifiy the facts of some beliefs. In fact there are many places besides
 			beliefs in the ADF where expressions can be used. In the first case, the "starttime"
			fact expression is evaluated only once when the agent is born. The second belief
			represents the agent's lifetime and is recalculated on every access.

			<figure id="expressions.example">
				<title>Example expressions</title>
			<programlisting><![CDATA[<belief name="starttime" class="long">
    <fact>
        System.currentTimeMillis()
    </fact>
</belief>
    
<belief name="lifetime" class="long">
    <fact evaluationmode="dynamic">
        System.currentTimeMillis() - $beliefbase.starttime
    </fact>
</belief>]]></programlisting>
			</figure>
		</para>
	</section>

	<section id="expressions.adf">
		<title>ADF Expressions</title>
		<para>
			The expression language cannot only be used to specify values for
			beliefs, plans, etc. in the ADF but also for dynamic evaluation,
			e.g., to perform queries on the state of the agent, most notably
			the current beliefs. Expressions (<classname>jadex.runtime.IExpression</classname>)
			can be created at runtime by providing an expression string.
			A better way is to predefine expressions in the ADF in the expression base
 			(see <xref linkend="expressions.schema"/>). Because predefined
			expressions only have to be parsed and precompiled once and can be
			reused by different plans, they are more efficient. The following example
			shows a predefined expression for searching the beliefbase for a
			certain person contained in the belief persons, using the OQL-like
			language extension described in more detail below. Moreover, this example uses a
			custom parameter $surname to specify which person to retrieve from
			the belief set.

			<figure id="expressions.schema">
				<title>The Jadex expressions XML schema part</title>
				<screenshot>
					<mediaobject>
						<imageobject>
							<imagedata fileref="images/jadex_expressions_adf.png"/>
						</imageobject>
					</mediaobject>
				</screenshot>
			</figure>
		</para>

		<para>
			Primary usage of predefined expression is to perform queries, when
			executing plans. The <methodname>getExpression(String name)</methodname>
 			method creates an expression object based on the predefined expression
 			with the given name. In addition, the <methodname>createExpression(String exp
 			[, String[] paramnames, Class[] paramtypes])</methodname>
 			method is used to create an expression directly by parsing the expression string
 			(without referring to a predefined expression). Custom parameters can be optionally
			be defined for such queries by additionally providing the parameter names and classes.
			<!-- using the '$' notation as shown in the example.--> Values for
			these parameters have to be supplied when executing the query. The
			expression object provides several <methodname>execute()</methodname> methods
 			to evaluate a query specifying either no parameters, a single parameter as name/value
			pair, or a set of parameters that are defined as a <classname>String</classname> and
			an <classname>Object</classname>array containing parameter names and values separately.
 			You can also pre-set parameters before executing the query using the 
 			<methodname>setParameter()</methodname> method.
 			For example, one can execute the person query with a given surname.
		</para>

		<figure>
			<title>Defining an expression in the ADF</title>
			<programlisting><![CDATA[<agent ...>
    ...
    <expressions>
        <expression name="find_person" class="Person">
            select one Person $person
            from $person in $beliefbase.persons
            where $person.getSurname().equals($surname)
            
            <parameter name="$surname" class="String"/>
        </expression>
        ...
    </expressions>
    ...
</agent>]]></programlisting>
		</figure>

		<figure>
			<title>Evaluating an expression from a plan</title>
			<programlisting>public void body {
    IExpression query = getExpression("find_person");
    ...
    Person person = (Person)query.execute("$surname", "Miller");
    ...
}</programlisting>
		</figure>

	</section>

	<section>
		<title>OQL-like Select Statements</title>
		
		<para>
			Jadex provides an OQL-like query syntax, which can be used in conjunction
			with any other expression statements. OQL (Object-Query-Language) is an
			extension of SQL (Structured-Query-Language) for object-oriented databases.
			The generic query syntax as supported by Jadex is very similar to OQL
			(note that until now only select statements are supported). The syntax is shown
			in <xref linkend="expressions.select.syntax"/>.
		</para>
		
		<figure id="expressions.select.syntax">
			<title>Syntax of OQL-like select statements</title>
			<programlisting><![CDATA[select (one)? <class>? <result-expression>
from (<class>? <element> in)? <collection-expression>
    (, <class>? <element> in <collection-expression>)*
(where <where-expression>)?
(order by <ordering-expression> (asc | desc)? )?]]></programlisting>
		</figure>
				
		<para>
			Unlike OQL and SQL, the keywords (select etc.) are currently case sensitive and have 
			to be written in lower case. <!--  Also unlike OQL, the query variable <![CDATA[$<element>]]> 
			has to start with the '$' character.--> The <![CDATA[<collection-expression>]]> 
			has to evaluate to an object that can be iterated 
			(an array or an object implementing <classname>Iterator</classname>,
			<classname>Enumeration</classname>, <classname>Collection</classname>,
			or <classname>Map</classname>). In the other expressions (result, where,
			ordering) the query variables can be accessed using <![CDATA[<element>]]>.
			When using <![CDATA["<element>"]]> as result expression, the second
			<![CDATA["<element> in"]]> part can be omitted for readability.
			While you are free to use any expression for the result and the ordering,
			the where clause, of course, has to evaluate to a boolean value.
		</para>
				
		<para>
			Some simple example queries (assuming that the beliefbase contains a belief set
			"persons", where each person has attributes "forename", "surname", "age", and "address")
			are shown in <xref linkend="expressions.select.examples"/>.
			The first query returns a <classname>java.util.List</classname> of all persons
			in the order they are contained in the belief set.
			The second query only returns persons that are older than 21. In this case a cast is
			used to invoke the <methodname>getAge()</methodname> method.
			The third example orders the returned list by the addresses of the persons, using a
			type declaration at the beginning of the query, and therefore does not need a cast
			for accessing the <methodname>getAddress()</methodname> method.
			The order-by implementation relies on the <classname>java.lang.Comparable</classname> interface.
			In the example, the addresses have to be comparable for the query to work.
			The next query shows that it is possible to use complex expressions to create the result elements.
			Note, that in this case, the "$person in" part cannot be ommited.
			The last example shows how to do a join. The expression returns a list
			of strings of any two (distinct) persons, which have the same address.
		</para>
				
		<figure id="expressions.select.examples">
			<title>Examples of OQL-like select statements</title>
			<programlisting>select $person from $beliefbase.persons

select $person from $beliefbase.persons where ((Person)$person).getAge()>21

select Person $person from $beliefbase.persons order by $person.getAddress()

select $person.getSurname()+", "+$person.getForename()
from Person $person in $beliefbase.persons

select $p1+", "+$p2 from Person $p1 in $beliefbase.persons,
                         Person $p2 in $beliefbase.persons
where $p1!=$p2 &amp;&amp; $p1.getAddress().equals($p2.getAddress())</programlisting>
		</figure>

		<para>
			An extension to OQL is the support of the "one" keyword. The default (without "one")
			is standard OQL semantics to return all objects matching the query.
			The "one" keyword is used to select a single element. For queries without ordering,
			this returns the first found element that matches the query. When using ordering,
			the query is evaluated for all input elements and returns the first element
			after having applied the ordering.
			In both cases null is returned, when no element matches the query.
			Without the "one" keyword, an empty collection is returned, when
			no element matches the query.
		</para>

	</section>

</chapter>