<?xml version="1.0" encoding="UTF-8"?>
<!--<!DOCTYPE chapter PUBLIC "-//OASIS//DTD DocBook XML V4.1.2//EN"
"../docbook/dtd/docbookx.dtd" >-->
<chapter id="externalinteractions">
	<title>External Interactions</title>
	
	<para>
		In this chapter it is explained how the interaction of Jadex agents with other 
		system components that are not necessarily agents can be done. For this purpose
		it is shown how agent internals can be accessed from other (non-agent) threads
		(cf. <xref linkend="externalinteractions.processes"/>) and additionally how
		agent listeners can be employed to get notified whenever changes within the
		agent happen (cf. <xref linkend="externalinteractions.listeners"/>).
	</para>

	<section id="externalinteractions.processes">
		<title>External Processes</title>
		<para>
			A Jadex agent is synchronized in the sense, that only one plan step at a time is
			executed (or none, if the agent is busy performing internal reasoning processes).
			Sometimes one may want to access agent internals from external threads. A good example
			is when your agent provides a graphical user interface (GUI) to accept user input.
			When the user clicks a button your Java AWT/Swing event handler method is called,
			which is executed on the Java AWT-Thread (there is one AWT Thread for each Java virtual
			machine instance). To force that such external threads are properly synchronized
			with the internal agent execution, you are not allowed to call Jadex methods
			directly from those threads. If you try to do so, a runtime exception
			<quote>Wrong thread calling plan interface</quote> will be thrown. On the contrary,
			it is allowed to call the external access from any thread (including plan resp. 
			agent threads).
		</para>
		
		<para>
			The AbstractPlan class provides a method <methodname>getExternalAccess()</methodname>
			which returns an accessor which automatically does the necessary thread synchronization.
			This accessor implements the <classname>ICapability</classname> interface, providing access
			to all features of the capability (beliefbase, goalbase, etc.). 
			In addition, some convenience methods
			are provided to wait for goals to be completed or messages to be received. These
			methods should be used with caution, as they could easily lead to deadlocks.
			To avoid at least one source of deadlocks, it is not possible to call blocking methods on
			this accessor from the plan thread. Whenever you call the wrong object from
			the wrong thread, a RuntimeException will immediately identify the problem.
			The following code presents an example where a belief is changed when the user
			presses a button.
		</para>
		
		<figure>
			<title>External process example</title>
			<programlisting>public void body() {
    ...
    JButton button = new JButton("Click Me");
    button.addActionListener(new ActionListener() {
        public void actionPerformed(ActionEvent e) {
            // This code is executed on the AWT thread (not on the plan thread!)
            IBeliefbase bb = getExternalAccess().getBeliefbase();
            bb.getBelief("button_pressed").setFact(new Boolean(true));
        }
    });
    ...
}</programlisting>
		</figure>
	</section>
	
	<section id="externalinteractions.listeners">
		<title>Agent Listeners</title>
		<para>
			Agent listeners can be used to get informed whenever agent state changes happen.
			Normally, listeners will be employed in agent external components such as a GUI
			for getting information about declared elements. A GUI e.g. could use a listener
			to update its view with respect to belief changes in the agent.
			Generally, for all important agent attitudes such as belief, plans and goals
			as well as the agent itself different listener types exist 
			(see <xref linkend="externalinteractions.listeners.table"/>).
		</para>
		<para>
			Depending on the listener type different callback methods are provided 
			that are automatically invoked when relevant changes happen.
			Whenever a callback method is invoked a so called <classname>AgentEvent</classname> is passed
			and contains relevant information about the change that happened. It
			basically offers the two methods <computeroutput>getSource()</computeroutput>
			and <computeroutput>getValue()</computeroutput>. The source here is the originating element
			of the change event. For belief and beliefset changes, the agent event additionally contains
			the changed fact object, accessible by <computeroutput>getValue()</computeroutput>.
		</para>
		<para>
			The invocation of listener methods can happen either on the agent thread or on a
			separate thread. If the notification is performed on the agent thread
			it is not possible to use blocking calls such as 
			<computeroutput>dispatchTopLevelGoalAndWait()</computeroutput>. This is
			only allowed if asynchronous listeners are used. The decision to use
			a synchronous or an asynchronous listener is made when the listener is
			added.
		</para>
		<para>
			The addition and removal of listeners can be done either on the instance
			elements themselves (e.g. a goal) or on the bases (e.g. the goalbase).
			In case the listener shall be added on an instance element it is only
			necessary to pass the listener object itself and the asynchronous flag
			as parameters of the call (e.g. <computeroutput>addBeliefListener(
			IBeliefListener listener, boolean async)</computeroutput>).
			In case a type-based listener shall be used e.g. for getting informed about
			new goal instances in addition to the parameters aforementioned also
			the type needs to be declared (e.g. <computeroutput>addGoalListener(
			String type, IGoalListener listener, boolean async)</computeroutput>).
		</para>
		<para>
			In the listener example below (see <xref linkend="externalinteractions.listener_example"/>)
			it is shown how a belief listener can be directly added to a "name" belief via
			the external access interface. It is used to update the value of a textfeld whenever
			the belief value changes.
		</para>
		
		<figure id="externalinteractions.listener_example">
			<title>Agent listener example</title>
			<programlisting>IExternalAccess agent = ...
agent.getBeliefbase().getBelief("name").addBeliefListener(new IBeliefListener() {
    public void beliefChanged(AgentEvent ae) {
        textfield.setText("Name: ["+ae.getValue()+"]");
    }
}, false);</programlisting>
		</figure>
		
		
		<para>
			<table
				id="externalinteractions.listeners.table">
				<title>Available listeners</title>

				<tgroup cols="3">
<!-- 					<colspec colnum="1" colwidth="4" />
					<colspec colnum="2" colwidth="4" />
					<colspec colnum="3" colwidth="5" />
 -->
					<thead>
						<row>
							<entry>Listener</entry>
							<entry>Element</entry>
							<entry>Listener Methods</entry>
							<!-- <entry>AgentEvent Source</entry>
							<entry>AgentEvent Value</entry>  -->
						</row>
					</thead>
					<tbody>							
						<row>
							<entry>
								<classname>IAgentListener</classname>
							</entry>
							<entry>
								<classname>ICapability</classname>
							</entry>
							<entry>
								<computeroutput>agentTerminating()</computeroutput><footnote>
								<para>The event source will always be the terminating agent itself (i.e., the root capability)
								even when registering the listener on a subcapability.</para></footnote>
							</entry>
							<!-- <entry>
								<computeroutput>ICapability</computeroutput>
							</entry>
							<entry>
								n/a
							</entry> -->
						</row>
						<row>
							<entry>
								<classname>IBeliefListener</classname>
							</entry>
							<entry>
								<classname>IBelief</classname>
							</entry>
							<entry>
								<computeroutput>beliefChanged()</computeroutput>
							</entry>
							<!-- <entry>
								<computeroutput>IBelief</computeroutput>
							</entry>
							<entry>
								The changed fact object.
							</entry> -->
						</row>
						<row>
							<entry>
								<classname>IBeliefSetListener</classname>
							</entry>
							<entry>
								<classname>IBeliefSet</classname>
							</entry>
							<entry>
								<computeroutput>factAdded()</computeroutput>,
								<computeroutput>factRemoved()</computeroutput>,
								<computeroutput>beliefSetChanged()</computeroutput><footnote>
								<para>The value of the agent event will be null when all facts have changed, e.g., due to a dynamic facts expression.</para></footnote>
							</entry>
							<!-- <entry>
								<computeroutput>IBeliefSet</computeroutput>
							</entry>
							<entry>
								The added/removed/changed fact object or null when all facts have changed, e.g., due to a dynamic facts expression.
							</entry> -->
						</row>
						<row>
							<entry>
								<classname>IConditionListener</classname>
							</entry>
							<entry>
								<classname>ICondition</classname>, <classname>IExpressionbase</classname>
							</entry>
							<entry>
								<computeroutput>conditionTriggered()</computeroutput>
							</entry>
							<!-- <entry>
								<computeroutput>ICondition</computeroutput>
							</entry>
							<entry>
								n/a
							</entry> -->
						</row>
						<row>
							<entry>
								<classname>IGoalListener</classname>
							</entry>
							<entry>
								<classname>IGoal</classname>, <classname>IGoalbase</classname>
							</entry>
							<entry>
								<computeroutput>goalAdded()</computeroutput>,
								<computeroutput>goalFinished()</computeroutput>
							</entry>
							<!-- <entry>
								<computeroutput>IGoal</computeroutput>
							</entry>
							<entry>
								n/a
							</entry> -->
						</row>
						<row>
							<entry>
								<classname>IInternalEventListener</classname>
							</entry>
							<entry>
								<classname>IEventbase</classname>
							</entry>
							<entry>
								<computeroutput>internalEventOccurred()</computeroutput>
							</entry>
							<!-- <entry>
								<computeroutput>IInternalEvent</computeroutput>
							</entry>
							<entry>
								n/a
							</entry> -->
						</row>
						<row>
							<entry>
								<classname>IMessageEventListener</classname>
							</entry>
							<entry>
								<classname>IMessageEvent</classname>,
								<classname>IEventbase</classname>
							</entry>
							<entry>
								<computeroutput>messageEventReceived()</computeroutput>,
								<computeroutput>messageEventSent()</computeroutput>
							</entry>
							<!-- <entry>
								<computeroutput>IMessageEvent</computeroutput>
							</entry>
							<entry>
								n/a
							</entry> -->
						</row>
						<row>
							<entry>
								<classname>IPlanListener</classname>
							</entry>
							<entry>
								<classname>IPlan</classname>,
								<classname>IPlanbase</classname>
							</entry>
							<entry>
								<computeroutput>planAdded()</computeroutput>,
								<computeroutput>planFinished()</computeroutput>
							</entry>
							<!-- <entry>
								<computeroutput>IPlan</computeroutput>
							</entry>
							<entry>
								n/a
							</entry> -->
						</row>
					</tbody>
				</tgroup>
			</table>
		</para>
		
	</section>
</chapter>