<!--<!DOCTYPE chapter PUBLIC "-//OASIS//DTD DocBook XML V4.1.2//EN"
    "../docbook/dtd/docbookx.dtd" >-->
<appendix id="faq">
    <title>FAQ+HOWTO</title>
    
    <para>
    	The Jadex frequently asked questions (FAQ) of Jadex are managed in the 
    	<ulink url="http://jadex.wiki.sourceforge.net/faq">Jadex Wiki</ulink>
    	space from sourceforge. At this wiki you can find always the current questions and
    	answers. If you want to add a question/answer that you find missing there feel free
    	to add it there (the wiki is public meaning that everyone has the chance to add
    	her/his stuff there).
    </para>
    <para>
    	For off-line reading this user guide mirrors the current FAQ from the wiki.
    </para>
    
    <qandaset id="faq.set">
    	 <qandaentry>
            <question>
                <para>When I start the Jadex platform together with the JADE adapter I get
                a strange error (e.g. <classname>ClassCastException</classname>) and the JADE
                RMA does not show up. What can be the reason for that?</para>
            </question>
            <answer>
                <para>
	                Currently, you should set-up cleanly separated environments for running
	                Jadex with the Standalone resp. the JADE platform. For setting up a clean
	                environment you should consider the following aspects:
	                <itemizedlist>
		                <listitem>
		                    <para>
		                    	Both versions should not be started from the same directory, as both use the <filename>jadex.properties</filename>
		                    	and overwrite values in it (or should explicitly use different propoerties). As the settings are 
		                    	incompatible this may cause troubles.
		                    </para>
		                </listitem>
		                <listitem>
		                    <para>
		                    	Secondly, you should also separate classpath settings of both Jadex versions.
		                		It causes troubles if more than adapter jar is included as the wrong service classes
		                		might be used (AMS/DF etc).
		                    </para>
		                </listitem>
	                </itemizedlist>
                </para>
            </answer>
        </qandaentry>

		<qandaentry>
			<question>
				<para>
 					I get the message while loading an agent in the Jadex-RMA console: <code>No
					model loaded: java.io.IOException Unable to access binding information for
					class jadex.model.jibiximpl.MBDIAgent </code>
				</para>
			</question>
			<answer>
				<para>
 					Use developer version or run
 					<para>
						<command>
 							org.jibx.binding.Compile -v kernel/src/jadex/model/jibximpl/binding.xml
 						</command>
					</para>
				</para>
			</answer>
		</qandaentry>
		
		<qandaentry>
			<question>
				<para>What does "retrydelay" flag mean?</para>
			</question>
			<answer>
				<para>
					Without retrydelay goal processing works as follows:
					goal -> plan 1 -> plan 2 -> plan 3 -> ...
					until the goal is failed or succeeded.
				</para>
				<para>
					The retrydelay just specifies a delay in milliseconds before
					trying the next plan, when the previous plan has finished, i.e.:
					goal -> plan 1 -> wait -> plan 2 -> wait -> plan 3 -> ...
					until goal fails or succeeds.
					This is e.g. useful, when already tried plans are not excluded
					from the applicable plan set, leading to the same plan being
					tried over and over again.
				</para>
			</answer>
		</qandaentry>
		
		<qandaentry>
			<question>
				<para>How can the environment of a Jadex MAS be programmed?</para>
			</question>
			<answer>
				<para>
					We tried out different approaches for realizing the environment of a MAS.
 					In the most simple case we realized the environment as a singleton object
 					for all agents. Of course this approach is limited in nature as it is not
 					possible to distribute the application over more than one Java VM. In this
 					case we used a simple belief with a fact expression that refers to that
 					singleton object, e.g. you can look at the garbagecollector example in the
 					ADF you can find:
				</para>
				<para>
					<programlisting><![CDATA[<!-- Environment object as singleton.-->
<belief name="env" class="Environment">
    <fact>Environment.getInstance($agent.getType(), agent.getName())</fact>
</belief>]]>		</programlisting>
				</para>
				<para>
					If distribution is needed we used the approach of a separate environment
					agent. This agent administers the environment and permits several actions being
					executed on the environment object. Therefore a domain specific ontology is
					defined, in which the actions are contained together with the FIPA stuff
					(agent action, agent identifier etc.). In principle each agent has to create
					the specific action it wants to perform on the environment (such as moveup)
					and encode it into an AgentAction (see FIPA spec). The environment agent
					tries to execute the contained action and sends back the result e.g.
					Done(AgentAction). As this procedure is cumbersome, we used following idea.
					For every primitive action a goal is defined with corresponding plans that
					do the message handling. The agent programmer can subsequently use just
					the goals for interaction with the environment.
				</para>
			</answer>
		</qandaentry>

        <qandaentry>
            <question>
                <para>
 					I have change the <filename>.java</filename> file, e.g. a plan.
 					Why are my changes not reflected in the running Jadex system?
				</para>
            </question>
        	<answer>
                <para>
					Jadex relies on the Java class loading mechanism. This means that normally Java
					classes are loaded only once into the VM. You need to restart the Platform
					for taking the changes effect. Since Jadex 0.94 a plan class reloading at runtime
					is also possible when the Jadex expression interpreter is used and the corresponding
					option "plan reloading" option is turned on in the Jadex settings.
 					In contrast to plan classes XML changes inlcuding inline plan bodies (only available
 					with the expression compiler add-on available from the
					<ulink url="http://vsis-www.informatik.uni-hamburg.de/projects/jadex/addons.php">Jadex add-on page</ulink>)
 					are directly reflected whenever the model is laoded. The reason for this is that
 					inline plan bodies can be compiled on demand at runtime.
				</para>
        	</answer>
		</qandaentry>

		<qandaentry>
            <question>
                <para>
 					In my agents there is always one <emphasis>plan</emphasis> for a
                    <emphasis>goal</emphasis>. Why do I need goals anyway?
				</para>
            </question>
			<answer>
				<para>
					You don't need to use goals for every problem. But, in our opinion
 					using goals in many cases simplifies the development and allows for easier extensions
 					of an application. The difference between plans and goals is fundamental.
 					Goals represent the "what" is desired while plans are characterized by the
 					"how" could things be accomplished. So if you e.g. use a goal "achieve happy
					programmers" you did not specify how you want to pursue this goals.
					One option might be the increase of salary, another might be to buy
					new TFT monitors. Genereally, the usefulness of goals depends on the
					concrete problem and its complexity at hand.
				</para>
				<!-- Do not remove the following empty paras.                  -->
				<!-- They are required due to the "id already exists" FOP bug. -->
				<!-- See http://marc.info/?l=fop-user&m=109433175618447&w=2    -->
            	<para/>
            	<para/>
			</answer>
        </qandaentry>

        <qandaentry>
            <question>
                <para>How can the agent become aware of or react to its own death?</para>
            </question>
            <answer>
             	<para>
            		Since version 0.96 Jadex supports not only initial states but also
            		end states. Whenever an agent is terminated its execution will not be
            		immediately stopped. Instead the agent changes its state to "terminating",
            		aborts all running goals and plans and activates elements declared in
            		the end state. For details please have a look at <xref linkend="configurations"/>.
            		If you want to be notified when an agent dies you can use an agent listener
            		(cf. <xref linkend="externalinteractions.listeners"/>).
            	</para>
            </answer>
        </qandaentry>
        
        <qandaentry>
            <question>
                 <para>How can I parametrize an agent and set parameter values
                	before starting?
                </para>
            </question>
            <answer>
            	<para>
            		Since Jadex 0.96 the way agent arguments are specified
            		has changed. All agent beliefs that are "exported" are
            		automatically considered as agent parameters. The JCC
            		gui automatically creates input fields for these
            		exported parameters. Programmatically, the arguments can
            		be directly referenced via their associated beliefs.
            	</para>
             </answer>
        </qandaentry>
        
        <qandaentry>
            <question>
                <para>Is there some preferred persistence mechanism for beliefs?</para>
            </question>
            <answer>
            	<para>
            		In the current version Jadex does not provide a ready-to-use persistence
            		mechanism for the beliefs of an agent. We have successfully used 
            		normal object-relational mapping frameworks such as 
            		<ulink url="http://www.hibernate.org">Hibernate</ulink> in combination with Jadex. Nonetheless, the task
            		of persisting data cannot be fully automated and needs to be done in plans.
            		This topic should be an issue of further research and improvement.
            	</para>
             </answer>
        </qandaentry>
        
        <qandaentry>
            <question>
                <para>Can capabilities be used for group communication, i.e. are they some
                kind of tuple space, where one agent puts in data and other can read it?</para>
            </question>
            <answer>
                <para>No, this seems to be a common misunderstanding of the concept. A capability
                is comparabale to a module. Each agent that includes a capability get a separate
                instance of that module. For details have a look at <xref linkend="capabilities"/>.
                </para>
            </answer>
        </qandaentry>

<!--        <qandaentry>
            <question>
                <para>How to send a message in Jadex?</para>
            </question>
        </qandaentry>
        <qandaentry>
            <question>
                <para>How to get the content of a message in Jadex?</para>
            </question>
        </qandaentry>
        <qandaentry>
            <question>
                <para>How to retrieve a fact from the beliefbase?</para>
            </question>
        </qandaentry>
        <qandaentry>
            <question>
                <para>How to query the beliefbase?</para>
            </question>
        </qandaentry>
        <qandaentry>-->
    </qandaset>
</appendix>
