<?xml version="1.0" encoding="UTF-8"?>
<!--<!DOCTYPE chapter PUBLIC "-//OASIS//DTD DocBook XML V4.1.2//EN"
"../docbook/dtd/docbookx.dtd" >-->
<chapter id="goals">
	<title>Goals</title>

	<para>
		Goals make up the agent's motivational stance and are the driving forces for its actions. Therefore,
		the representation and handling of goals is one of the main features of Jadex. The concepts that
		make up the basis for the representation of goals in Jadex are described in
		<xref linkend="concepts.goal_structure"/> and in more detail in <xref linkend="Braubach+04GoalRepresentation"/>
		and <xref linkend="Pokahr+05Goal"/>.
		Currently Jadex supports four different goal kinds and a meta-level goal kind. A perform goal specifies
		some activities to be done. Therefore the outcome of the goal depends only on the fact, if activities were
		performed. In contrast, an achieve goal can be seen as a goal in the classical sense by representing a target state
		that needs to be achieved. Similar to the behavior of the achieve goal is the query goal, which is used to
		enquire information about a specified issue. The maintain goal has the purpose to observe some desired world
		state and actively reestablishes this state when it gets violated. Meta-level goals can be used in the plan
		selection process for reasoning about events and suitable plans.
		<xref linkend="goals.xmlschema"/> shows that a specific tag for each goal kind exists. Additionally, the
		<computeroutput><![CDATA[ <...goalref> ]]></computeroutput>
		tags allow for the definition of references to goals from other capabilities (cf.
		<xref linkend="capabilities.elements"/>).
	</para>

	<figure id="goals.xmlschema">
		<title>The Jadex goals XML schema part</title>
		<screenshot>
			<mediaobject>
				<imageobject>
					<imagedata fileref="images/jadex_goals_adf.png"/>
				</imageobject>
			</mediaobject>
		</screenshot>
	</figure>

	<para>
		At runtime an agent may have any number of top-level goals, as well as subgoals (i.e. belonging to some plan).
		Top-level goals may be created when the agent is born (contained in an initial state in the ADF) or will be later adopted at runtime,
		while subgoals can only be dispatched by a running plan.
		Regardless of how a goal was created, the agent will automatically try to select appropriate plans to achieve all of its goals.
		The properties of a goal, specified in the ADF, influence when and how the agent handles these goals.
		In the following, the features common
		to all goal kinds will be described, thereafter the special features of the specific goal kinds will be explained.
	</para>


	<section id="goals.commonfeatures">
		<title>Common Goal Features</title>

		<para>
			In <xref linkend="goals.commonfeatures.schema"/> the base type of all four goal kinds is depicted to
 			illustrate the shared goal features. In Jadex, goals are strongly typed in the sense that all goal types
 			can be identified per name and all parameters of a goal have to be declared in the XML. The declaration
 			of parameters resembles very much the specification of beliefs. Therefore it is distinguished between
 			single-valued parameters and multi-valued parameter sets. As with beliefs, arbitrary expressions can be
 			supplied for the parameter values. The system distingiushes <computeroutput>in</computeroutput>,
			<computeroutput>out</computeroutput>, and <computeroutput>inout</computeroutput>, parameters,
			specified using the <computeroutput>direction</computeroutput> attribute.
 			<computeroutput>in</computeroutput> parameters are set before the goal is dispatched, while
			<computeroutput>out</computeroutput> parameters are set by the plan processing the goal, and
 			can be read when the goal returns. Additionally, it can be specified that a parameter is not
 			mandatory by using the <computeroutput>optional</computeroutput> attribute.
			Whenever a goal instance of the declared type is created and dispatched to the system it will be checked with
			respect to its parameters, and when no value has been supplied for a mandatory <computeroutput>in</computeroutput> parameter or parameter set a
 			runtime exception will be thrown. The creation of new goals can be further influenced by
 			using binding options for parameters via the <computeroutput><![CDATA[ <bindingoptions> ]]></computeroutput>
 			tag instead of the <computeroutput><![CDATA[ <value> ]]></computeroutput> tag.
			All possible combinations of assignments of binding parameters will be calculated when the creation condition
			is affected from a change. For those bindings that fullfil the creation condition new goals are
			instantiated. The bound variables can be referenced in the creation condition directly via their name attribute.
		</para>

		<figure id="goals.commonfeatures.schema">
			<title>The Jadex common goal features</title>
			<screenshot>
				<mediaobject>
					<imageobject>
						<imagedata fileref="images/jadex_basegoal_adf.png"/>
					</imageobject>
				</mediaobject>
			</screenshot>
		</figure>

		<para>
			The <computeroutput><![CDATA[ <unique> ]]></computeroutput> settings influence if a goal is adopted
 			or ignored. When the unique tag is present, the agent does not adopt two equal instances of the goal
 			at once. By default two goal instances of the same type are equal, when all parameters and parameter sets
 			have the same values. Using the <computeroutput><![CDATA[ <exclude> ]]></computeroutput> tag this default
			behavior can be overriden by specifying which parameter(set)s should not be considered in the comparison.
 			When a plan tries to adopt a goal that already exists and is declared as unique, a goal failure exception
 			is thrown (see <xref linkend="plans.failure"/>.
		</para>

		<para>
			To describe the situations in which a new goal of the declared user type will be automatically instantiated, the
			<computeroutput><![CDATA[ <creationcondition> ]]></computeroutput> may be used.
			For adopted goals, it can be specified under which conditions such a goal has to be suspended
			or dropped using the <computeroutput><![CDATA[ <contextcondition> ]]></computeroutput> and
			<computeroutput><![CDATA[ <dropcondition> ]]></computeroutput> respectively.
			The suspension of a goal means that all currently executing plans for that goal and all subgoals are
			terminated at once. If the suspension is cancelled, new means for achieving the goal will be inited.
			On the other hand, when a goal is dropped it is removed from the agent, and cannot be reactivated.
		</para>

		<para>
			The <computeroutput><![CDATA[ <deliberation> ]]></computeroutput> settings, which influence
			which of the possible (i.e., not suspended) goals get pursued, will be explained in <xref linkend="goals.deliberation"/>.
		</para>

		<section id="goals.commonfeatures.example">
			<title>Example Goal</title>
			<para>
				<xref linkend="goals.commonfeatures.example.fig"/> shows an example goal using
				most of the features described above. It is a simplified example taken from the
				Hunter-Prey scenario (package
				<computeroutput>jadex.examples.hunterprey</computeroutput>) from the
				<classname>BasicBehaviour</classname> capability, common to all prey creatures.
				The goal is named <classname>eat_food</classname> and has one parameter
				<computeroutput>$food</computeroutput>,
				which is assigned from binding options taken from the <computeroutput>food</computeroutput>
 				belief set. It is created whenever there is food (in the <computeroutput>$food</computeroutput> parameter)
				and the creature is allowed to eat (see creation condition).
				The goal is <computeroutput><![CDATA[ <unique/> ]]></computeroutput> meaning that
 				the creature will not pursue two goals to eat the same food at the same time.
				Moreover, the
				<computeroutput><![CDATA[ <deliberation> ]]></computeroutput> settings specify that the
				<computeroutput>eat_food</computeroutput> goal is more important than the
				<computeroutput>wander_around</computeroutput> goal.
			</para>
			<figure id="goals.commonfeatures.example.fig">
				<title>Example goal (taken from Hunter-Prey scenario)</title>
				<programlisting><![CDATA[<achievegoal name="eat_food">
    <parameter name="$food" class="Food">
        <bindingoptions>$beliefbase.food</bindingoptions>
    </parameter>
    <unique/>
    <creationcondition>
         $beliefbase.eating_allowed
    </creationcondition>
    <deliberation>
        <inhibits ref="wander_around"/>
    </deliberation>
</achievegoal>]]></programlisting>
			</figure>
		</section>

		<section id="goals.commonfeatures.bdiflags">
			<title>BDI Flags</title>

			<para>
				The handling and the exposed behavior of goals can be adapted to the requirements
				of your application using the so called BDI flags as depicted in
				<xref linkend="goals.commonfeatures.bdiflags.table"/>.
				The flags can be specified as attributes of the different goal tags in the ADF,
				or individually for each goal instance using the <methodname>set...()</methodname> methods.
				The <computeroutput>retry</computeroutput> flag indicates that the goal should be retried or redone,
				until it is reached, or no more plans are available, which can handle the goal.
				An optional waiting time (in milliseconds) can be specifed using the
				<computeroutput>retrydelay</computeroutput>.
				The <computeroutput>exclude</computeroutput> flag is used in conjunction with
				<computeroutput>retry</computeroutput> and indicates that, when retrying a goal,
 				only plans should be called that where not already executed for that goal.
			</para>

			<table id="goals.commonfeatures.bdiflags.table">
				<title>Common goal attributes (BDI flags)</title>
				<tgroup cols="3">
					<colspec colnum="1" colwidth="3"/>
					<colspec colnum="2" colwidth="2"/>
					<colspec colnum="3" colwidth="8"/>

					<thead>
						<row>
							<entry>Name</entry>
							<entry>Default</entry>
							<entry>Possible Values</entry>
						</row>
					</thead>
					<tbody>
						<row>
							<entry>
								<computeroutput>retry</computeroutput>
							</entry>
							<entry>
								<literal>true</literal>
							</entry>
							<entry>{
								<literal>true</literal>,
								<literal>false</literal>}
							</entry>
						</row>
						<row>
							<entry>
								<computeroutput>retrydelay</computeroutput>
							</entry>
							<entry>
								<literal>0</literal>
							</entry>
							<entry>positive
								<classname>long</classname> value
							</entry>
						</row>
						<row>
							<entry>
								<computeroutput>exclude</computeroutput>
							</entry>
							<entry>
								<literal>"when_tried"</literal>
							</entry>
							<entry>{
								<literal>"when_tried"</literal>,
								<literal>"when_succeeded"</literal>,
								<literal>"when_failed"</literal>,
								<literal>"never"</literal>}
							</entry>
						</row>
						<row>
							<entry>
								<computeroutput>posttoall</computeroutput>
							</entry>
							<entry>
								<literal>false</literal>
							</entry>
							<entry>{
								<literal>true</literal>,
								<literal>false</literal>}
							</entry>
						</row>
						<row>
							<entry>
								<computeroutput>randomselection</computeroutput>
							</entry>
							<entry>
								<literal>false</literal>
							</entry>
							<entry>{
								<literal>true</literal>,
								<literal>false</literal>}
							</entry>
						</row>
						<row>
							<entry>
								<computeroutput>metalevelreasoning</computeroutput>
							</entry>
							<entry>
								<literal>true</literal>
							</entry>
							<entry>{
								<literal>true</literal>,
								<literal>false</literal>}
							</entry>
						</row>
						<row>
							<entry>
								<computeroutput>recur</computeroutput>
							</entry>
							<entry>
								<literal>false</literal>
							</entry>
							<entry>{
								<literal>true</literal>,
								<literal>false</literal>}
							</entry>
						</row>
						<row>
							<entry>
								<computeroutput>recurdelay</computeroutput>
							</entry>
							<entry>
								<literal>0</literal>
							</entry>
							<entry>positive
								<classname>long</classname> value
							</entry>
						</row>
					</tbody>
				</tgroup>
			</table>

			<para>
				The <computeroutput>posttoall</computeroutput> flag enables parallel processing of a goal
				by dispatching the goal to all applicable plans at once. The first plan to reach the goal "wins"
				and all other plans are terminated. When all plans terminate without achieving the goal, it is regarded as failed.
				The <computeroutput>randomselection</computeroutput> flag can be used to choose among applicable
 				plans for a given goal randomly. Using this flag, the order of plan declarations within
 				the ADF becomes unimportant, i.e., random selection is only applied to plans of the same priority and rank.
			</para>

			<para>
				The <computeroutput>metalevelreasoning</computeroutput> flag activates the meta-level reasoning for processing of that goal.
				Meta-level reasoning means, that the selection among the applicable plans for a given goal (or event) is shifted to a meta-level.
				This is done by the system by creating a meta-level goal which subsequently needs to be handled by a meta-level plan,
				which actually has to make the decision and return the result.
				As the description indicates this process could be made recursive to further meta-meta levels if more than one meta-plan
				is applicable for the meta-goal, but in our experience this is only a theoretical issue without practical relevance.
				In Jadex the meta-goals and plans need to be explicitly defined within an ADF.
				From this circumstance the Meta Goal type is derived which will be explained in more detail in <xref linkend="goals.metagoal"/>.
			</para>
			
			<para>
				Furthermore the goal introduce the <computeroutput>recur</computeroutput> flag
				and the <computeroutput>recurdelay</computeroutput> (in milliseconds) option as further BDI settings.
				Consider a goal to have failed after trying all available plans.
				Setting recur to true, this goal will not be dropped but try to execute again,
				when the specified delay has elapsed. For recurring goals, all plans
				are considered again, i.e. recur allows to completely restart
				the reasoning for a goal after some delay.
			</para>
			
		</section>
	</section>


		<section>
		<title>Perform Goal</title>

		<para>
			Perform goals are conceived to be used when certain activities have to be done.
			Below, an example declaration from the cleaner world example is shown. You can see
			that the perform goal <literal>"patrol"</literal> refines some BDI flags to
			obtain the desired behavior. By allowing the goal to redo activities
			(<computeroutput>retry</computeroutput>=<literal>"true"</literal>), it is assured
			that the agent does not conclude to knock off after having performed one patrol
			round, but instead patrols as long as it is night and it does not need to recharge
			its battery as described in the context condition. Even when the agent only
			knows one patrol plan, it will reuse this plan and perform the same
			patrol rounds, because it is not allowed to exclude a plan
 			(<computeroutput>exclude</computeroutput>=<literal>"never"</literal>).
 			Note that in the example the
			<literal>"&amp;amp;"</literal> entity is used to escape the AND character (
			<literal>"&amp;"</literal>) in XML.
		</para>

		<figure>
			<title>Example perform goal</title>
			<programlisting><![CDATA[<performgoal name="patrol" retry="true" exclude="never">
    <contextcondition>
        !$beliefbase.is_loading &amp;&amp; !$beliefbase.daytime
    </contextcondition>
</performgoal>]]></programlisting>
		</figure>

	</section>


	<section>
		<title>Achieve Goal</title>

		<para>
			Achieve goals are used to reach some desired world state. Therfore, they extend
			the presented common goal features by adding a
			<computeroutput><![CDATA[ <targetcondition> ]]></computeroutput>
			and a <computeroutput><![CDATA[ <failurecondition>]]></computeroutput>.
			With the target condition it can be specified in what cases a goal can be
			considered as achieved, whereas the failure condition is useful to describe
			the opposite. Therefore the failure condition is very similar to the drop
			condition that can be found in all goal types. In contrast to the drop condition
			the final state of the achieve goal is guaranteed to be failed when the failure
			condition triggers. If target and failure condition are not specified,
			the results of the plan executions are used to decide if the goal is achieved.
			In contrast to a perform goal, an achieve goal without target condition
			is completed when the first plan completes without error, while the perform
			goal would continue to execute as long as more applicable plans are available.
			Below another goal specification from the cleaner world example is shown.
			The <literal>"moveto"</literal> goal tries to bring the agent to a target position
 			as specified in the location parameter. The goal has been reached, when the agent's
			position is near the target position as described in the target condition.
		</para>

		<figure>
			<title>Example achieve goal</title>
			<programlisting><![CDATA[<achievegoal name="moveto">
    <parameter name="location" class="Location"/>
    <targetcondition>
        $beliefbase.my_location.isNear($goal.location)
    </targetcondition>
</achievegoal>]]></programlisting>
		</figure>

	</section>

	<section>
		<title>Query Goal</title>

		<para>
			Query goals can be used to retrieve specified information. From the specification
			and runtime behavior's point of view they are very similar to achieve goals with
			one exception. Query goals exhibit an implicit target condition by requesting
			all <computeroutput>out</computeroutput> parameters to have a value other than
			<literal>null</literal> and <computeroutput>out</computeroutput> parameter sets
			to contain at least one value.
			Therefore,  a query goal automatically succeeds, when all
			<computeroutput>out</computeroutput> parameter(set)s contain a value.
			The agent will engage into actions by performing plans only,
			when the required information is not available.
			Below, the
			<literal>"query_wastebin"</literal>
			example realizes a query goal to find the nearest not full waste bin.
			It defines an out parameter, which contains a query expression.
			If one or more not full waste bins are already known by the agent and
			therefore contained in the wastebins belief set, the result will be set to
			the nearest waste bin calculated from the agent's current position
			(as described in the order by clause). Otherwise the agent does not know
			any not full waste bin and will try to reach the goal by using matching plans.
		</para>

		<figure>
			<title>Example query goal</title>
			<programlisting><![CDATA[<querygoal name="query_wastebin" exclude="never">
    <parameter name="result" class="Wastebin" direction="out">
        <value evaluationmode="dynamic">
            select one $wastebin from $beliefbase.wastebins
            where !$wastebin.isFull()
            order by $beliefbase.my_location.getDistance($wastebin.getLocation())
        </value>
    </parameter>
</querygoal>]]></programlisting>
		</figure>

	</section>


	<section>
		<title>Maintain Goal</title>

		<para>
			Maintain goals allow a specific state to be monitored and whenever this state
			gets violated, the goal has the purpose to reestablish its original maintain
			state. Hence it adds a mandatory
			<computeroutput><![CDATA[ <maintaincondition> ]]></computeroutput>
			tag for the specification of the state to observe. Sometimes it is desirable
			to be able to refine the maintain state for being able to define more
			accurately what state should be achieved on a violation of the maintained state.
			Therefore the optional
			<computeroutput><![CDATA[ <targetcondition> ]]></computeroutput>
			can be declared.
		</para>

		<para>
			Note that maintain goals differ from the other kinds of goals in that they do
			not necessary lead to actions at once, but start processing automatically on
			demand. In addition, maintain goals are never finished according to actions or
			state, so the only possibility to get rid of a maintain goal, is to drop it
			either by specifying a drop condition or by dropping it from a plan.
		</para>

		<para>
			The maintain goal
			<literal>"battery_loaded"</literal> shown below,
			makes sure that the cleaner agent recharges its battery whenever the charge
			state drops under 20%. To avoid the agent moving to the charging station and
			loading only until 21% (which satisfies the maintain condition), the extra
			target condition is used. It ensures that the agent stays loading until the
			battery is fully recharged. Note that in the example the
			<literal>"&amp;gt;"</literal>
			entity is used to escape the greater-than character (">") in XML.
		</para>

		<figure>
			<title>Example maintain goal</title>
			<programlisting><![CDATA[<maintaingoal name="battery_loaded">
    <maintaincondition>
        $beliefbase.my_chargestate &gt; 0.2
    </maintaincondition>
    <targetcondition>
        $beliefbase.my_chargestate == 1.0
    </targetcondition>
</maintaingoal>]]></programlisting>
		</figure>

	</section>


	<section id="goals.creating_dispatching">
		<title>Creating and Dispatching New Goals</title>

		<para>
			Jadex distinguishes between top-level goals and subgoals. Subgoals
			are created in the context of a plan, while top-level goals exist independently
			from any plans. When a plan terminates or is aborted, all its not yet finished subgoals
			are dropped automatically.
			There are four ways to create and dispatch new goals: Goals can be contained
			in the configuration of an agent or capability, and are directly created
			and dispatched as top-level goals when an agent is born or terminated (cf. <xref linkend="configurations.goals"/>).
			In addition, goals are automatically created and dispatched as top-level goals,
			when the goal's creation condition triggers. Subgoals may be created inside plans only, while
			top-level goals may be created manually from plans, as well as from external
			interactions (cf. <xref linkend="externalinteractions"/>).
		</para>

		<para>
			When a plan wants to dispatch a subgoal or make the agent adopt a new top-level goal it
			also has to create an instance of some <classname>IMGoal</classname>. For convenience a
			method <methodname>createGoal()</methodname> is provided in
			<classname>jadex.runtime.AbstractPlan</classname>
			that automatically performs the necessary goal lookup for the model element of the
			new goal instance. The name therefore specifies the
			<classname>IMGoal</classname> to use as basis for the new <classname>IGoal</classname>.
		</para>

		<para>
			A subgoal is dispatched as child of the root goal of the plan,
			and remains in the goal hierarchy until it is finished or aborted.
			To start processing of a subgoal, the plan has to dispatch the goal using the
			<methodname>dispatchSubgoal()</methodname> method. When the
			subgoal is finished (e.g., failed or succeeded), an appropriate goal event
			(type <computeroutput>info</computeroutput>) will be generated, which can
			be handled by the plan that created the subgoal.
			A <methodname>dispatchSubgoalAndWait()</methodname> method
			is provided in the <classname>Plan</classname> class, which dispatches the goal an
			waits until the goal is completed.
			Alternatively to
 			subgoals, the plan can make the agent adopt a new top-level goal by using the
			<methodname>dispatchTopLevelGoal()</methodname> method. Further on, a plan may
 			at any time decide to abort one of its subgoals or a top-level goal by using the
			<methodname>drop()</methodname> method of the goal. Note, that a goal cannot be
 			dropped when it is already finished.
		</para>

		<figure>
			<title>Dispatching goals from plan bodies</title>
			<programlisting>public void body() {
    // Create new top-level goal.
    IGoal goal1 = createGoal("mygoal");
    dispatchTopLevelGoal(goal1);
    ...
    // Create subgoal and wait for result.
    IGoal goal2 = createGoal("mygoal");
    IGoalEvent ge = dispatchSubgoalAndWait(goal2);
    ...
    // Drop top-level goal.
    goal1.drop();
}			</programlisting>
		</figure>

		<para>
			When dispatching and waiting for a subgoal from a standard plan, a goal
			failure will be indicated by a <classname>GoalFailureException</classname>
			being thrown. Normally, this exception need not be catched, because most
			plans depend on all of their subgoals to succeed. If the plan may provide
			alternatives to failed subgoals, you can use try/catch statements to
			recover from goal failures (see also <xref linkend="plans.failure"/>):
		</para>


		<figure>
			<title>Handling of failed subgoals</title>
			<programlisting>public void body() {
    ...
    // Goal failure will cause plan to fail.
    dispatchSubgoalAndWait(goal1);

    // Goal failure will not cause plan to fail.
    try {
        dispatchSubgoalAndWait(goal2);
    }
    catch(GoalFailureException e) {
        // Recover from goal failure.
        ...
    }
}			</programlisting>
		</figure>
	</section>

	<section id="goals.deliberation">
		<title>
			Goal Deliberation with "Easy Deliberation"
		</title>
		<para>
			One aspect of rational behavior is that agents can pursue multiple
			goals in parallel. Unlike other BDI systems, Jadex provides an architectural
			framework for deciding how goals interact and how an agent can
			autonomously decide which goals to pursue. This process is called
			goal deliberation, and is facilitated by the goal lifecycle (cf.
			<xref linkend="concepts.fig_goal_lifecycle"/>), which introduces the <emphasis>active</emphasis>,
			<emphasis>option</emphasis>, and <emphasis>suspended</emphasis> states.
			The context condition of a goal specifies which goals can possibly be pursued, and which
			goals have to be suspended. A goal deliberation strategy then has the task to choose
			among the possible (i.e., not suspended) goals by activating some of them, while leaving the others
			as options (for later processing).
		</para>
		<para>
			The current release of Jadex includes a goal deliberation strategy called <emphasis>Easy
			Deliberation</emphasis>, which is designed to allow agent developers to specify the relationships
			between goals in an easy and intuitive manner. It is based on goal cardinalities,
			which restrict the number of goals of a given type that may be active at once,
			and goal inhibitions, which prohibit certain others goal to be pursued in parallel.
			More details and scientific background about the Easy Deliberation strategy and goal
			deliberation in general can be found in <xref linkend="Pokahr+05Goal"/>.
		</para>
		<para>
			The goal deliberation settings are included in the goal specification in the ADF
			Using the <computeroutput><![CDATA[ <deliberation> ]]></computeroutput> tag.
			The cardinality is specified as an integer value in the
			<computeroutput>cardinality</computeroutput> attribute of the
			<computeroutput><![CDATA[ <deliberation> ]]></computeroutput> tag.
			The default is to allow an unlimited number of goals of a type to be processed at once.
			Inhibition arcs between goal types are specified using the
			<computeroutput>ref</computeroutput> attribute of the
			<computeroutput><![CDATA[ <inhibits> ]]></computeroutput> tag,
			which specifies the name of the goal to inhibit. Per default, any instance of the
 			inhibiting goal type inhibits any instance of the referenced goal type.
			An expression can be included as content of the inhibits tag, in which case
			the inhibition only takes effect when the expression evaluates to true.
			Using the expression variables <computeroutput>$goal</computeroutput> and
			<computeroutput>$ref</computeroutput>, fine-grained instance-level inhibition releationships
 			may be specified. Some goals, such as idle maintain goals, might not alway be in conflict with
 			other goals, therefore it is sometimes required to restrict the inhibition to only take effect
 			when the goal is in process. This can be specified with the <computeroutput>inhibit</computeroutput> attribute of the
			<computeroutput><![CDATA[ <inhibits> ]]></computeroutput> tag, using
			<literal>"when_active"</literal> (default) or <literal>"when_in_process"</literal> as appropriate.
			For a better understanding of the goal deliberation mechanism in the following
			the deliberation settings of the cleanerworld example will be explained.
		</para>
		<para>
			<xref linkend="goals.deliberation.example.fig"/> shows the dependencies between
			the goals of a cleaner agent (cf. package <computeroutput>jadex.examples.cleanerworld</computeroutput>.
			The basic idea is that the cleaner agent (being an autonomous robot)
			has at daytime the task to look for waste in some environment and clean up the
			located pieces by bringing them to a near waste-bin. At night it should stop cleaning
			and instead patrol around to guard its environment. Additionally, it always has to
			monitor its battery state and reload it at a charging station when the energy level
			drops below some threshold.
		</para>
		<figure id="goals.deliberation.example.fig">
			<title>Example goal dependencies (taken from Cleanerworld scenario)</title>
			<mediaobject>
				<imageobject>
					<imagedata fileref="images/cleaner_goals.png"/>
				</imageobject>
			</mediaobject>
		</figure>
		<para>
			The dependencies can be naturally mapped to the goal specifications in the ADF
			(see <xref linkend="goals.deliberation.example.xml"/>).
			<computeroutput><![CDATA[<inhibits>]]></computeroutput> tags are used to
			specify that the <quote>maintainbatteryloaded</quote> goal is more important
			than the other goals. As the <quote>maintainbatteryloaded</quote> is a
			maintain goal, it only needs to precede the other goals when it is in
			process, i.e., the cleaner is currently recharging its battery.
			The cardinality of the <quote>achievecleanup</quote> goal specifies,
			that the agent should only pursue one cleanup goal at the same time.
			The goal inhibits the <quote>performlookforwaste</quote> goal and
			additionally introduces a runtime inhibition relationship to other goals
			of its type. The expression contained in the inhibits declaration
			means that one <quote>achievecleanup</quote> goal should inhibit
			other instances of the <quote>achievecleanup</quote> goal, when
			its waste location is nearer to the agent.
		</para>
		<figure id="goals.deliberation.example.xml">
			<title>Example goals (taken from Cleanerworld scenario)</title>
			<programlisting><![CDATA[<maintaingoal name="maintainbatteryloaded">
    <!-- Omitted conditions for brevity. -->
    <deliberation>
        <inhibits ref="performlookforwaste" inhibit="when_in_process"/>
        <inhibits ref="achievecleanup" inhibit="when_in_process"/>
        <inhibits ref="performpatrol" inhibit="when_in_process"/>
    </deliberation>
</maintaingoal>

<achievegoal name="achievecleanup" retry="true" exclude="when_failed">
    <parameter name="waste" class="Waste" />
    <!-- Omitted conditions for brevity. -->
    <deliberation cardinality="1">
        <inhibits ref="performlookforwaste"/>
        <inhibits ref="achievecleanup">
            $beliefbase.my_location.getDistance($goal.waste.getLocation())
            &amp;lt; $beliefbase.my_location.getDistance($ref.waste.getLocation())
        </inhibits>
    </deliberation>
</achievegoal>]]></programlisting>
		</figure>
	</section>

	<section id="goals.metagoal">
		<title>Meta Goal</title>
			
		<para>
			Meta Goals are used for meta-level reasoning.
			This means, whenever an event or goal is executed and it is
			determined that meta-level resoning needs to be done (i.e., because there are multiple matching plans)
			the corresponding meta-level goal of the goal or event is created and dispatched.
			Corresponding meta-level plans are then executed to achieve the meta goal (i.e., find a plan to execute).
			When the meta goal is finished the result contains the selected plans, which are afterwards scheduled for execution.
		</para>
		
		<para>
			With the trigger tag, it is specified for which kind of event or goal the meta goal should be
			activated. Possible meta goal triggers are shown in <xref linkend="goals.metagoal.trigger.schema"/>. As can be seen, meta goals
			can be used to select among applicable plans for an internal event, message event, a goal finished
			event, and a new goal to process. Any number of these triggers can appear inside a meta goal specification,
			i.e., a meta goal can be used to control meta-level reasoning of more than one event type. Each triggering
			element can be further described using a match expression, which can be used, e.g., to match only
			elemens with given parameter values.
			For backwards compatibility it is also possible to specify the triggering events in form of a single
			filter expression. This should only be needed in very special cases and should otherwise be avoided,
			because support for filter expressions might be dropped in future releases of Jadex.
		</para>
		<figure id="goals.metagoal.trigger.schema">
			<title>Meta goal trigger tag</title>
			<mediaobject>
				<imageobject>
					<imagedata fileref="images/jadex_metagoaltrigger_adf.png"/>
				</imageobject>
			</mediaobject>
		</figure>
		
		
		<para>
			Besides the declaration of a triggering goal or event, the specification of a meta goal requires 
			including the <computeroutput>in</computeroutput> parameter set <literal>"applicables"</literal>
			and the <computeroutput>out</computeroutput> parameter set <literal>"result"</literal> (both of type <classname>jadex.runtime.ICandidateInfo</classname>).
			The applicables are filled in by the system, while the result is set by the meta-level plan executed to achieve the meta goal.
			Furthermore, a failure condition can specified (similar to query goals) as meta goals are also used for
			information retrieval (to find a plan to execute for a goal resp. event).
			Meta-goals are only created internally by the system when the demand for meta-level reasoning arises.
			Therefore, in contrast to the query goal and the other goal types presented here,
			meta-goals exhibit several restrictions, as for these kinds of goals creation condition,
			unique settings and binding parameters are not allowed. 
			On the other hand, meta-plans do not differ from other plans (there is no a separate tag for meta plans).
			A plan is a meta plan, when its plan trigger contains a meta goal.
		</para>
		<para>
			In the example below, adapted from the <filename>jadex.examples.puzzle</filename> example,
			for every <quote>makemove</quote> goal a large number
			of plan instances might be applicable, as the <quote>move_plan</quote>
			has a binding option which always contains all possible moves.
			Therefore, the <quote>choosemove</quote> meta goal is used to decide
			which of the applicable <quote>move_plan</quote> instances should be executed.
			In turn, handling the <quote>choosemove</quote> meta goal another plan is
			executed (<quote>choose_move_plan</quote>). As you can see in <xref linkend="goals.metagoals.example.planbody"/>,
			the <quote>choose_move_plan</quote> has access to the
			parameters of applicable plans and may use this informations to decide which
			plan(s) to execute. The selected plans are placed in the <quote>result</quote>
			parameter of the <quote>choose_move_plan</quote> goal.
		</para>

		<figure>
			<title>Example meta goal and corresponding plan</title>
			<programlisting><![CDATA[<goals>
    <achievegoal name="makemove">
        ...
    </achievegoal>

    <metagoal name="choosemove">
        <parameterset name="applicables" class="ICandidateInfo"/>
        <parameterset name="result" class="ICandidateInfo" direction="out"/>
        <trigger>
            <goal ref="makemove"/>
        </trigger>
    </metagoal>
</goals>

<plans>
    <plan name="move_plan">
        <parameter name="move" class="Move">
            <bindingoptions>$beliefbase.board.getPossibleMoves()</bindingoptions>
        </parameter>
        ...
        <trigger>
            <goal ref="makemove"/>
        </trigger>
    </plan>
    
    <plan name="choose_move_plan">
        <parameterset name="applicables" class="ICandidateInfo">
            <goalmapping ref="choosemove.applicables"/>
        </parameterset>
        <parameterset name="result" class="ICandidateInfo" direction="out">
            <goalmapping ref="choosemove.result"/>
        </parameterset>
        <body>new ChooseMovePlan()</body>
        <trigger>
            <goal ref="choosemove"/>
        </trigger>
    </plan>
</plans>]]></programlisting>
		</figure>

		<figure id="goals.metagoals.example.planbody">
			<title>Body of the ChooseMovePlan</title>
			<programlisting>public void body()
{
    ICandidateInfo[] apps = (ICandidateInfo[])getParameterSet("applicables").getValues();

    ICandidateInfo sel = null;
    
    for(int i=0; i&lt;apps.length; i++)
    {
        // Decide which plan to select, e.g. using the move parameter of the move_plan.
        Move move = (Move)apps[i].getPlan().getParameter("move").getValue();
        ...
    }

    getParameterSet("result").addValue(sel);
}</programlisting>
        </figure>
	</section>


</chapter>

