<?xml version="1.0" encoding="UTF-8"?>
<!--<!DOCTYPE chapter PUBLIC "-//OASIS//DTD DocBook XML V4.1.2//EN"
"../docbook/dtd/docbookx.dtd" >-->
<chapter id="imports">
	<title>Imports</title>

	<para>
		The<computeroutput><![CDATA[ <imports> ]]></computeroutput>tag is used to
		specify, which classes and packages can be used by Java expressions throughout an
 		agent or capability definition file.
		The import section with an ADF resembles very much the Java import section of
		a class file. A Jadex import statement has the same syntax as in Java allowing
		single classes as well as whole packages being included.
	</para>
	<figure id="imports.schema">
		<title>The Jadex imports XML schema part</title>
		<screenshot>
			<mediaobject>
				<imageobject>
					<imagedata fileref="images/jadex_imports_adf.png"/>
				</imageobject>
			</mediaobject>
		</screenshot>
	</figure>
	<para>
		The imports are used for searching Java classes as well as non-Java agent
		artifacts such as <filename>agent.xml</filename> or <filename>capability.xml</filename> files.
		It is not necessary	to declare an import statement for the actual package
		of the ADF as this is automatically considered.
	</para>

	<section>
		<title>Import Examples</title>
		In the following some simple code snippets from an ADF are shown that demonstrate
		how import statements are declared and subsequently used, e.g., in facts of beliefs,
		or to include a capability from another package.
		<figure>
			<title>Example import declaration and usage</title>
			<programlisting><![CDATA[...
<imports>
    <!-- Import only the HashMap class. -->
    <import>java.util.HashMap</import>

    <!-- Import all classes of the awt package. -->
    <import>java.awt.*</import>

    <!-- Import a movement package containing, e.g., a Move capability. -->
    <import>movement.*</import>
    ...
</imports>

<capabilities>
    <!-- Use the imported movement.Move capability. -->
    <capability name="movecap" file="Move"/>
</capabilities>

<beliefs>
    <!-- Use the imported java.util.HashMap. -->
    <belief name="data">
        <fact>new HashMap()</fact>
    </belief>

    <!-- Use the imported java.awt.Frame. -->
    <belief name="gui">
        <fact>new Frame()</fact>
    </belief>
</beliefs>
...]]></programlisting>
		</figure>
	</section>
</chapter>