<?xml version="1.0" encoding="UTF-8"?>
<!--<!DOCTYPE chapter PUBLIC "-//OASIS//DTD DocBook XML V4.1.2//EN"
"../docbook/dtd/docbookx.dtd" >-->
<appendix id="legal_notice">
	<title>Legal Notice</title>
	<formalpara>
		<title>Licence</title>
		<para>
         	Jadex is distributed under the <ulink role="external" url="http://www.gnu.org/copyleft/lesser.html">
 			GNU Lesser General Public License</ulink> (<acronym>LGPL</acronym>).
         	In essence the license allows you to freely use and distribute Jadex for
         	any kind of project (including commercial projects), but requires you to
         	make available the Jadex sources including all changes that you have done.
		</para>
	</formalpara>

	<section id="legal.3rd_party">
		<title>Third-Party Software</title>
		<para>
        	Following libraries and software products are distributed with the resoning engine.
			<itemizedlist>
				<!--<listitem>
					<para>
						<link linkend="legal.jbind">jBind</link>
					</para>
				</listitem>-->
				<listitem>
					<para>
						<link linkend="legal.jibx">JiBX</link>
					</para>
				</listitem>
				<!--<listitem>
					<para>
						<link linkend="legal.antrl">ANTRL</link>
					</para>
				</listitem>-->
				<!--<listitem>
					<para>
						<link linkend="legal.janino">Janino</link>
					</para>
				</listitem>-->
				<listitem>
					<para>
						<link linkend="legal.graphlayout">GraphLayout</link>
					</para>
				</listitem>
<!--				<listitem>
					<para>
						<link linkend="legal.javacc">JavaCC</link>
					</para>
				</listitem>
-->
<!--				<listitem>
					<para>
						<link linkend="legal.velocity">Velocity</link>
					</para>
				</listitem>
-->				<listitem>
					<para>
						<link linkend="legal.javahelp">JavaHelp</link>
					</para>
				</listitem>
			</itemizedlist>
		</para>

<!--		<formalpara id="legal.jbind">
			<title>jBind</title>
			<para>
        		For reading and writing XML files the generic XML-databinding framework
         		jBind is used, available from
				<ulink role="external" url="http://www.jbind.org"/>.
         		It is distributed under following licence:

				<literallayout>
   					Copyright (c) 2002 by Stefan Wachter
					<ulink role="email" url="mailto:stefan.wachter@jbind.org">&lt;stefan.wachter@jbind.org&gt;</ulink>
					All rights reserved.

					(This license is based on the Apache Software License V 1.1.)

					Redistribution and use in source and binary forms, with or without
					modification, are permitted provided that the following conditions
					are met:
   
					Redistributions of source code must retain the above copyright
					notice, this list of conditions, and the following disclaimer.

					Redistributions in binary form must reproduce the above copyright
					notice, this list of conditions, and the disclaimer that follows
					these conditions in the documentation and/or other materials
					provided with the distribution.

					The name "JBind" must not be used to endorse or promote products
					derived from this software without prior written permission.  For
					written permission, please contact
					<ulink role="email" url="mailto:stefan.wachter@jbind.org">&lt;license@jbind.org&gt;</ulink>.
      
					Products derived from this software may not be called "JBind", nor
					may "JBind" appear in their name, without prior written permission
					from the JBind Project Management
					<ulink role="email" url="mailto:stefan.wachter@jbind.org">&lt;license@jbind.org&gt;</ulink>.
   
					In addition, we request (but do not require) that you include in the
					end-user documentation provided with the redistribution and/or in the
					software itself an acknowledgement equivalent to the following:

					  "This product includes software developed by the
					  JBind Project (http://www.jbind.org/)."

					THIS SOFTWARE IS PROVIDED ``AS IS'' AND ANY EXPRESSED OR IMPLIED
					WARRANTIES, INCLUDING, BUT NOT LIMITED TO, THE IMPLIED WARRANTIES
					OF MERCHANTABILITY AND FITNESS FOR A PARTICULAR PURPOSE ARE
					DISCLAIMED.  IN NO EVENT SHALL THE JBIND AUTHORS OR THE PROJECT
					CONTRIBUTORS BE LIABLE FOR ANY DIRECT, INDIRECT, INCIDENTAL,
					SPECIAL, EXEMPLARY, OR CONSEQUENTIAL DAMAGES (INCLUDING, BUT NOT
					LIMITED TO, PROCUREMENT OF SUBSTITUTE GOODS OR SERVICES; LOSS OF
					USE, DATA, OR PROFITS; OR BUSINESS INTERRUPTION) HOWEVER CAUSED AND
					ON ANY THEORY OF LIABILITY, WHETHER IN CONTRACT, STRICT LIABILITY,
					OR TORT (INCLUDING NEGLIGENCE OR OTHERWISE) ARISING IN ANY WAY OUT
					OF THE USE OF THIS SOFTWARE, EVEN IF ADVISED OF THE POSSIBILITY OF
					SUCH DAMAGE.

					This software consists of voluntary contributions made by
					individuals on behalf of the JBind Project.
					For more information on the JBind Project, please see
					<ulink role="external" url="http://www.jbind.org/">www.jbind.org</ulink>.
				</literallayout>
			</para>
		</formalpara>-->

		<formalpara id="legal.jibx">
			<title>JiBX</title>
			<para>
            	The <ulink role="external" url="http://jibx.sourceforge.net/">JiBX</ulink>
          	 	XML binding framework is used to load agent models from an agent definition file (ADF).
          	 	It is distributed under following licence:
				<literallayout>Copyright (c) 2003-2005, Dennis M. Sosnoski
All rights reserved.

Redistribution and use in source and binary forms, with or without modification,
are permitted provided that the following conditions are met:

Redistributions of source code must retain the above copyright notice, this
list of conditions and the following disclaimer.
Redistributions in binary form must reproduce the above copyright notice,
this list of conditions and the following disclaimer in the documentation
and/or other materials provided with the distribution.
Neither the name of JiBX nor the names of its contributors may be used
to endorse or promote products derived from this software without specific
prior written permission.

THIS SOFTWARE IS PROVIDED BY THE COPYRIGHT HOLDERS AND CONTRIBUTORS
"AS IS" AND ANY EXPRESS OR IMPLIED WARRANTIES, INCLUDING, BUT NOT
LIMITED TO, THE IMPLIED WARRANTIES OF MERCHANTABILITY AND FITNESS FOR
A PARTICULAR PURPOSE ARE DISCLAIMED. IN NO EVENT SHALL THE COPYRIGHT
OWNER OR CONTRIBUTORS BE LIABLE FOR ANY DIRECT, INDIRECT, INCIDENTAL,
SPECIAL, EXEMPLARY, OR CONSEQUENTIAL DAMAGES (INCLUDING, BUT NOT LIMITED
TO, PROCUREMENT OF SUBSTITUTE GOODS OR SERVICES; LOSS OF USE, DATA, OR
PROFITS; OR BUSINESS INTERRUPTION) HOWEVER CAUSED AND ON ANY THEORY OF
LIABILITY, WHETHER IN CONTRACT, STRICT LIABILITY, OR TORT (INCLUDING
NEGLIGENCE OR OTHERWISE) ARISING IN ANY WAY OUT OF THE USE OF THIS
SOFTWARE, EVEN IF ADVISED OF THE POSSIBILITY OF SUCH DAMAGE.</literallayout>
			</para>
		</formalpara>

<!--		<formalpara id="legal.antrl">
			<title>ANTLR</title>
			<para>
            	The <ulink role="external" url="http://antlr.org/">ANother Tool for Language Recognition</ulink>
            	component is used by the the precompiler. It is used under following licence:
				<literallayout>SOFTWARE RIGHTS

ANTLR 1989-2004 Developed by Terence Parr
Partially supported by University of San Francisco &amp; jGuru.com

We reserve no legal rights to the ANTLR- - it is fully in the
public domain. An individual or company may do whatever
they wish with source code distributed with ANTLR or the
code generated by ANTLR, including the incorporation of
ANTLR, or its output, into commerical software.

We encourage users to develop software with ANTLR. However,
we do ask that credit is given to us for developing
ANTLR. By "credit", we mean that if you use ANTLR or
incorporate any source code into one of your programs
(commercial product, research project, or otherwise) that
you acknowledge this fact somewhere in the documentation,
research report, etc... If you like ANTLR and have
developed a nice tool with the output, please mention that
you developed it using ANTLR. In addition, we ask that the
headers remain intact in our source code. As long as these
guidelines are kept, we expect to continue enhancing this
system and expect to make other tools available as they are
completed.

The primary ANTLR guy:

Terence Parr
parrt@cs.usfca.edu
parrt@antlr.org</literallayout>
			</para>
		</formalpara>
		<formalpara id="legal.janino">
			<title>Janino</title>
			<para>
				<ulink role="external" url="http://www.janino.net/">Janino</ulink> is an embedded
				Java compiler used
            	to precompile expressions from the agent definition file.
           		Janino is licenced under following terms:
				<literallayout>Copyright (c) 2005, Arno Unkrig
All rights reserved.

Redistribution and use in source and binary forms, with or without
modification, are permitted provided that the following conditions
are met:

1. Redistributions of source code must retain the above copyright
notice, this list of conditions and the following disclaimer.
2. Redistributions in binary form must reproduce the above
copyright notice, this list of conditions and the following
disclaimer in the documentation and/or other materials
provided with the distribution.
3. The name of the author may not be used to endorse or promote
products derived from this software without specific prior
written permission.

THIS SOFTWARE IS PROVIDED BY THE AUTHOR ``AS IS'' AND ANY EXPRESS OR
IMPLIED WARRANTIES, INCLUDING, BUT NOT LIMITED TO, THE IMPLIED
WARRANTIES OF MERCHANTABILITY AND FITNESS FOR A PARTICULAR PURPOSE
ARE DISCLAIMED. IN NO EVENT SHALL THE AUTHOR BE LIABLE FOR ANY
DIRECT, INDIRECT, INCIDENTAL, SPECIAL, EXEMPLARY, OR CONSEQUENTIAL
DAMAGES (INCLUDING, BUT NOT LIMITED TO, PROCUREMENT OF SUBSTITUTE
GOODS OR SERVICES; LOSS OF USE, DATA, OR PROFITS; OR BUSINESS
INTERRUPTION) HOWEVER CAUSED AND ON ANY THEORY OF LIABILITY, WHETHER
IN CONTRACT, STRICT LIABILITY, OR TORT (INCLUDING NEGLIGENCE OR
OTHERWISE) ARISING IN ANY WAY OUT OF THE USE OF THIS SOFTWARE, EVEN
IF ADVISED OF THE POSSIBILITY OF SUCH DAMAGE.</literallayout>
			</para>
		</formalpara>-->

		<formalpara id="legal.graphlayout">
			<title>GraphLayout</title>
			<para>
            	The <ulink role="external" url="http://touchgraph.sourceforge.net/">GraphLayout</ulink>
            	component is used in the Tracer Tool and is
            	licenced under following terms:
				<literallayout>TouchGraph LLC. Apache-Style Software License

Copyright (c) 2001-2002 Alexander Shapiro. All rights reserved.

Redistribution and use in source and binary forms, with or without
modification, are permitted provided that the following conditions
are met:

1. Redistributions of source code must retain the above copyright
notice, this list of conditions and the following disclaimer.

2. Redistributions in binary form must reproduce the above copyright
notice, this list of conditions and the following disclaimer in
the documentation and/or other materials provided with the
distribution.

3. The end-user documentation included with the redistribution,
if any, must include the following acknowledgment:
"This product includes software developed by
TouchGraph LLC (http://www.touchgraph.com/)."
Alternately, this acknowledgment may appear in the software itself,
if and wherever such third-party acknowledgments normally appear.

4. The names "TouchGraph" or "TouchGraph LLC" must not be used to endorse
or promote products derived from this software without prior written
permission.  For written permission, please contact
alex@touchgraph.com

5. Products derived from this software may not be called "TouchGraph",
nor may "TouchGraph" appear in their name, without prior written
permission of alex@touchgraph.com.

THIS SOFTWARE IS PROVIDED ``AS IS'' AND ANY EXPRESSED OR IMPLIED
WARRANTIES, INCLUDING, BUT NOT LIMITED TO, THE IMPLIED WARRANTIES
OF MERCHANTABILITY AND FITNESS FOR A PARTICULAR PURPOSE ARE
DISCLAIMED.  IN NO EVENT SHALL TOUCHGRAPH OR ITS CONTRIBUTORS BE
LIABLE FOR ANY DIRECT, INDIRECT, INCIDENTAL, SPECIAL, EXEMPLARY, OR
CONSEQUENTIAL DAMAGES (INCLUDING, BUT NOT LIMITED TO, PROCUREMENT OF
SUBSTITUTE GOODS OR SERVICES; LOSS OF USE, DATA, OR PROFITS; OR
BUSINESS INTERRUPTION) HOWEVER CAUSED AND ON ANY THEORY OF LIABILITY,
WHETHER IN CONTRACT, STRICT LIABILITY, OR TORT (INCLUDING NEGLIGENCE
OR OTHERWISE) ARISING IN ANY WAY OUT OF THE USE OF THIS SOFTWARE,
EVEN IF ADVISED OF THE POSSIBILITY OF SUCH DAMAGE.</literallayout>
			</para>
		</formalpara>
<!--		<formalpara id="legal.javacc">
			<title>JavaCC</title>
			<para>
            	The <ulink role="external" url="https://javacc.dev.java.net/">JavaCC</ulink>
            	scanner/parser generator is used to generate the parser for a standard expression interpereter.
            	It is licenced under the following license:
				<literallayout>Copyright (c) 2003 Sun Microsystems, Inc. All  Rights Reserved.

Redistribution and use in source and binary forms, with or without modification, 
are permitted provided that the following conditions are met:

-Redistribution of source code must retain the above copyright notice, this  list
of conditions and the following disclaimer.

-Redistribution in binary form must reproduce the above copyright notice, 
this list of conditions and the following disclaimer in the documentation and/or 
other materials provided with the distribution.

Neither the name of Sun Microsystems, Inc. or the names of contributors may 
be used to endorse or promote products derived from this software without 
specific prior written permission.

This software is provided "AS IS," without a warranty of any kind. ALL EXPRESS OR IMPLIED
CONDITIONS, REPRESENTATIONS AND WARRANTIES, INCLUDING ANY IMPLIED
WARRANTY OF MERCHANTABILITY, FITNESS FOR A PARTICULAR PURPOSE OR
NON-INFRINGEMENT, ARE HEREBY EXCLUDED. SUN MIDROSYSTEMS, INC. ("SUN")
AND ITS LICENSORS SHALL NOT BE LIABLE FOR ANY DAMAGES SUFFERED BY
LICENSEE AS A RESULT OF USING, MODIFYING OR DISTRIBUTING THIS SOFTWARE OR
ITS DERIVATIVES. IN NO EVENT WILL SUN OR ITS LICENSORS BE LIABLE FOR ANY
LOST REVENUE, PROFIT OR DATA, OR FOR DIRECT, INDIRECT, SPECIAL,
CONSEQUENTIAL, INCIDENTAL OR PUNITIVE DAMAGES, HOWEVER CAUSED AND
REGARDLESS OF THE THEORY OF LIABILITY, ARISING OUT OF THE USE OF
OR INABILITY TO USE THIS SOFTWARE, EVEN IF SUN HAS BEEN ADVISED OF
THE POSSIBILITY OF SUCH DAMAGES.

You acknowledge that  this software is not designed, licensed or intended for use in the
design, construction, operation or maintenance of any nuclear facility.</literallayout>
			</para>
		</formalpara>
-->
<!--
		<formalpara id="legal.velocity">
			<title>Velocity</title>
			<para>
            	The <ulink role="external" url="http://jakarta.apache.org/velocity/">Velocity</ulink>
            	template machine is used for generating html content. Distributed under Apache Software License:
				<literallayout>The Apache Software License, Version 1.1

Copyright (c) 2000-2003 The Apache Software Foundation.  All rights 
reserved.

Redistribution and use in source and binary forms, with or without
modification, are permitted provided that the following conditions
are met:

1. Redistributions of source code must retain the above copyright
   notice, this list of conditions and the following disclaimer. 

2. Redistributions in binary form must reproduce the above copyright
   notice, this list of conditions and the following disclaimer in
   the documentation and/or other materials provided with the
   distribution.

3. The end-user documentation included with the redistribution, if
   any, must include the following acknowledgement:  
      "This product includes software developed by the 
       Apache Software Foundation (http://www.apache.org/)."
   Alternately, this acknowledgement may appear in the software itself,
   if and wherever such third-party acknowledgements normally appear.

4. The names "The Jakarta Project", "Velocity", and "Apache Software
   Foundation" must not be used to endorse or promote products derived
   from this software without prior written permission. For written 
   permission, please contact apache@apache.org.

5. Products derived from this software may not be called "Apache",
   "Velocity" nor may "Apache" appear in their names without prior 
   written permission of the Apache Group.

THIS SOFTWARE IS PROVIDED ``AS IS'' AND ANY EXPRESSED OR IMPLIED
WARRANTIES, INCLUDING, BUT NOT LIMITED TO, THE IMPLIED WARRANTIES
OF MERCHANTABILITY AND FITNESS FOR A PARTICULAR PURPOSE ARE
DISCLAIMED.  IN NO EVENT SHALL THE APACHE SOFTWARE FOUNDATION OR
ITS CONTRIBUTORS BE LIABLE FOR ANY DIRECT, INDIRECT, INCIDENTAL,
SPECIAL, EXEMPLARY, OR CONSEQUENTIAL DAMAGES (INCLUDING, BUT NOT
LIMITED TO, PROCUREMENT OF SUBSTITUTE GOODS OR SERVICES; LOSS OF
USE, DATA, OR PROFITS; OR BUSINESS INTERRUPTION) HOWEVER CAUSED AND
ON ANY THEORY OF LIABILITY, WHETHER IN CONTRACT, STRICT LIABILITY,
OR TORT (INCLUDING NEGLIGENCE OR OTHERWISE) ARISING IN ANY WAY OUT
OF THE USE OF THIS SOFTWARE, EVEN IF ADVISED OF THE POSSIBILITY OF
SUCH DAMAGE.
====================================================================

This software consists of voluntary contributions made by many
individuals on behalf of the Apache Software Foundation.  For more
information on the Apache Software Foundation, please see
&lt;http://www.apache.org/>.</literallayout>
			</para>
		</formalpara>
-->
		<formalpara id="legal.javahelp">
			<title>JavaHelp System</title>
			<para>
            	The <ulink role="external" url="http://java.sun.com/products/javahelp/index.jsp">JavaHelp</ulink>
            	system is used in all runtime tools.
				<literallayout>Sun Microsystems, Inc.
Binary Code License Agreement

READ THE TERMS OF THIS AGREEMENT AND ANY PROVIDED SUPPLEMENTAL LICENSE TERMS
(COLLECTIVELY "AGREEMENT") CAREFULLY BEFORE OPENING THE SOFTWARE MEDIA PACKAGE.
BY  OPENING THE SOFTWARE MEDIA PACKAGE, YOU AGREE TO THE TERMS OF THIS AGREEMENT. IF YOU
ARE ACCESSING THE SOFTWARE ELECTRONICALLY, INDICATE YOUR ACCEPTANCE OF THESE TERMS BY
SELECTING THE "ACCEPT" BUTTON AT THE END OF THIS AGREEMENT. IF YOU DO NOT AGREE TO ALL
THESE TERMS, PROMPTLY RETURN THE UNUSED SOFTWARE TO YOUR PLACE OF PURCHASE FOR A REFUND
OR, IF THE SOFTWARE IS ACCESSED ELECTRONICALLY, SELECT THE "DECLINE" BUTTON AT THE END
OF THIS AGREEMENT.

1. LICENSE TO USE.
Sun grants you a non-exclusive and non-transferable license for the internal use only
of the accompanying software and documentation and any error corrections provided by
Sun (collectively "Software"), by the number of users and the class of computer hardware
for which the corresponding fee has been paid.

2. RESTRICTIONS.
Software is confidential and copyrighted. Title to Software and all
associated intellectual property rights is retained by Sun and/or its licensors.
Except as specifically authorized in any Supplemental License Terms, you may not make
copies of Software, other than a single copy of Software for archival purposes. Unless
enforcement is prohibited by applicable law, you may not modify, decompile, or reverse
engineer Software. You acknowledge that Software is not designed, licensed or intended
for use in the design, construction, operation or maintenance of any nuclear facility.
Sun disclaims any express or implied warranty of fitness for such uses. No right, title
or interest in or to any trademark, service mark, logo or trade name of Sun or its
licensors is granted under this Agreement.

3. LIMITED WARRANTY.
Sun warrants to you that for a period of ninety (90) days from the date of purchase, as
evidenced by a copy of the receipt, the media on which Software is furnished (if any)
will be free of defects in materials and workmanship under normal use. Except for the
foregoing, Software is provided "AS IS". Your exclusive remedy and Sun's entire
liability under this limited warranty will be at Sun's option to replace Software media
or refund the fee paid for Software.

4. DISCLAIMER OF WARRANTY.
UNLESS SPECIFIED IN THIS AGREEMENT, ALL EXPRESS OR IMPLIED CONDITIONS, REPRESENTATIONS
AND WARRANTIES, INCLUDING ANY IMPLIED WARRANTY OF MERCHANTABILITY, FITNESS FOR A PARTICULAR
PURPOSE OR NON-INFRINGEMENT ARE DISCLAIMED, EXCEPT TO THE EXTENT THAT THESE DISCLAIMERS
ARE HELD TO BE LEGALLY INVALID.

5. LIMITATION OF LIABILITY.
TO THE EXTENT NOT PROHIBITED BY LAW, IN NO EVENT WILL SUN OR ITS LICENSORS BE LIABLE FOR
ANY LOST REVENUE, PROFIT OR DATA, OR FOR SPECIAL, INDIRECT, CONSEQUENTIAL, INCIDENTAL
OR PUNITIVE DAMAGES, HOWEVER CAUSED REGARDLESS OF THE THEORY OF LIABILITY, ARISING OUT OF
OR RELATED TO THE USE OF OR INABILITY TO USE SOFTWARE, EVEN IF SUN HAS BEEN ADVISED OF THE
POSSIBILITY OF SUCH DAMAGES. In no event will Sun's liability to you, whether in contract,
tort (including negligence), or otherwise, exceed the amount paid by you for Software under
this Agreement. The foregoing limitations will apply even if the above stated warranty
fails of its essential purpose.

6. Termination.
This Agreement is effective until terminated. You may terminate this Agreement at any time
by destroying all copies of Software. This Agreement will terminate immediately without
notice from Sun if you fail to comply with any provision of this Agreement. Upon Termination,
you must destroy all copies of Software.

7. Export Regulations.
All Software and technical data delivered under this Agreement are subject to US export control
laws and may be subject to export or import regulations in other countries. You agree to comply
strictly with all such laws and regulations and acknowledge that you have the responsibility to
obtain such licenses to export, re-export, or import as may be required after delivery to you.

8. U.S. Government Restricted Rights.
If Software is being acquired by or on behalf of the U.S. Government or by a U.S. Government
prime contractor or subcontractor (at any tier), then the Government's rights in Software and
accompanying documentation will be only as set forth in this Agreement; this is in accordance
with 48 CFR 227.7201 through 227.7202-4 (for Department of Defense (DOD) acquisitions) and with
48 CFR 2.101 and 12.212 (for non-DOD acquisitions).

9. Governing Law.
Any action related to this Agreement will be governed by California law and controlling U.S.
federal law. No choice of law rules of any jurisdiction will apply.

10. Severability.
If any provision of this Agreement is held to be unenforceable, this Agreement will remain
in effect with the provision omitted, unless omission would frustrate the intent of the parties,
in which case this Agreement will immediately terminate.

11. Integration.
This Agreement is the entire agreement between you and Sun relating to its subject matter.
It supersedes all prior or contemporaneous oral or written communications, proposals,
representations and warranties and prevails over any conflicting or additional terms of any quote,
order, acknowledgment, or other communication between the parties relating to its subject matter
during the term of this Agreement. No modification of this Agreement will be binding, unless in
writing and signed by an authorized representative of each party.

JAVAHELP(TM) VERSION 2.0
SUPPLEMENTAL LICENSE TERMS

These supplemental license terms ("Supplemental Terms") add to or modify the terms of the Binary
Code License Agreement (collectively, the "Agreement"). Capitalized terms not defined in these
Supplemental Terms shall have the same meanings ascribed to them in the Agreement. These Supplemental
Terms shall supersede any inconsistent or conflicting terms in the Agreement, or in any license
contained within the Software.

1. Software Internal Use and Development License Grant.
Subject to the terms and conditions of this Agreement, including, but not limited to Section 4
(Java(TM) Technology Restrictions) of these Supplemental Terms, Sun grants you a non-exclusive,
non-transferable, limited license to reproduce internally and use internally the binary form of
the Software complete and unmodified for the sole purpose of designing, developing and testing
your Java applets and applications intended to run on the Java platform ("Programs").

2. License to Distribute Software.
In addition to the license granted in Section 1 (Software Internal Use and Development License Grant)
of these Supplemental Terms, subject to the terms and conditions of this Agreement, including but
not limited to Section 4 (Java Technology Restrictions), Sun grants you a non-exclusive, non-transferable,
limited license to reproduce and distribute the Software in binary form only, provided that you (i)
distribute the Software complete and unmodified and only bundled as part of your Programs, (ii) do
not distribute additional software intended to replace any component(s) of the Software, (iii) do
not remove or alter any proprietary legends or notices contained in the Software, (iv) only distribute
the Software subject to a license agreement that protects Sun's interests consistent with the terms
contained in this Agreement, and (v) agree to defend and indemnify Sun and its licensors from and
against any damages, costs, liabilities, settlement amounts and/or expenses (including attorneys'
fees) incurred in connection with any claim, lawsuit or action by any third party that arises or
results from the use or distribution of any and all Programs and/or Software.

3. License to Distribute Redistributables.
In addition to the license granted in Section 1 (Software
Internal Use and Development License Grant) of these Supplemental Terms, subject to the terms and
conditions of this Agreement, including but not limited to Section 3 (Java Technology Restrictions)
of these Supplemental Terms, Sun grants you a non-exclusive, non-transferable, limited license to
reproduce and distribute those files specifically identified as redistributable in the Software
"README" file ("Redistributables") provided that: (i) you distribute the Redistributables complete
and unmodified (unless otherwise specified in the applicable README file), and only bundled as part
of your Programs, (ii) you do not distribute additional software intended to supersede any component(s)
of the Redistributables, (iii) you do not remove or alter any proprietary legends or notices contained
in or on the Redistributables, (iv) you only distribute the Redistributables pursuant to a license
agreement that protects Sun's interests consistent with the terms contained in the Agreement, and
(v) you agree to defend and indemnify Sun and its licensors from and against any damages, costs,
liabilities, settlement amounts and/or expenses (including attorneys' fees) incurred in connection
with any claim, lawsuit or action by any third party that arises or results from the use or
distribution of any and all Programs and/or Software.

4. Java Technology Restrictions.
You may not modify the Java Platform Interface ("JPI", identified as classes contained within
the "java" package or any subpackages of the "java" package), by creating additional classes
within the JPI or otherwise causing the addition to or modification of the classes in the JPI.
In the event that you create an additional class and associated API(s) which (i) extends the
functionality of the Java platform, and (ii) is exposed to third party software developers
for the purpose of developing additional software which invokes such additional API, you must
promptly publish broadly an accurate specification for such API for free use by all developers.
You may not create, or authorize your licensees to create, additional classes, interfaces, or
subpackages that are in any way identified as "java", "javax", "sun" or similar convention as
specified by Sun in any naming convention designation.

5. Java Runtime Availability.
Refer to the appropriate version of the Java Runtime Environment binary code license (currently
located at http://www.java.sun.com/jdk/index.html) for the availability of runtime code which may
be distributed with Java applets and applications.

6. Trademarks and Logos.
You acknowledge and agree as between you and Sun that Sun owns the SUN, SOLARIS, JAVA, JINI,
FORTE, and iPLANET trademarks and all SUN, SOLARIS, JAVA, JINI, FORTE, and iPLANET-related
trademarks, service marks, logos and other brand designations ("Sun Marks"), and you agree to
comply with the Sun Trademark and Logo Usage Requirements currently located at http://www.sun.com/policies/trademarks.
Any use you make of the Sun Marks inures to Sun's benefit.

7. Source Code. Software may contain source code that is provided solely for reference purposes
pursuant to the terms of this Agreement. Source code may not be redistributed unless expressly
provided for in this Agreement. Some source code may contain alternative license terms that
apply only to that source code file.

8. Termination for Infringement.
Either party may terminate this Agreement immediately should any Software become, or in
either party's opinion be likely to become, the subject of a claim of infringement of any
intellectual property right.

For inquiries please contact: Sun Microsystems, Inc. 4150 Network Circle, Santa Clara, California 95054.
(LFI#135834/Form ID#011801)
				</literallayout>
			</para>
		</formalpara>
	</section>
</appendix>