<?xml version="1.0" encoding="UTF-8"?>
<!--<!DOCTYPE chapter PUBLIC "-//OASIS//DTD DocBook XML V4.1.2//EN"
"../docbook/dtd/docbookx.dtd" >-->
<chapter id="plans">
	<title>Plans</title>

	<para>
		Plans represent the agent's means to act in its environment. Therefore,
		the plans predefined by the developer compose the library of (more or less
		complex) actions the agent can perform. Depending on the current situation,
		plans are selected in response to occuring events or goals. The selection
		of plans is done automatically by the system and represents one main aspect
		of a BDI infrastructure. In Jadex, plans consist of two parts: A plan head
		and a corresponding plan body. The plan head is declared the the ADF
		whereas the plan body is realized in a concrete Java class. Therfore
		the plan head defines the circumstances under which the plan body is
		instantiated and executed.
	</para>

	<section id="plans.head">
		<title>Defining Plan Heads in the ADF</title>

		<figure id="plans.schema">
			<title>The Jadex plans XML schema part</title>
			<screenshot>
				<mediaobject>
					<imageobject>
						<imagedata fileref="images/jadex_plans_adf.png"/>
					</imageobject>
				</mediaobject>
			</screenshot>
		</figure>
		<para>
			In <xref linkend="plans.schema"/> the XML schema part
 			for the plans section is shown. Inside the
			<computeroutput><![CDATA[ <plans> ]]></computeroutput>
			tag an arbitrary number of plan heads denoted by the <computeroutput><![CDATA[ <plan> ]]>
			</computeroutput> tag can be declared. For each plan head several attributes
 			(as shown in Table <xref linkend="plans.planattrs"/>)
			and contained elements can be defined. For each plan a name has
			to be provided. The priority of a plan describes its preference in comparison to
			other plans. Therefore it is used to determine which candidate plan
			will be chosen for a certain event occurence, favouring higher
			priority plans (random selection, if activated, applies only to
			plans of equal priority). Per default all applicable plans have a
			default priority of 0 and are selected in order of appearance
			(or randomly when the corresponding BDI flag is set).
		</para>
			
		<table id="plans.planattrs">
			<title>Important attributes of the plan and the body tag</title>
			<tgroup cols="5">

				<colspec colnum="1" colwidth="1"/>
				<colspec colnum="2" colwidth="1"/>
				<colspec colnum="3" colwidth="1"/>
				<colspec colnum="4" colwidth="1"/>
				<colspec colnum="5" colwidth="3"/>
				
				<thead>
					<row>
						<entry>Tag</entry>
						<entry>Attribute</entry>
						<entry>Required</entry>
						<entry>Default</entry>
						<entry>Possible Values</entry>
					</row>
				</thead>
				<tbody>
					<row>
						<entry>plan</entry>
						<entry>name</entry>
						<entry>yes</entry>
						<entry></entry>
						<entry></entry>
					</row>
					<row>
						<entry>plan</entry>
						<entry>priority</entry>
						<entry>no</entry>
						<entry>0</entry>
						<entry>any positive or negative integer</entry>
					</row>
					<row>
						<entry>body</entry>
						<entry>type</entry>
						<entry>no</entry>
						<entry>standard</entry>
						<entry>{standard, mobile}</entry>
					</row>
				</tbody>
			</tgroup>
		</table>
			
		<para>
			For each plan the corresponding plan body has to be declared using
			the <computeroutput><![CDATA[ <body> ]]></computeroutput>
			element. Within this element a Java expression has to be provided
			for the creation of the plan body (in most cases a simple
			constructor call like <computeroutput>new PingPlan()</computeroutput> is used).
			<!-- todo: describe inline plan bodies -->
			The type attribute determines which kind of plan body is used.
			Currently, the options are standard vs. mobile plan bodies as
			further described in <xref linkend="plans.body"/>.
			To clarify things, a simple example ADF is given below that shows the
 			declaration of a plan reacting on a ping message.
		</para>
		<figure>
			<title>A plan reacting on a ping message</title>
			<programlisting><![CDATA[<agent ...>
    ...
    <plans>
        <plan name="ping">
            <body>new PingPlan()</body>
            <trigger>
                <messageevent ref="query_ping"/>
            </trigger>
        </plan>
    </plans>
    ...
    <events>
        <messageevent name="query_ping" type="fipa">
            ...
        </messageevent>
    </events>
    ...
</agent>]]></programlisting>
		</figure>

	<section>
		<title>Plan Triggers</title>

		<para>
			To indicate in what cases a plan is applicable and a new plan
			instance shall be created the <computeroutput><![CDATA[ <trigger> ]]></computeroutput>
 			tag can be used (see <xref linkend="plans.trigger.schema"/>). Its subtags specify the
 			internal-, message, or goal events for which the plan is applicable.
 			For goals, it is distinguished between plans triggered for handling a goal
 			(<computeroutput>&lt;goal&gt;</computeroutput> tag) and plans reacting
 			on the completion of a goal (<computeroutput>&lt;goalfinished&gt;</computeroutput> tag).
 			The <computeroutput>&lt;goal&gt;</computeroutput> tag indicates that a goal
 			has been newly activated, while the <computeroutput>&lt;goalfinished&gt;</computeroutput> tag
 			corresponds to a goal that has been dropped.
			
 			These events or goals can be further
			restricted, by specifying a match expression. When a match expression is 
			included in the trigger element, the plan will only
			be selected for those goal or event instances, for which the expression evaluates to true.
			For backwards compatibility to older Jadex versions, additionally, a filter instance can be used,
			although its use is discouraged, because of the lack of declarativeness and readability.
		</para>
					
		<figure id="plans.trigger.schema">
			<title>The Jadex plan trigger XML schema part</title>
			<screenshot>
				<mediaobject>
					<imageobject>
						<imagedata fileref="images/jadex_plantrigger_adf.png"/>
					</imageobject>
				</mediaobject>
			</screenshot>
		</figure>
		
		<para>
 			In addition to the reaction on certain event or goal types, it is also
			possible to define data-driven plan execution by using the
			<computeroutput><![CDATA[<condition>]]></computeroutput> tag.
 			A trigger condition can consist of arbitrary boolean Jadex expressions, which
 			may refer to certain beliefs when their states needs to be supervised.
			If only some specific belief needs to be monitored the
			<computeroutput><![CDATA[<beliefchange>]]></computeroutput> tag
			can be used. In this respect a belief change is reported whenever the
			belief's new fact value is different from the value held before. Similarly,
			belief sets can be monitored with the <computeroutput><![CDATA[<beliefsetchange>]]></computeroutput> tag,
			or more specifically for addition or removal of facts by using
 			the tags <computeroutput><![CDATA[<factadded>]]></computeroutput> and
			<computeroutput><![CDATA[<factremoved>]]></computeroutput> respectively.
		</para>

	</section>

	<section>
		<title>Defining Plan Applicability with Pre- and Context Conditions</title>

		<para>
			To find out if the plan is applicable not only with respect to the
			current event or belief change but also considering the current situation,
			the pre- and context conditions can be used. The precondition is evaluated
			before a plan is instantiated and when it is not fulfilled this plan is
			excluded from the list of applicable plans. In contrast, the context
			condition is evaluated during the execution of a plan and
			whenever it is violated the plan execution is aborted and the plan has
			failed. Both conditions can be specified in the corresponding tags
			supplying some boolean Jadex expression. The following example shows
			how to execute a "repair" plan whenever the belief
			<literal>"out_of_order"</literal> becomes <literal>true</literal>,
			and as long as the agent believes to be repairable.
		</para>

		<figure>
			<title>Example of a plan with context condition</title>
			<programlisting><![CDATA[<plans>
    <plan name="repair">
        <body> new RepairPlan() </body>
        <trigger>
            <condition> $beliefbase.out_of_order </condition>
        </trigger>
        <contextcondition> $beliefbase.repairable </contextcondition>
    </plan>
</plans>]]></programlisting>
		</figure>
	</section>
		
	<section>
		<title>Waitqueue</title>

		<para>
			When an event occurs, and triggers an execution step of a plan, it may
			take a while, before the plan step is actually executed, due to many
			plans being executed concurrently inside an agent. Therefore, it is
			sometimes possible, that a subsequent event, which might be relevant for
			a plan, is not dispatched to that plan, because it still has to execute
			previous plan step, and does not yet wait for the event.
			To avoid this, each plan has a waitqueue to collect such events.
			The waitqueue for a plan is set up using the <computeroutput><![CDATA[ <waitqueue> ]]></computeroutput>
			tag or the <methodname>getWaitqueue()</methodname> method in plan bodies.
			The waitqueue of a plan is always matched against events, although the plan
			may not currently wait for that specific event. The
			<computeroutput><![CDATA[ <waitqueue> ]]></computeroutput>
			tag provides the same event and goal options as the
			<computeroutput><![CDATA[ <trigger> ]]></computeroutput>
			tag described above, but does not support the
			<computeroutput><![CDATA[ <condition> ]]></computeroutput> and the
 			belief(set) change tags.
			Events that match against the waitqueue of a plan are added to
			the plans internal waitqueue. They will be dispatched to the plan later,
			when it calls <methodname>waitFor()</methodname> or
			<methodname>getWaitqueue().getEvents()</methodname>
			with optionally a matching filter that restricts the returned events.
			You may have a look at the <classname>jadex.runtime.IWaitqueue</classname>
			interface for more details.
		</para>
	</section>

	<section>
		<title>Parameters, Binding, and Parameter Mapping</title>
		
		<para>
			Similar to goals, plans may have parameters and parameter sets,
			which can store local values, required or produced during the
			execution of the plan. Plan parameters can be accessed from plan bodies
			for read and write access depending on the parameter direction attribute:
			<computeroutput>in</computeroutput> parameters (cf. <xref linkend="goals.commonfeatures"/>)
			allow only read access, <computeroutput>out</computeroutput> parameters
			can only be written, while <computeroutput>inout</computeroutput>
			parameters allow both kinds of access. Default values for any of these parameters
			and parameter sets can be provided in the ADF. Just like facts for belief sets,
			initial values for parameter sets can be either specified as a sequence
			of <computeroutput><![CDATA[ <value> ]]></computeroutput> tags, or as a single
			<computeroutput><![CDATA[ <values> ]]></computeroutput> tag.
			The parameter(set)s of a plan can also be accessed from the body tag or the
			context condition, by referencing the plan via the reserved variable
 			<computeroutput>$plan</computeroutput> concatenated with the parameter(set) name, e.g. <computeroutput>$plan.result</computeroutput>.
			The precondition and the trigger condition are evaluated before the plan is instantiated,
			therefore from these conditions no parameters and parameter sets can be accessed with
			exception of the binding parameters. As binding parameters are evaluated before plan
			instantiation the value of a binding parameter can be accessed directly via its name
			(without prepending $plan).
		</para>
		
		<figure id="plans.planparameter.schema">
			<title>The Jadex plan parameters XML schema part</title>
			<screenshot>
				<mediaobject>
					<imageobject>
						<imagedata fileref="images/jadex_planparameter_adf.png"/>
					</imageobject>
				</mediaobject>
			</screenshot>
		</figure>
		
		<para>
			For (single valued) parameters it is possible to use binding options
			instead of an initial value. A binding option is an expression, that will
			be evaluated to a collection of values (supported are arrays or an object 
 			implementing <classname>Iterator</classname>, <classname>Enumeration</classname>, 
			<classname>Collection</classname>, or <classname>Map</classname>).
			The binding options of a parameter therefore represent a set of possible
			initial values for that parameter. The cartesian product
			<footnote><para>In mathematics, the Cartesian product (or direct product) of two sets X and Y,
 			denoted X x Y, is the set of all possible ordered pairs whose first component is a member of X
 			and whose second component is a member of Y. Example: The cartesian product of {1,2}x{3,4} is
			{(1,3),(1,4),(2,3),(2,4)}.
			(<ulink url="http://en.wikipedia.org/wiki/Cartesian_product">cf. Wikipedia</ulink>)</para>
 			</footnote>
 			of all binding parameters (if there is more than one parameter with binding otpions)
			determines the number of candidate plans that is considered in the
 			event dispatching process. Please note that the calculation of the cartesian product
			can easily lead to large numbers of applicable plans so that binding options should
			always be used with care.
			For example <xref linkend="plans.bindingparameter.example"/>
			shows a plan from the <quote>puzzle</quote> example, where for
			each possible move a plan instance is created.
			In addition to accessing the binding values like other parameters
			by writing <computeroutput>$plan.paramname</computeroutput>, it is also possible to access the binding
			value directly via its name via <computeroutput>paramname</computeroutput>. This allows binding values also to be
			considered for evaluating the pre- and trigger condition, before
			the plan instance is created.
		</para>

		<figure id="plans.bindingparameter.example">
			<title>
				Example binding parameter (from the puzzle example)
				<abbrev>Example binding parameter</abbrev>
			</title>
			<programlisting><![CDATA[<plan name="move_plan">
    <parameter name="move" class="Move">
        <bindingoptions>$beliefbase.board.getPossibleMoves()</bindingoptions>
    </parameter>
    ...
</plan>]]></programlisting>
		</figure>
		
		<para>
			A common use case for plan parameter(set)s is to capture parameter(set)s
			from a goal or event that triggered the plan. To make this relationship
			between event and plan parameters explicit, the <computeroutput><![CDATA[<internaleventmapping>]]></computeroutput>,
			<computeroutput><![CDATA[<messageeventmapping>]]></computeroutput>, and
			<computeroutput><![CDATA[<goalmapping>]]></computeroutput> tags can be used.
			A mapping definition contains a <computeroutput>ref</computeroutput>
			attribute denoting the event or goal parameter to be mapped.
			The reference is given in the form <computeroutput>type.param</computeroutput>, where
			<computeroutput>type</computeroutput> is the name of the goal or event, and
			<computeroutput>param</computeroutput> is the name of the	goal or event parameter.
			When a plan parameter is mapped, the parameter properties like
			class and direction are ignored, as the values from the mapped parameter
			are used. Depending on the direction of the parameter, the default values
			of the plan parameter are automatically assigned from the event or goal
			(direction <computeroutput>in</computeroutput>, <computeroutput>inout</computeroutput>),
			and can also automatically be written back to a goal (direction <computeroutput>out</computeroutput>, <computeroutput>inout</computeroutput>),
			when the plan has finished.
			Note that when a plan reacts to more than one goal or event,
			you cannot just provide a mapping for one of these events. If you want to use
			a mapping for a parameter, you have to provide mappings for all events or goals
			handled by the plan.
		</para>
	</section>
</section>

	<section id="plans.body">
		<title>Implementing a Plan Body in Java</title>

		<para>
			A plan body represents a part of the agent's functionality and
			encapsulates a recipe of actions. In Jadex, plan bodies are written
			in pure Java and therfore it is easily possible to write plans that
			access any available Java libraries, and to develop plans in your
			favourite Java Integrated Development Environment (IDE). The connection
 			between a plan body and a plan head is established in the plan head,
 			thus plan bodies can be reused within different plan declarations.
			For developing reusable plans, plan parameters in combination with
 			parameter mappings from some triggering event or goal to/from the plan
 			should be used.
		</para>

		<para>
    		As mentioned earlier, currently two types of plan bodies are supported
    		in Jadex, which are both implemented as conventional Java classes.
    		The standard plans inherit from <classname>jadex.runtime.Plan</classname>.
    		The mobile plans inherit from <classname>jadex.runtime.MobilePlan</classname>
    		and allow agents to be migrating, even while plans are executing
			(e.g., supported by the JADE platform).
    		The code of standard plans is placed in the <methodname>body()</methodname>
			method, while the code of mobile plans goes into the
			<methodname>action(IEvent)</methodname> method.
		</para>

		<para>
			Plans that are ready to run are executed by the main interpreter
 			(cf. <xref linkend="concepts.execution_model"/>).
			The system takes care that only one plan step is running at a time.
			The length of a plan step depends on the plan itself. For mobile plans
			the <methodname>action()</methodname> method is always executed as a whole,
			for the first and again for all subsequent steps. The <methodname>body()</methodname>
			method of standard plans is called only once for the first step, and runs until
			the plan explicitly ends its step by calling one of the
			<methodname>waitFor()</methodname> methods, or the execution of the plan
 			triggers a condition (e.g., by changing belief values). For subsequent steps the
			<methodname>body()</methodname> method is continued, where the plan was interrupted.
		</para>

		<para>
			The API of both plan types is very similar (both inherit from the same
			super class <classname>jadex.runtime.AbstractPlan</classname>),
			the only difference regards the waiting for events. Both plans provide
			several variations of the <methodname>waitFor...()</methodname> method,
			but only the standard plan will block when it is called.
 			The different execution style is shown in a code example implementing the initiator
			side of a FIPA-request protocol. Remember, the <methodname>body()</methodname>
			method of a standard plan is called only once, while the <methodname>action()</methodname>
			method of a mobile plan is called for each event. The standard plan can
			use nested <computeroutput>if-then-else</computeroutput> blocks to naturally handle all cases of the
			protocol, while the mobile plan has no state information of previous
			messages, and has to handle all events at the top level of the <methodname>action()</methodname>
			method in one large <computeroutput>if-then-else</computeroutput> statement.
		</para>

		<figure>
			<title>Programming style of the different plan types</title>

			<informaltable frame="none">
				<tgroup cols="2">
					<colspec colname="a"/>
					<colspec colname="b"/>
					<thead>
						<row>
							<entry>Standard Plan</entry>
							<entry>Mobile Plan</entry>
						</row>
					</thead>
					<tbody>
						<row>
							<entry>
								<programlisting>public void body() {
    // Send request.
    ...
    
    // Wait for agree/refuse.
    IEvent e1 = waitFor(...);
    boolean agreed = ...;    
    ...
    
    // Wait for inform/failure.
    if(agreed) {
        IEvent e2 = waitFor(...);
        boolean informed = ...;
    
        ...
        if(informed) {
            ...
        }
        else {
            ...
        }
    }
    else {
        ...
    }
}</programlisting>
							</entry>
							<entry>
								<programlisting>public void action(IEvent e) {
    boolean agreed, refused;
    boolean informed, failed;
    ...
    if(initial_event) {
        // Send request.
        ...
        // Wait for agree/refuse.
        waitFor(...);
    }
    else if(agreed) {
        ...
        // Wait for inform/failure.
        waitFor(...);
    }
    else if(refused) {
        ...
    }
    else if(informed) {
        ...
    }
    else if(failed) {
        ...
    }
}</programlisting>
							</entry>
						</row>
					</tbody>
				</tgroup>
			</informaltable>
		</figure>

		<section id="plans.failure">
			<title>Plan Success or Failure and BDI Exceptions</title>

			<para>
				If a plan completes without producing an exception it is considered as
				succeeded. Completion means for standard plans that the
				<methodname>body()</methodname> method returns.
    			For mobile plans it means that the <methodname>action()</methodname>
				method returns and the plan does not wait for any more events.
				To perform cleanup after the plan has finished, you can override the
				<methodname>passed()</methodname>, <methodname>failed()</methodname>, and
				<methodname>aborted()</methodname> methods,	which are called when the plan succeeds
				(runs through without exception), fails (e.g., due to an exception),
				or was aborted during execution (e.g., because the root goal was dropped
				or has been achieved before	the plan reached its end).
				In <xref linkend="plans.plan_skeleton"/>
				a plan skeleton of a standard Jadex plan is depicted including all
				predefined methods. The cleanup methods are also available in mobile plans, but expect
				an <classname>IEvent</classname> parameter like the <methodname>action()</methodname> method.
				In the <methodname>failed()</methodname> method,
				a plan may call the <methodname>getException()</methodname> method
				to see which problem occured. To find out whether the plan was aborted,
				because its root goal was achieved, you can call the <methodname>isAbortedOnSuccess()</methodname>
				method inside the <methodname>aborted()</methodname> method.
			</para>

			<figure id="plans.plan_skeleton">
				<title>Standard plan skeleton</title>
				<programlisting>public class MyPlan extends Plan {

    public void body() {
        // Application code goes here.
        ...
    }

    public void passed() {
        // Clean-up code for plan success.
        ...
    }

    public void failed() {
        // Clean-up code for plan failure.
        ...
        getException().printStackTrace();
    }

    public void aborted() {
        // Clean-up code for an aborted plan.
        ...
        System.out.println("Goal achieved? "+isAbortedOnSuccess());
    }
}</programlisting>
			</figure>
			
			<para>
				Regardless if standard or mobile plans are used, a plan is considered
				as failed if it produces an exception. To aid debugging, occurring
				exceptions are (by default) printed on the console (logging level <classname>SEVERE</classname>),
				although the agent continues to execute.
				Subclasses of <classname>jadex.runtime.BDIFailureException</classname>
				are not printed, because they are produced by the system and indicate "normal"
				plan failure. If you want your plan explicitly to fail without printing an
				exception, you can throw a <classname>PlanFailureException</classname> or,
    			as a shortcut, call the <methodname>fail()</methodname> method.
				Other subclasses of the <classname>BDIFailureException</classname>
				are generated automatically by the system, to denote certain failures
				during plan execution. All of these exceptions can be explicitly handled if desired,
				or just ignored (causing the plan to fail).
				The <classname>GoalFailureException</classname>, already introduced in
				<xref linkend="goals.creating_dispatching"/>, is thrown, when
				a subgoal of a plan could not be reached or if the subgoal could not be
 				adopted due to its uniqueness settings (i.e. there exists already a goal
				that is considered equal to the new one).
 				The <classname>MessageFailureException</classname>
				indicates that a message could not be sent, e.g., because the
				receiver is unknown. A <classname>TimeoutException</classname>
				occurs when calling <methodname>waitFor()</methodname> with a timout,
				and the awaited event does not happen.
				Finally, the <classname>AgentDeathException</classname> is thrown
				when an operation could not be performed, because the agent has died.
				This usually does not occur inside plans, but only when accessing
				an agent from external processes (see <xref linkend="externalinteractions"/>).
			</para>
			
		</section>

		<section>
			<title>Atomic Blocks</title>

			<para>
				For mobile plans, each call to the <methodname>action()</methodname> method
				is executed as an atomic block, i.e., the agent will not do other things
				until the <methodname>action()</methodname> method returns.
				Standard plans on the other hand, might be interrupted whenever
				the agent regards it as necessary, e.g., when a belief has been changed
				leading to the adoption of a new goal.
				Sometimes it is desireable that a sequence of actions is considered as a
				single atomic action. For example when you change multiple beliefs at once,
				which might trigger some conditions, you may want to perform all changes
				before the conditions are evaluated. In standard plans, this can be achieved by using a pair of
				<methodname>startAtomic()</methodname> /
				<methodname>endAtomic()</methodname>
				calls around the code you want to execute as a whole. Note that you are not
				allowed to end the plan step inside an atomic block (e.g., by calling
				<methodname>waitFor()</methodname>).
			</para>

			<figure>
				<title>How to establish an atomic block</title>
				<programlisting>public void body() {
    ...
    startAtomic();    
    // Atomic code goes here.
    ...    
    endAtomic();
    ...
}</programlisting>
			</figure>
		</section>

	</section>
<!--
	<!-#- Old docu about process goals. Does neither fit into "goals" nor "plans". Will soon be obsolete!? -#->
	<section>
		<title>Goal Processing</title>
		
		<para>
			The mechanism to make a plan reacting to a specific goal is for all kinds
			of goals the same. A trigger matching goal events has to be defined within
			the plan declaration.
		</para>
		
		<figure>
			<title>Plan triggered by a goal</title>
			<programlisting><![CDATA[<plan name="wanderplan">
    <constructor>...</constructor>
    <trigger>
        <goal ref="patrol" />
    </trigger>
</plan>]]></programlisting>
		</figure>
		
		<para>
			Before a goal is reached, several plans may try to process the goal,
			even at once, when specified so. Therefore, while executing, plans do
			not manipulate the original goal object, but a copy - called process goal
			(class <classname>IProcessGoal</classname>). The original goal object -
			called proprietary goal (or just "goal") - represents the general properties
			of a goal (i.e., state to be achieved, plans already tried, etc.).
			Process goals are used to represent the temporary execution information of
			running plans, trying to achieve a goal. For each plan a new process goal
			is automatically created, derived from the original proprietary goal,
			therefore ensuring a level of isolation between running plans
			As proprietary goals and process goals share most of their properties
			the distinction between them can be neglected most of the time.
			Some operations can only be performed on proprietary goals and other
			operations only apply to process goals, but these differences will
			follow from the context in which the goal is accessed (e.g., when processing
			a goal you won't need operations of proprietary goals).
		</para>
		
		
		<para>
			Plan instances have a root goal that represents the goal to process.
			The root goal is set at instantiation time, and is not changed throughout
			the lifetime of the plan instance. The root goal is always a process goal,
			and when it is finished (e.g., failed or succeeded) the plan will automatically
			be terminated if it is still running (i.e., plans cannot live longer than
			their corresponding root goals). The root goal of the plan can be accessed
			by the getRootGoal() method. In addition to the goal type, a plan uses the
			parameters accessible via <methodname>IProcessGoal.getParameter(String name)</methodname>
			to decide how to process the goal. When a plan completes without an exception
			the goal is successfully processed and the processing information is forwarded
			to the original goal object, which decides if it is now finished (e.g.,
			based on its own target condition).

			todo: explain getException() in failure()
			todo: explain isAbortedOnSuccess() in aborted()
		</para>
	
		
		<figure>
			<title>Processing a goal inside a plan body</title>
			<programlisting>public void body() {
    IProcessGoal goal = getRootGoal();

    // Process the goal...
    ...
}</programlisting>
		</figure>
	</section>
-->	

</chapter>
