<?xml version="1.0" encoding="UTF-8"?>
<!--<!DOCTYPE chapter PUBLIC "-//OASIS//DTD DocBook XML V4.1.2//EN"
"../docbook/dtd/docbookx.dtd" >-->
<chapter id="properties">
	<title>Properties</title>

	<para>
		This chapter contains an overview about the usage of agent and capability
 		properties, that allow to change the behavior of the agent. In general,
 		properties represent static expressions, i.e. they are interpreted but
 		only once when an agent instance is loaded.
 		Properties can be defined in two different ways. First, you can use the
 		properties section of the agent (and capability) XML
		file and add an arbitrary number of properties. Secondly, the agent tag has
		an optional attribute "propertyfile" which refers to an XML file containing
		important definitions. The default value of this attribute is the
		<filename>jadex/config/runtime.properties.xml</filename> file which specifies basic Jadex agent properties
		and normally can be used for all agents, but if you would like to provide the
		same set of properties to several agents, you can define your own XML property
		file and set the properties attribute of your agents accordingly.
	</para>
	<figure id="properties.schema">
		<title>The Jadex properties XML schema part</title>
		<screenshot>
			<mediaobject>
				<imageobject>
					<imagedata fileref="images/jadex_properties_adf.png"/>
				</imageobject>
			</mediaobject>
		</screenshot>
	</figure>
	<para>
		Properties specified in the properties section override values loaded from
		the included property file. In addition, some properties can be defined
		individually for each capability, which otherwise inherits the properties
		of the outer capability or agent.
		<xref linkend="properties.table"/> gives an overview of all available properties.
		The scope denotes, if the property can only be specified for the agent as a whole,
		or can be adjusted to different values for individual capabilities.
	</para>
	
	<table id="properties.table">
		<title>Available properties</title>
		<tgroup cols="4">
			<colspec colnum="1" colwidth="1"/>
			<colspec colnum="2" colwidth="3"/>
			<colspec colnum="3" colwidth="1"/>
			<colspec colnum="4" colwidth="3"/>
			
			<thead>
				<row>
					<entry>Scope</entry>
					<entry>Property</entry>
					<entry>Default</entry>
					<entry>Possible Values</entry>
				</row>
			</thead>
			<tbody>
				<row>
					<entry>agent</entry>
					<entry><computeroutput>max_planstep_time</computeroutput></entry>
					<entry>unlimited</entry>
					<entry>Positive <classname>long</classname> or <literal>0</literal> for unlimited</entry>
				</row>
					<row>
					<entry>agent</entry>
					<entry><computeroutput>storedmessages.size</computeroutput></entry>
					<entry>unlimited</entry>
					<entry>Positive <classname>int</classname> or <literal>0</literal> for unlimited</entry>
				</row>
				<row>
					<entry>agent</entry>
					<entry><computeroutput>debugging</computeroutput></entry>
					<entry><literal>false</literal></entry>
					<entry>{<literal>true</literal>, <literal>false</literal>}</entry>
				</row>
				<row>
					<entry>capability</entry>
					<entry><computeroutput>logging.level</computeroutput></entry>
					<entry><literal>SEVERE</literal></entry>
					<entry><classname>java.util.logging.Level</classname> instances</entry>
				</row>
				<row>
					<entry>capability</entry>
					<entry><computeroutput>logging.useParentHandlers</computeroutput></entry>
					<entry><literal>true</literal></entry>
					<entry>{<literal>true</literal>, <literal>false</literal>}</entry>
				</row>
				<row>
					<entry>capability</entry>
					<entry><computeroutput>logging.addConsoleHandler</computeroutput></entry>
					<entry/>
					<entry><classname>java.util.logging.Level</classname> instances</entry>
				</row>
				<row>
					<entry>capability</entry>
					<entry><computeroutput>logging.level.exceptions</computeroutput></entry>
					<entry><literal>SEVERE</literal></entry>
					<entry><classname>java.util.logging.Level</classname> instances</entry>
				</row>

<!--				<row>
					<entry>agent (ony available in JADE adapter)</entry>
					<entry><computeroutput>messagequeue.size</computeroutput></entry>
					<entry>unlimited</entry>
					<entry>Positive <classname>int</classname> or <literal>0</literal> for unlimited</entry>
				</row>
				<row>
					<entry>agent (only available in JADE adapter)</entry>
					<entry><computeroutput>jadefilter</computeroutput></entry>
					<entry/>
					<entry>JADE <classname>MessageTemplate</classname> instances</entry>
				</row>-->
			</tbody>
		</tgroup>
	</table>				

	<para>	
		The Jadex sytem has to take care that only one plan step is executed at a time,
		therefore it waits until a plan step returns. With the help of the
		"max_planstep_time" property it is possible to set the maximum execution time
		for a single planstep in milliseconds. Per default the execution time is not
 		limited and a plan might execute as long plan steps as it want to (note that long
 		plan steps are not recommended, because they hinder the agent in responding to
 		urgent events). A plan running longer than the maximum plan step time will be forcefully
		aborted by the system. This feature is only available for standard, but
		not for mobile plans.
	</para>

	<para>
		The "storedmessages.size" property can be used to restrict the number of monitored conversations.
		Generally, an agent has to keep track of its sent messages for being able to
		associate an incoming message to already sent messages. This means an agent has to
		know what it sent to determine if it received some reply of a previous message.
		When restricting the number of conversations, and a message arrives belonging to an
		ongoing conversation that was removed from the cache, the agent might not be able
		to route the message to the correct capability.
	</para>

<!--	<para>
		The goal properties allow to reduce the memory consuption of agents, by limiting
		the size of the goal excludeset of plans not to reconsider in the
		current goal processing cycle. These are individual values used for each goal.
		Note that when having a large number of plans able to handle a givern goal (e.g.,
		due to binding parameters), a too small excludeset size might affect the behavior
		of the agent.
	</para>
	
	<para>
		When using the JADE adapter the size of the JADE agent's message queue can
		be limited by using the messagequeue.size property.
	</para>
-->
	<para>
		The "debugging" property influences the execution mode of the agent.
		When setting debugging to <literal>true</literal> the agent is halted
		after startup and set to single-step mode. You can then use the debugger
		tab of the introspector tool execute the agent step-by-step and observe
		its behavior.
	</para>

	<para>	
		The logging properties can be used to adjust the logging behavior according
		to the <ulink url="http://java.sun.com/j2se/1.4/docs/guide/util/logging/overview.html">Java Logging API</ulink>.
		The level influences the amount of logging information
		produced by the agent (logging information below the level will be completely
		ignored). Setting "useParentHandlers" to "true" will forward logging information
		to the parent handler, which by Java default causes logging output up to the INFO level
		to be displayed on the console. If you want to direct more detailed logging output
		to the console use the "addConsoleHandler" property, which creates a custom
		logging handler for console ouput with the specified logging level. More about
		logging settings can be found in <xref linkend="JadexToolGuide"/>.
	</para>

	<para>
		The "logging.level.exceptions" property can be used to specify the logging
		level for uncatched exceptions occurring in plan bodies. Using the default
		settings for logging (non-BDI specific) exceptions are printed out as SEVERE
		log messages to the console. You can adjust the level settings to suppress
		exception log messages from plans that you expect to throw exceptions.
		
		The following concrete subclasses of the abstract 
		<computeroutput>jadex.runtime.BDIFailureException</computeroutput>
		may occur:
		<itemizedlist>
			<listitem>
				<para><computeroutput>jadex.runtime.AgentDeathException</computeroutput></para>
				The agent death exception denotes that an agent has dies. It is
				e.g. used by the reasoning engine to wake up waiting agent listeners
				and the agent is killed in the meantime. 
			</listitem>
			<listitem>
				<para><computeroutput>jadex.runtime.GoalFailureException</computeroutput></para>
				A goal failure exception indicates that a goal could not successfully pursued.
				It is thrown by the reasoning engine when e.g. dispatchSubgoalAndWait() is called
				and the goal does not succeed. 
			</listitem>
			<listitem>
				<para><computeroutput>jadex.runtime.MessageFailureException</computeroutput></para>
				Indicates that a message could not be delivered. Is e.g. thrown
				by the message transport system of the Standalone platform when a
				message should be sent that has no receivers.
			</listitem>
			<listitem>
				<para><computeroutput>jadex.runtime.PlanFailureException</computeroutput></para>
				Can be thrown from user code in plans for indicating that a normal plan failure has occurred. Also
				calling the fail() method will lead to throwing a plan failure exception.
			</listitem>
			<listitem>
				<para><computeroutput>jadex.runtime.TimeoutException</computeroutput></para>
				Occurs, when any waitFor...() method is called with eexception of the
				basic waitFor(time) method, which will only block until the given time interval
				elpased.
			</listitem>
		</itemizedlist>	
	</para>

	<para>
		<xref linkend="properties.example"/> shows an example property section setting logging and plan step options.
	</para>
	
	<figure id="properties.example">
		<title>Example properties section</title>
		<programlisting><![CDATA[<properties> 
    <property name="logging.level">Level.WARNING</property>
    <property name="scheduler.max_planstep_time">5000</property>
</properties>]]></programlisting>
	</figure>
	
</chapter>