<?xml version="1.0" encoding="UTF-8"?>
<!DOCTYPE book PUBLIC "-//OASIS//DTD DocBook XML V4.1.2//EN"
"../../docbook/dtd/docbookx.dtd"
[
<!--<!ENTITY requirements      SYSTEM "requirements.xml">-->
<!ENTITY introduction      SYSTEM "introduction.xml">
<!ENTITY getting_started   SYSTEM "getting_started.xml">
<!ENTITY documentation     SYSTEM "documentation.xml">
<!ENTITY concepts          SYSTEM "concepts.xml">
<!ENTITY changes           SYSTEM "changes0.96.xml">
<!ENTITY legal_notice      SYSTEM "legal_notice.xml">

<!ENTITY adf               SYSTEM "adf.xml">
<!ENTITY imports           SYSTEM "imports.xml">
<!ENTITY capabilities      SYSTEM "capabilities.xml">
<!ENTITY beliefs           SYSTEM "beliefs.xml">
<!ENTITY goals             SYSTEM "goals.xml">
<!ENTITY plans             SYSTEM "plans.xml">
<!ENTITY events            SYSTEM "events.xml">
<!ENTITY expressions       SYSTEM "expressions.xml">
<!ENTITY conditions        SYSTEM "conditions.xml">
<!ENTITY properties        SYSTEM "properties.xml">
<!ENTITY configurations    SYSTEM "configurations.xml">
<!ENTITY dynamicmodels	   SYSTEM "dynamicmodels.xml">
<!ENTITY externalinteractions SYSTEM "externalinteractions.xml">
<!ENTITY predef_cap        SYSTEM "predef_cap.xml">
<!ENTITY adapters		   SYSTEM "adapters.xml">
<!ENTITY addons            SYSTEM "addons.xml">
<!ENTITY faq               SYSTEM "faq.xml">

<!ENTITY bib               SYSTEM "../bib.xml">

<!ENTITY release           SYSTEM "../release.tmp">
<!ENTITY releasedate       SYSTEM "../releasedate.tmp">
]>

<book id="top">
	<bookinfo>
		<title>
			Jadex User Guide
		</title>

		<subtitle>
			<inlinemediaobject>
				<imageobject>
					<imagedata fileref="images/jadex_userguide_logo.png" format="PNG"/>
				</imageobject>
				<textobject>
					<phrase>Jadex User Guide</phrase>
				</textobject>
			</inlinemediaobject>
		</subtitle>

		<releaseinfo>Release &release;</releaseinfo>
		<date>&releasedate;</date>
		<date><ulink url="http://vsis-www.informatik.uni-hamburg.de/projects/jadex/"/></date>
		
		<authorgroup>
			<author>
				<firstname>Alexander</firstname>
				<surname>Pokahr</surname>
			</author>

			<author>
				<firstname>Lars</firstname>
				<surname>Braubach</surname>
			</author>

			<!-- <author>
				<firstname>Manuel</firstname>
				<surname>Orben</surname>
			</author> -->			
		</authorgroup>

		<corpname>
			Distributed Systems Group
		</corpname>
		<corpname>
			University of Hamburg, Germany
		</corpname>
		<corpname>
			<ulink role="external" url="http://vsis-www.informatik.uni-hamburg.de"/>
		</corpname>

		<legalnotice>
			<para>
				<emphasis>
				If you have support questions about Jadex please use the
				sourceforge help forum and mailing list for that purpose
				(available at <ulink url="http://sourceforge.net/projects/jadex/"/>).
				</emphasis>
			</para>
		</legalnotice>

	</bookinfo>

	&introduction;
	&concepts;

	&adf;
	&imports;
	&capabilities;
	&beliefs;
	&goals;
	&plans;
	&events;
	&expressions;
	&conditions;
	&properties;
	&configurations;
	&dynamicmodels;
	&externalinteractions;
	&predef_cap;

	&changes;
	&adapters;
	&addons;
	&faq;
	&legal_notice;

	&bib;

</book>