<?xml version="1.0" encoding="UTF-8"?>

<xwikidoc>
<web>Blog</web>
<name>BlogSheet</name>
<language></language>
<defaultLanguage>en</defaultLanguage>
<translation>0</translation>
<parent>Blog.WebHome</parent>
<creator>XWiki.Admin</creator>
<author>XWiki.Admin</author>
<customClass></customClass>
<contentAuthor>XWiki.Admin</contentAuthor>
<creationDate>1227130326000</creationDate>
<date>1227680870000</date>
<contentUpdateDate>1227680870000</contentUpdateDate>
<version>1.1</version>
<title>Sheet for displaying blogs</title>
<template></template>
<defaultTemplate></defaultTemplate>
<validationScript></validationScript>
<comment></comment>
<minorEdit>false</minorEdit>
<syntaxId>xwiki/2.0</syntaxId>
<hidden>true</hidden>
<object>
<class>
<name>XWiki.SheetClass</name>
<customClass></customClass>
<customMapping></customMapping>
<defaultViewSheet></defaultViewSheet>
<defaultEditSheet></defaultEditSheet>
<defaultWeb></defaultWeb>
<nameField></nameField>
<validationScript></validationScript>
<defaultEditMode>
<name>defaultEditMode</name>
<number>1</number>
<prettyName>Default Edit Mode</prettyName>
<size>15</size>
<unmodifiable>0</unmodifiable>
<classType>com.xpn.xwiki.objects.classes.StringClass</classType>
</defaultEditMode>
</class>
<name>Blog.BlogSheet</name>
<number>0</number>
<className>XWiki.SheetClass</className>
<guid>fe4d8a34-5c80-4bc4-9352-45cfbd48bfcb</guid>
<property>
<defaultEditMode></defaultEditMode>
</property>
</object>
<content>{{include document="Blog.BlogCode"/}}
{{velocity filter="none"}}
{{html clean="false" wiki="true"}}
##
##
##
#showBlogInfo($doc)
#if($context.action != 'inline')
  #printBlog($doc)
#end
{{/html}}
{{/velocity}}</content>
</xwikidoc>
