<?xml version="1.0" encoding="UTF-8"?>

<xwikidoc>
<web>Blog</web>
<name>BlogClass</name>
<language></language>
<defaultLanguage></defaultLanguage>
<translation>0</translation>
<parent>Blog.BlogCode</parent>
<creator>XWiki.Admin</creator>
<author>XWiki.Admin</author>
<customClass></customClass>
<contentAuthor>XWiki.Admin</contentAuthor>
<creationDate>1227675584000</creationDate>
<date>1227676200000</date>
<contentUpdateDate>1227676174000</contentUpdateDate>
<version>1.1</version>
<title>Blog XClass</title>
<template></template>
<defaultTemplate></defaultTemplate>
<validationScript></validationScript>
<comment></comment>
<minorEdit>false</minorEdit>
<syntaxId>xwiki/2.0</syntaxId>
<hidden>true</hidden>
<class>
<name>Blog.BlogClass</name>
<customClass></customClass>
<customMapping></customMapping>
<defaultViewSheet></defaultViewSheet>
<defaultEditSheet></defaultEditSheet>
<defaultWeb></defaultWeb>
<nameField></nameField>
<validationScript></validationScript>
<blogType>
<cache>0</cache>
<customDisplay></customDisplay>
<displayType>select</displayType>
<multiSelect>0</multiSelect>
<name>blogType</name>
<number>5</number>
<picker>0</picker>
<prettyName>Blog type</prettyName>
<relationalStorage>0</relationalStorage>
<separator> </separator>
<separators> ,|</separators>
<size>1</size>
<sort>none</sort>
<tooltip></tooltip>
<unmodifiable>0</unmodifiable>
<validationMessage></validationMessage>
<validationRegExp></validationRegExp>
<values>local=Space blog (aggregates posts from its space only)|global=Global blog (aggregates posts from the entire wiki)</values>
<classType>com.xpn.xwiki.objects.classes.StaticListClass</classType>
</blogType>
<description>
<contenttype>FullyRenderedText</contenttype>
<customDisplay></customDisplay>
<editor>---</editor>
<name>description</name>
<number>2</number>
<picker>0</picker>
<prettyName>Description</prettyName>
<rows>5</rows>
<size>60</size>
<tooltip></tooltip>
<unmodifiable>0</unmodifiable>
<validationMessage></validationMessage>
<validationRegExp></validationRegExp>
<classType>com.xpn.xwiki.objects.classes.TextAreaClass</classType>
</description>
<displayType>
<cache>0</cache>
<customDisplay></customDisplay>
<displayType>select</displayType>
<multiSelect>0</multiSelect>
<name>displayType</name>
<number>3</number>
<picker>0</picker>
<prettyName>Index display</prettyName>
<relationalStorage>0</relationalStorage>
<separator> </separator>
<separators> ,|</separators>
<size>1</size>
<sort>none</sort>
<tooltip></tooltip>
<unmodifiable>0</unmodifiable>
<validationMessage></validationMessage>
<validationRegExp></validationRegExp>
<values>paginated=Paginated|weekly=Group posts weekly|monthly=Group posts monthly|all=Show all posts</values>
<classType>com.xpn.xwiki.objects.classes.StaticListClass</classType>
</displayType>
<itemsPerPage>
<customDisplay></customDisplay>
<name>itemsPerPage</name>
<number>4</number>
<numberType>integer</numberType>
<prettyName>Items per page (only in the Paginated display mode)</prettyName>
<size>2</size>
<tooltip></tooltip>
<unmodifiable>0</unmodifiable>
<validationMessage></validationMessage>
<validationRegExp></validationRegExp>
<classType>com.xpn.xwiki.objects.classes.NumberClass</classType>
</itemsPerPage>
<title>
<customDisplay></customDisplay>
<name>title</name>
<number>1</number>
<picker>0</picker>
<prettyName>Blog title</prettyName>
<size>30</size>
<tooltip></tooltip>
<unmodifiable>0</unmodifiable>
<validationMessage></validationMessage>
<validationRegExp></validationRegExp>
<classType>com.xpn.xwiki.objects.classes.StringClass</classType>
</title>
</class>
<content>{{include document="XWiki.ClassSheet"/}}</content>
</xwikidoc>
