<?xml version="1.0" encoding="UTF-8"?>

<xwikidoc>
<web>Blog</web>
<name>CategorySheet</name>
<language></language>
<defaultLanguage>en</defaultLanguage>
<translation>0</translation>
<parent>Blog.CategoryClass</parent>
<creator>XWiki.Admin</creator>
<author>XWiki.Admin</author>
<customClass></customClass>
<contentAuthor>XWiki.Admin</contentAuthor>
<creationDate>1220437371000</creationDate>
<date>1226817939000</date>
<contentUpdateDate>1226817939000</contentUpdateDate>
<version>1.1</version>
<title>Sheet for displaying blog categories</title>
<template></template>
<defaultTemplate></defaultTemplate>
<validationScript></validationScript>
<comment></comment>
<minorEdit>false</minorEdit>
<syntaxId>xwiki/2.0</syntaxId>
<hidden>true</hidden>
<object>
<class>
<name>XWiki.SheetClass</name>
<customClass></customClass>
<customMapping></customMapping>
<defaultViewSheet></defaultViewSheet>
<defaultEditSheet></defaultEditSheet>
<defaultWeb></defaultWeb>
<nameField></nameField>
<validationScript></validationScript>
<defaultEditMode>
<name>defaultEditMode</name>
<number>1</number>
<prettyName>Default Edit Mode</prettyName>
<size>15</size>
<unmodifiable>0</unmodifiable>
<classType>com.xpn.xwiki.objects.classes.StringClass</classType>
</defaultEditMode>
</class>
<name>Blog.CategorySheet</name>
<number>0</number>
<className>XWiki.SheetClass</className>
<guid>a0c19db1-addb-4599-855e-55696c51eecd</guid>
<property>
<defaultEditMode></defaultEditMode>
</property>
</object>
<content>{{include document="Blog.CategoriesCode"/}}
{{velocity filter="none"}}
{{html clean="false" wiki="true"}}
$xwiki.ssx.use("Blog.ManageCategories")##
$xwiki.jsx.use("Blog.ManageCategories")##
##
##
##
#if($doc.getObject($blogCategoryClassname))
  #getEntriesForCategory($doc.fullName $discard $totalEntries)

&lt;h1&gt;Category: #getCategoryName($doc) ($totalEntries posts) &lt;a href="$xwiki.getURL('Blog.CategoryRss', 'view', "xpage=plain&amp;amp;category=${doc.fullName}")" title="RSS"&gt;#toolImage('feed' '[RSS]')&lt;/a&gt;&lt;/h1&gt;
  #if($context.action != 'inline')
    #getCategoriesHierarchy($doc.space $tree)
    #if("$!{tree.get(${doc.fullName})}" != '')
      &lt;div class="blog-categories-list subcategories"&gt;
        &lt;div&gt;
          **Subcategories**
        &lt;/div&gt;
        &lt;div&gt;
          #displayCategoriesHierarchyRecursive($tree $doc.fullName 1 'simple')
        &lt;/div&gt;
      &lt;/div&gt;
    #end
    &lt;div class="clearfloats"&gt;&lt;/div&gt;

    #getEntriesForCategory($doc.fullName $entries $total)
    #if($total == 0)
      #info('No entries in this category')
    #else
      #displayBlog($entries 'category' true true)
      ## displayNavigationLinks requires a blog document, to determine how should the entries be split into pages. Return this
      ## document, as the macro fallbacks to 'paginated' in case the right setting cannot be determined.
      #displayNavigationLinks($doc)
    #end
  #end
#elseif($doc.fullName == $blogCategorySheet)
= $msg.get('xe.blog.categories.sheet') =
  $msg.get('xe.blog.categories.sheetmessage')
#else
  #warning($msg.get('xe.blog.categories.notcategory'))
#end
{{/html}}
{{/velocity}}</content>
</xwikidoc>
