<?xml version="1.0" encoding="UTF-8"?>

<xwikidoc>
<web>Blog</web>
<name>RecentPostsPanel</name>
<language></language>
<defaultLanguage>en</defaultLanguage>
<translation>0</translation>
<parent>Panels.WebHome</parent>
<creator>XWiki.Admin</creator>
<author>XWiki.Admin</author>
<customClass></customClass>
<contentAuthor>XWiki.Admin</contentAuthor>
<creationDate>1239042137000</creationDate>
<date>1239042137000</date>
<contentUpdateDate>1239042137000</contentUpdateDate>
<version>1.1</version>
<title>Recent Blog Posts</title>
<template></template>
<defaultTemplate></defaultTemplate>
<validationScript></validationScript>
<comment></comment>
<minorEdit>false</minorEdit>
<syntaxId>xwiki/2.0</syntaxId>
<hidden>false</hidden>
<object>
<class>
<name>Panels.PanelClass</name>
<customClass></customClass>
<customMapping></customMapping>
<defaultViewSheet></defaultViewSheet>
<defaultEditSheet></defaultEditSheet>
<defaultWeb></defaultWeb>
<nameField></nameField>
<validationScript></validationScript>
<category>
<cache>0</cache>
<displayType>select</displayType>
<multiSelect>0</multiSelect>
<name>category</name>
<number>5</number>
<prettyName>Category</prettyName>
<relationalStorage>0</relationalStorage>
<separator> </separator>
<separators> ,|</separators>
<size>1</size>
<unmodifiable>0</unmodifiable>
<values>Information|Navigation|Tools|Administration|Other</values>
<classType>com.xpn.xwiki.objects.classes.StaticListClass</classType>
</category>
<content>
<editor>Text</editor>
<name>content</name>
<number>4</number>
<prettyName>Content</prettyName>
<rows>25</rows>
<size>60</size>
<unmodifiable>0</unmodifiable>
<classType>com.xpn.xwiki.objects.classes.TextAreaClass</classType>
</content>
<description>
<editor>Text</editor>
<name>description</name>
<number>3</number>
<prettyName>Description</prettyName>
<rows>5</rows>
<size>40</size>
<unmodifiable>0</unmodifiable>
<classType>com.xpn.xwiki.objects.classes.TextAreaClass</classType>
</description>
<name>
<name>name</name>
<number>1</number>
<prettyName>Name</prettyName>
<size>40</size>
<unmodifiable>0</unmodifiable>
<classType>com.xpn.xwiki.objects.classes.StringClass</classType>
</name>
<type>
<cache>0</cache>
<displayType>select</displayType>
<multiSelect>0</multiSelect>
<name>type</name>
<number>2</number>
<prettyName>Panel type</prettyName>
<relationalStorage>0</relationalStorage>
<separator> </separator>
<separators> ,|</separators>
<size>1</size>
<unmodifiable>0</unmodifiable>
<values>view|edit</values>
<classType>com.xpn.xwiki.objects.classes.StaticListClass</classType>
</type>
</class>
<name>Blog.RecentPostsPanel</name>
<number>0</number>
<className>Panels.PanelClass</className>
<guid>2ecdb9b4-0266-4aca-9ce8-a6e7032aeec8</guid>
<property>
<category>Navigation</category>
</property>
<property>
<content>{{include document="Blog.BlogCode"/}}
{{velocity filter="none"}}
{{html clean="false" wiki="true"}}
#getBlogEntriesBaseQuery($query)
#set($query = "$!{query} and isPublished.value = 1 and hidden.value &lt;&gt; 1")
#set($recentEntries = $xwiki.searchDocuments("${query} order by publishDate.value desc", 10, 0))
#if($recentEntries.size() &gt; 0 || $showEmptyPanels)
  #panelheader('Recent Blog Posts')
  #foreach($entryDoc in $xwiki.wrapDocs($recentEntries))
    #getEntryObject($entryDoc $entryObj)
    * [[$!{entryDoc.display('title', 'view', $entryObj)}&gt;&gt;$!{entryDoc.fullName}]]
  #end


  #panelfooter()
#end
{{/html}}
{{/velocity}}</content>
</property>
<property>
<description>Shows the most recent (published) blog posts.</description>
</property>
<property>
<name>Recent Blog Posts</name>
</property>
<property>
<type>view</type>
</property>
</object>
<content>{{include document="Panels.PanelSheet"/}}</content>
</xwikidoc>
