<?xml version="1.0" encoding="UTF-8"?>
<!--<!DOCTYPE chapter PUBLIC "-//OASIS//DTD DocBook XML V4.1.2//EN"
"../docbook/dtd/docbookx.dtd">-->
<bibliography>

	<biblioentry id="Bauer+01AUML">
		<abbrev>Bauer et al. 2001</abbrev>
		<biblioset relation='paper'>
			<authorgroup>
				<author><firstname>B.</firstname><surname>Bauer</surname></author>
				<author><firstname>J.</firstname><surname>Müller</surname></author>
				<author><firstname>J.</firstname><surname>Odell</surname></author>
			</authorgroup>
			<title>Agent UML: A Formalism for Specifying Multiagent Interaction</title>
		</biblioset>
		<biblioset relation='proceedings'>
			<authorgroup>
				<editor><firstname>P.</firstname><surname>Ciancarini</surname></editor>
				<editor><firstname>M.</firstname><surname>Wooldridge</surname></editor>
			</authorgroup>
			<title>Proceedings of the First International Workshop on Agent-Oriented Software Engineering (AOSE 2000)</title>
			<publisher>
				<publishername>Springer</publishername>
				<address>Berlin, New York</address>
			</publisher>
			<pubdate>2001</pubdate>
			<pagenums>pp.91-103</pagenums>
		</biblioset>
	</biblioentry>

	<biblioentry id="Bellifemine+07Developing">
		<abbrev>Bellifemine et al. 2007</abbrev>
		<biblioset relation='book'>
			<authorgroup>
				<author><firstname>F.</firstname><surname>Bellifemine</surname></author>
				<author><firstname>G.</firstname><surname>Caire</surname></author>
				<author><firstname>D.</firstname><surname>Greenwood</surname></author>
			</authorgroup>
			<title>Developing Multi-Agent Systems with JADE</title>
			<publisher>
				<publishername>John Wiley &amp; Sons</publishername>
				<address>New York, USA</address>
			</publisher>
			<pubdate>2007</pubdate>
		</biblioset>
	</biblioentry>

	<biblioentry id="Bratman87Intention">
		<abbrev>Bratman 1987</abbrev>
		<biblioset relation='book'>
			<authorgroup>
				<author><firstname>M.</firstname><surname>Bratman</surname></author>
			</authorgroup>
			<title>Intention, Plans, and Practical Reason</title>
			<publisher>
				<publishername>Harvard University Press</publishername>
				<address>Cambridge, MA, USA</address>
			</publisher>
			<pubdate>1987</pubdate>
		</biblioset>
	</biblioentry>

	<biblioentry id="Braubach+04GoalRepresentation">
		<abbrev>Braubach et al. 2004</abbrev>
		<biblioset relation='paper'>
			<authorgroup>
				<author><firstname>L.</firstname><surname>Braubach</surname></author>
				<author><firstname>A.</firstname><surname>Pokahr</surname></author>
				<author><firstname>D.</firstname><surname>Moldt</surname></author>
				<author><firstname>W.</firstname><surname>Lamersdorf</surname></author>
			</authorgroup>
			<title>Goal Representation for BDI Agent Systems</title>
		</biblioset>
		<biblioset relation='proceedings'>
			<authorgroup>
				<editor><firstname>R.</firstname><surname>Bordini</surname></editor>
				<editor><firstname>M.</firstname><surname>Dastani</surname></editor>
				<editor><firstname>J.</firstname><surname>Dix</surname></editor>
				<editor><firstname>A.</firstname><surname>El Fallah Seghrouchni</surname></editor>
			</authorgroup>
			<title>Proceedings of the Second Workshop on Programming Multiagent Systems: Languages, frameworks, techniques, and tools (ProMAS04)</title>
			<publisher>
				<publishername>Springer</publishername>
				<address>Berlin, New York</address>
			</publisher>
			<pubdate>2004</pubdate>
			<pagenums>pp.9-20</pagenums>
		</biblioset>
	</biblioentry>

	<biblioentry id="Braubach+05Jadex">
		<abbrev>Braubach et al. 2005a</abbrev>
		<biblioset relation='chapter'>
			<authorgroup>
				<author><firstname>L.</firstname><surname>Braubach</surname></author>
				<author><firstname>A.</firstname><surname>Pokahr</surname></author>
				<author><firstname>W.</firstname><surname>Lamersdorf</surname></author>
			</authorgroup>
			<title>Jadex: A BDI Agent System Combining Middleware and Reasoning</title>
		</biblioset>
		<biblioset relation='book'>
			<authorgroup>
				<editor><firstname>R.</firstname><surname>Unland</surname></editor>
				<editor><firstname>M.</firstname><surname>Klusch</surname></editor>
				<editor><firstname>M.</firstname><surname>Calisti</surname></editor>
			</authorgroup>
			<title>Software Agent-Based Applications, Platforms and Development Kits</title>
			<publisher>
				<publishername>Birkhäuser</publishername>
				<!--<address></address>-->
			</publisher>
			<pubdate>2005</pubdate>
			<pagenums>pp.143-168</pagenums>
		</biblioset>
	</biblioentry>

	<biblioentry id="Braubach+05Extending">
		<abbrev>Braubach et al. 2005b</abbrev>
		<biblioset relation='paper'>
			<authorgroup>
				<author><firstname>L.</firstname><surname>Braubach</surname></author>
				<author><firstname>A.</firstname><surname>Pokahr</surname></author>
				<author><firstname>W.</firstname><surname>Lamersdorf</surname></author>
			</authorgroup>
			<title>Extending the Capability Concept for Flexible BDI Agent Modularization</title>
		</biblioset>
		<biblioset relation='proceedings'>
			<authorgroup>
				<editor><firstname>R.</firstname><surname>Bordini</surname></editor>
				<editor><firstname>M.</firstname><surname>Dastani</surname></editor>
				<editor><firstname>J.</firstname><surname>Dix</surname></editor>
				<editor><firstname>A.</firstname><surname>El Fallah Seghrouchni</surname></editor>
			</authorgroup>
			<title>Proceedings of the Third International Workshop on Programming Multi-Agent Systems (ProMAS'05)</title>
			<publisher>
				<publishername></publishername>
				<!--<address></address>-->
			</publisher>
			<pubdate>2005</pubdate>
			<pagenums>pp.99-114</pagenums>
		</biblioset>
	</biblioentry>

	<biblioentry id="Busetta+99Structuring">
		<abbrev>Busetta et al. 2000</abbrev>
		<biblioset relation='paper'>
			<authorgroup>
				<author><firstname>P.</firstname><surname>Busetta</surname></author>
				<author><firstname>N.</firstname><surname>Howden</surname></author>
				<author><firstname>R.</firstname><surname>R&ouml;nnquist</surname></author>
				<author><firstname>A.</firstname><surname>Hodgson</surname></author>
			</authorgroup>
			<title>Structuring BDI Agents in Functional Clusters</title>
		</biblioset>
		<biblioset relation='proceedings'>
			<authorgroup>
				<editor><firstname>N.</firstname><surname>Jennings</surname></editor>
				<editor><firstname>Y.</firstname><surname>Lespérance</surname></editor>
			</authorgroup>
			<title>Intelligent Agents VI, Proceedings of the 6th International
				Workshop, Agent Theories, Architectures, and Languages (ATAL) '99</title>
			<publisher>
				<publishername>Springer</publishername>
				<address>Berlin, New York</address>
			</publisher>
			<pubdate>2000</pubdate>
			<pagenums>pp.277-289</pagenums>
		</biblioset>
	</biblioentry>

	<biblioentry id="Hindriks+99agent">
		<abbrev>Hindriks et al. 1999</abbrev>
		<biblioset relation='paper'>
			<authorgroup>
				<author><firstname>K.</firstname><surname>Hindriks</surname></author>
				<author><firstname>F.</firstname><surname>de Boer</surname></author>
				<author><firstname>W.</firstname><surname>van der Hoek</surname></author>
				<author><firstname>J.-J.</firstname><surname>Meyer</surname></author>
			</authorgroup>
			<title>Agent Programming in 3APL</title>
		</biblioset>
		<biblioset relation='proceedings'>
			<authorgroup>
				<editor><firstname>N.</firstname><surname>Jennings</surname></editor>
				<editor><firstname>K.</firstname><surname>Sycara</surname></editor>
				<editor><firstname>M.</firstname><surname>Georgeff</surname></editor>
			</authorgroup>
			<title>Autonomous Agents and Multi-Agent Systems</title>
			<publisher>
				<publishername>Kluwer Academic publishers</publishername>
				<!--<address></address>-->
			</publisher>
			<pubdate>1999</pubdate>
			<pagenums>pp. 357-401</pagenums>
		</biblioset>
	</biblioentry>

	<biblioentry id="Huber99JAM">
		<abbrev>Huber 1999</abbrev>
		<biblioset relation='paper'>
			<authorgroup>
				<author><firstname>M.</firstname><surname>Huber</surname></author>
			</authorgroup>
			<title>JAM: A BDI-Theoretic Mobile Agent Architecture</title>
		</biblioset>
		<biblioset relation='proceedings'>
			<authorgroup>
				<editor><firstname>O.</firstname><surname>Etzioni</surname></editor>
				<editor><firstname>J.</firstname><surname>M&uuml;ller</surname></editor>
				<editor><firstname>J.</firstname><surname>Bradshaw</surname></editor>
			</authorgroup>
			<title>Proceedings of the Third Annual Conference on Autonomous Agents (AGENTS-99)</title>
			<publisher>
				<publishername>ACM Press</publishername>
				<address>New York</address>
			</publisher>
			<pubdate>1999</pubdate>
			<pagenums>pp. 236-243</pagenums>
		</biblioset>
	</biblioentry>

	<biblioentry id="JadexTutorial">
		<abbrev>Jadex Tutorial</abbrev>
		<biblioset relation='manual'>
			<authorgroup>
				<author><firstname>L.</firstname><surname>Braubach</surname></author>
				<author><firstname>A.</firstname><surname>Pokahr</surname></author>
				<!-- <author><firstname>A.</firstname><surname>Walczak</surname></author> -->
			</authorgroup>
			<title>Jadex Tutorial</title>
			<pubdate>2005</pubdate>
		</biblioset>
	</biblioentry>

	<biblioentry id="JadexToolGuide">
		<abbrev>Jadex Tool Guide</abbrev>
		<biblioset relation='manual'>
			<authorgroup>
				<author><firstname>A.</firstname><surname>Pokahr</surname></author>
				<author><firstname>L.</firstname><surname>Braubach</surname></author>
				<!-- <author><firstname>R.</firstname><surname>Leppin</surname></author>
				<author><firstname>A.</firstname><surname>Walczak</surname></author> -->
			</authorgroup>
			<title>Jadex Tool Guide</title>
			<pubdate>2005</pubdate>
		</biblioset>
	</biblioentry>
	
	<biblioentry id="JadexUserGuide">
		<abbrev>Jadex User Guide</abbrev>
		<biblioset relation='manual'>
			<authorgroup>
				<author><firstname>A.</firstname><surname>Pokahr</surname></author>
				<author><firstname>L.</firstname><surname>Braubach</surname></author>
				<!-- <author><firstname>A.</firstname><surname>Walczak</surname></author> -->
			</authorgroup>
			<title>Jadex User Guide</title>
			<pubdate>2005</pubdate>
		</biblioset>
	</biblioentry>

	<biblioentry id="Lehman+96Gentle">
		<abbrev>Lehman et al. 1996</abbrev>
		<biblioset relation='paper'>
			<authorgroup>
				<author><firstname>J. F.</firstname><surname>Lehman</surname></author>
				<author><firstname>J. E.</firstname><surname>Laird</surname></author>
				<author><firstname>P. S.</firstname><surname>Rosenbloom</surname></author>
			</authorgroup>
			<title>A gentle introduction to Soar, an architecture for human cognition</title>
		</biblioset>
		<biblioset relation='proceedings'>
			<!--<authorgroup>
				<editor><firstname>N.</firstname><surname>Jennings</surname></editor>
			</authorgroup>-->
			<title>Invitation to Cognitive Science Vol. 4</title>
			<publisher>
				<publishername>MIT press</publishername>
				<!--<address></address>-->
			</publisher>
			<pubdate>1996</pubdate>
			<!--<pagenums>pp. 357-401</pagenums>-->
		</biblioset>
	</biblioentry>

	<biblioentry id="McCarthy79Ascribing">
		<abbrev>McCarthy et al. 1979</abbrev>
		<biblioset relation='paper'>
			<authorgroup>
				<author><firstname>J.</firstname><surname>McCarthy</surname></author>
			</authorgroup>
			<title>Ascribing mental qualities to machine</title>
		</biblioset>
		<biblioset relation='proceedings'>
			<authorgroup>
				<editor><firstname>M.</firstname><surname>Ringle</surname></editor>
			</authorgroup>
			<title>Philosophical Perspectives in Artificial Intelligence</title>
			<publisher>
				<publishername>Humanities Press</publishername>
				<address>Atlantic Highlands, NJ</address>
			</publisher>
			<pubdate>1979</pubdate>
			<pagenums>pp. 161-195</pagenums>
		</biblioset>
	</biblioentry>

	<biblioentry id="Pokahr+05Goal">
		<abbrev>Pokahr et al. 2005a</abbrev>
		<biblioset relation='chapter'>
			<authorgroup>
				<author><firstname>A.</firstname><surname>Pokahr</surname></author>
				<author><firstname>L.</firstname><surname>Braubach</surname></author>
				<author><firstname>W.</firstname><surname>Lamersdorf</surname></author>
			</authorgroup>
			<title>A Goal Deliberation Strategy for BDI Agent Systems</title>
		</biblioset>
		<biblioset relation='book'>
			<authorgroup>
				<editor><firstname>T.</firstname><surname>Eymann</surname></editor>
				<editor><firstname>F.</firstname><surname>Kl&uuml;gl</surname></editor>
				<editor><firstname>W.</firstname><surname>Lamersdorf</surname></editor>
				<editor><firstname>M.</firstname><surname>Klusch</surname></editor>
				<editor><firstname>M.</firstname><surname>Huhns</surname></editor>
			</authorgroup>
			<title>In Proceedings of the third German conference on Multi-Agent System TEchnologieS (MATES-2005)</title>
			<publisher>
				<publishername>Springer-Verlag</publishername>
				<address>Berlin Heidelberg New York</address>
			</publisher>
			<pubdate>2005</pubdate>
			<!--<pagenums>pp.???</pagenums>-->
		</biblioset>
	</biblioentry>

	<biblioentry id="Pokahr+05AFlexible">
		<abbrev>Pokahr et al. 2005b</abbrev>
		<biblioset relation='paper'>
			<authorgroup>
				<author><firstname>A.</firstname><surname>Pokahr</surname></author>
				<author><firstname>L.</firstname><surname>Braubach</surname></author>
				<author><firstname>W.</firstname><surname>Lamersdorf</surname></author>
			</authorgroup>
			<title>A Flexible BDI Architecture Supporting Extensibility</title>
		</biblioset>
		<biblioset relation='proceedings'>
			<authorgroup>
				<editor><firstname>A.</firstname><surname>Skowron</surname></editor>
				<editor><firstname>J.P.</firstname><surname>Barthes</surname></editor>
				<editor><firstname>L.</firstname><surname>Jain</surname></editor>
				<editor><firstname>R.</firstname><surname>Sun</surname></editor>
				<editor><firstname>P.</firstname><surname>Morizet-Mahoudeaux</surname></editor>
				<editor><firstname>J.</firstname><surname>Liu</surname></editor>
				<editor><firstname>N.</firstname><surname>Zhong</surname></editor>
			</authorgroup>
			<title>Proceedings of The 2005 IEEE/WIC/ACM International Conference on Intelligent Agent Technology (IAT-2005)</title>
			<publisher>
				<publishername>IEEE Computer Society</publishername>
				<!--<address></address>-->
			</publisher>
			<pubdate>2005</pubdate>
			<pagenums>pp. 379-385</pagenums>
		</biblioset>
	</biblioentry>

	<biblioentry id="Pokahr+05Jadex">
		<abbrev>Pokahr et al. 2005c</abbrev>
		<biblioset relation='chapter'>
			<authorgroup>
				<author><firstname>A.</firstname><surname>Pokahr</surname></author>
				<author><firstname>L.</firstname><surname>Braubach</surname></author>
				<author><firstname>W.</firstname><surname>Lamersdorf</surname></author>
			</authorgroup>
			<title>Jadex: A BDI Reasoning Engine</title>
		</biblioset>
		<biblioset relation='book'>
			<authorgroup>
				<editor><firstname>R.</firstname><surname>Bordini</surname></editor>
				<editor><firstname>M.</firstname><surname>Dastani</surname></editor>
				<editor><firstname>J.</firstname><surname>Dix</surname></editor>
				<editor><firstname>A.</firstname><surname>El Fallah Seghrouchni</surname></editor>
			</authorgroup>
			<title>Programing Multi-Agent Systems</title>
			<publisher>
				<publishername>Kluwer Academic Publishers</publishername>
				<!--<address></address>-->
			</publisher>
			<pubdate>2005</pubdate>
			<pagenums>pp.149-174</pagenums>
		</biblioset>
	</biblioentry>

	<biblioentry id="Rao+95BDIAgents">
		<abbrev>Rao and Georgeff 1995</abbrev>
		<biblioset relation='paper'>
			<authorgroup>
				<author><firstname>A.</firstname><surname>Rao</surname></author>
				<author><firstname>M.</firstname><surname>Georgeff</surname></author>
			</authorgroup>
			<title>BDI Agents: from theory to practice</title>
		</biblioset>
		<biblioset relation='proceedings'>
			<authorgroup>
				<editor><firstname>V.</firstname><surname>Lesser</surname></editor>
			</authorgroup>
			<title>Proceedings of the First International Conference on Multi-Agent Systems (ICMAS'95)</title>
			<publisher>
				<publishername>The MIT Press</publishername>
				<address>Cambridge, MA, USA</address>
			</publisher>
			<pubdate>1995</pubdate>
			<pagenums>pp.312-319</pagenums>
		</biblioset>
	</biblioentry>

	<biblioentry id="Shoham93agent">
		<abbrev>Shoham 1993</abbrev>
		<biblioset relation='paper'>
			<authorgroup>
				<author><firstname>Y.</firstname><surname>Shoham</surname></author>
			</authorgroup>
			<title>Agent-oriented programming</title>
		</biblioset>
		<biblioset relation='proceedings'>
			<authorgroup>
				<editor><firstname>D. G.</firstname><surname>Bobrow</surname></editor>
			</authorgroup>
			<title>Artificial Intelligence Volume 60</title>
			<publisher>
				<publishername>Elsevier</publishername>
				<address>Amsterdam</address>
			</publisher>
			<pubdate>1993</pubdate>
			<pagenums>pp.51-92</pagenums>
		</biblioset>
	</biblioentry>

	<biblioentry id="Winikoff05JACK">
		<abbrev>Winikoff 2005</abbrev>
		<biblioset relation='chapter'>
			<authorgroup>
				<author><firstname>M.</firstname><surname>Winikoff</surname></author>
			</authorgroup>
			<title>JACK Intelligent Agents: An Industrial Strength Platform</title>
		</biblioset>
		<biblioset relation='book'>
			<authorgroup>
				<editor><firstname>R.</firstname><surname>Bordini</surname></editor>
				<editor><firstname>M.</firstname><surname>Dastani</surname></editor>
				<editor><firstname>J.</firstname><surname>Dix</surname></editor>
				<editor><firstname>A.</firstname><surname>El Fallah Seghrouchni</surname></editor>
			</authorgroup>
			<title>Programing Multi-Agent Systems</title>
			<publisher>
				<publishername>Kluwer Academic Publishers</publishername>
				<!--<address></address>-->
			</publisher>
			<pubdate>2005</pubdate>
			<pagenums>pp.175-193</pagenums>
		</biblioset>
	</biblioentry>

</bibliography>
