<?xml version="1.0" encoding="UTF-8"?>

<xwikidoc>
<web>Blog</web>
<name>ArchivePanel</name>
<language></language>
<defaultLanguage>en</defaultLanguage>
<translation>0</translation>
<parent>Panels.WebHome</parent>
<creator>XWiki.Admin</creator>
<author>XWiki.Admin</author>
<customClass></customClass>
<contentAuthor>XWiki.Admin</contentAuthor>
<creationDate>1229907780000</creationDate>
<date>1229915120000</date>
<contentUpdateDate>1229915120000</contentUpdateDate>
<version>1.1</version>
<title>Blog Archive Panel</title>
<template></template>
<defaultTemplate></defaultTemplate>
<validationScript></validationScript>
<comment></comment>
<minorEdit>false</minorEdit>
<syntaxId>xwiki/2.0</syntaxId>
<hidden>false</hidden>
<object>
<class>
<name>Panels.PanelClass</name>
<customClass></customClass>
<customMapping></customMapping>
<defaultViewSheet></defaultViewSheet>
<defaultEditSheet></defaultEditSheet>
<defaultWeb></defaultWeb>
<nameField></nameField>
<validationScript></validationScript>
<category>
<cache>0</cache>
<displayType>select</displayType>
<multiSelect>0</multiSelect>
<name>category</name>
<number>5</number>
<prettyName>Category</prettyName>
<relationalStorage>0</relationalStorage>
<separator> </separator>
<separators> ,|</separators>
<size>1</size>
<unmodifiable>0</unmodifiable>
<values>Information|Navigation|Tools|Administration|Other</values>
<classType>com.xpn.xwiki.objects.classes.StaticListClass</classType>
</category>
<content>
<editor>Text</editor>
<name>content</name>
<number>4</number>
<prettyName>Content</prettyName>
<rows>25</rows>
<size>60</size>
<unmodifiable>0</unmodifiable>
<classType>com.xpn.xwiki.objects.classes.TextAreaClass</classType>
</content>
<description>
<editor>Text</editor>
<name>description</name>
<number>3</number>
<prettyName>Description</prettyName>
<rows>5</rows>
<size>40</size>
<unmodifiable>0</unmodifiable>
<classType>com.xpn.xwiki.objects.classes.TextAreaClass</classType>
</description>
<name>
<name>name</name>
<number>1</number>
<prettyName>Name</prettyName>
<size>40</size>
<unmodifiable>0</unmodifiable>
<classType>com.xpn.xwiki.objects.classes.StringClass</classType>
</name>
<type>
<cache>0</cache>
<displayType>select</displayType>
<multiSelect>0</multiSelect>
<name>type</name>
<number>2</number>
<prettyName>Panel type</prettyName>
<relationalStorage>0</relationalStorage>
<separator> </separator>
<separators> ,|</separators>
<size>1</size>
<unmodifiable>0</unmodifiable>
<values>view|edit</values>
<classType>com.xpn.xwiki.objects.classes.StaticListClass</classType>
</type>
</class>
<name>Blog.ArchivePanel</name>
<number>0</number>
<className>Panels.PanelClass</className>
<guid>7a7707a2-9957-41c1-b1b3-a3b777560c70</guid>
<property>
<category>Navigation</category>
</property>
<property>
<content>{{include document="Blog.BlogCode"/}}
{{velocity filter="none"}}
{{html clean="false" wiki="true"}}
#set($space = "$!{request.space}")
#if($space == '')
  #set($space = $doc.space)
#end
#getBlogDocument($space $blogDoc)
#if($space == $blogDoc.space || $showEmptyPanels)
  #panelheader('Blog Archive')
  #getBlogEntriesBaseQuery($query)
  #set($query = "${query} and (doc.space = '${blogDoc.space}' or doc.parent = '${blogDoc.fullName}')")
  ## Create a Jodatime date formatter that will be used to format dates
  #set($monthFormatter = $xwiki.jodatime.getDateTimeFormatterForPattern('MMMM'))
  #set($tempDate = $xwiki.jodatime.mutableDateTime)
  #set($currentYear = $xwiki.formatDate($util.date, 'yyyy'))
  #set($currentMonth = $xwiki.formatDate($util.date, 'M'))
  #set($firstYear = '')
  #set($lastYear = '')
  #foreach($firstEntry in $xwiki.searchDocuments("${query} order by year(publishDate.value)", 1, 0))
    #set($discard = $xwiki.getDocument($firstEntry))
    #getEntryObject($discard $entryObj)
    #getEntryDate($discard $entryObj $firstYear)
    #set($firstYear = $util.parseInt($xwiki.formatDate($firstYear, 'yyyy')))
  #end
  #foreach($lastEntry in $xwiki.searchDocuments("${query} order by year(publishDate.value) desc", 1, 0))
    #set($discard = $xwiki.getDocument($lastEntry))
    #getEntryObject($discard $entryObj)
    #getEntryDate($discard $entryObj $lastYear)
    #set($lastYear = $util.parseInt($xwiki.formatDate($lastYear, 'yyyy')))
  #end
  #if("$!{firstYear}" != '') ## At least one entry exists
    #foreach($year in [$firstYear..$lastYear])
      #set($yearArticleCount = $xwiki.countDocuments("${query} and year(publishDate.value) = $year"))
      #if($yearArticleCount &gt; 0)
        * [[$year (% class="itemCount" %)(${yearArticleCount})(%%)&gt;&gt;Blog.Archive?space=${blogDoc.space}&amp;year=${year}]]
        #if($year == $currentYear)
          #foreach($month in [1..12])
            #set($monthArticleCount = $xwiki.countDocuments("${query} and year(publishDate.value) = $year and month(publishDate.value) = $month"))
            #if($monthArticleCount &gt; 0)
              $tempDate.setMonthOfYear($month)
              ** [[$monthFormatter.print($tempDate) (% class="itemCount" %)(${monthArticleCount})(%%)&gt;&gt;Blog.Archive?space=${blogDoc.space}&amp;year=${year}&amp;month=${month}]]
            #end
          #end
        #end
      #end
    #end


  #else
    #info($msg.get('xe.blog.archive.noarticle'))
  #end
  #panelfooter()
#end
{{/html}}
{{/velocity}}</content>
</property>
<property>
<description>Displays an archive of the current blog.</description>
</property>
<property>
<name>Blog Archive</name>
</property>
<property>
<type>view</type>
</property>
</object>
<content>{{include document="Panels.PanelSheet"/}}</content>
</xwikidoc>
