<?xml version="1.0" encoding="UTF-8"?>

<xwikidoc>
<web>Blog</web>
<name>BlogRss</name>
<language></language>
<defaultLanguage>en</defaultLanguage>
<translation>0</translation>
<parent>Blog.WebHome</parent>
<creator>XWiki.Admin</creator>
<author>XWiki.Admin</author>
<customClass></customClass>
<contentAuthor>XWiki.Admin</contentAuthor>
<creationDate>1229479418000</creationDate>
<date>1229906910000</date>
<contentUpdateDate>1229906910000</contentUpdateDate>
<version>1.1</version>
<title>Blog RSS Feed generator</title>
<template></template>
<defaultTemplate></defaultTemplate>
<validationScript></validationScript>
<comment></comment>
<minorEdit>false</minorEdit>
<syntaxId>xwiki/2.0</syntaxId>
<hidden>true</hidden>
<content>{{include document="Blog.RssCode"/}}
{{velocity filter="none"}}
#if("$!{request.xpage}" == 'plain' || "$!{request.xpage}" == 'rdf')
$response.setContentType('application/rdf+xml')
{{html clean="false" wiki="false"}}
##
##
##
#getTargetBlog($blogDoc)
#getBlogEntries($blogDoc $entries)
#set($entries = $xwiki.wrapDocs($entries))
#displayBlogRss($blogDoc $entries)
{{/html}}
#end
{{/velocity}}</content>
</xwikidoc>
