<?xml version="1.0" encoding="UTF-8"?>

<xwikidoc>
<web>Blog</web>
<name>BlogPostTemplate</name>
<language></language>
<defaultLanguage>en</defaultLanguage>
<translation>0</translation>
<parent>Blog.BlogPostClass</parent>
<creator>XWiki.Admin</creator>
<author>XWiki.Admin</author>
<customClass></customClass>
<contentAuthor>XWiki.Admin</contentAuthor>
<creationDate>1226490231000</creationDate>
<date>1226817819000</date>
<contentUpdateDate>1226817819000</contentUpdateDate>
<version>1.1</version>
<title>Template for blog entries</title>
<template></template>
<defaultTemplate></defaultTemplate>
<validationScript></validationScript>
<comment></comment>
<minorEdit>false</minorEdit>
<syntaxId>xwiki/2.0</syntaxId>
<hidden>true</hidden>
<object>
<class>
<name>Blog.BlogPostClass</name>
<customClass></customClass>
<customMapping></customMapping>
<defaultViewSheet></defaultViewSheet>
<defaultEditSheet></defaultEditSheet>
<defaultWeb></defaultWeb>
<nameField></nameField>
<validationScript></validationScript>
<category>
<cache>0</cache>
<classname>Blog.CategoryClass</classname>
<customDisplay></customDisplay>
<displayType>checkbox</displayType>
<idField>doc.fullName</idField>
<multiSelect>1</multiSelect>
<name>category</name>
<number>4</number>
<parentField>doc.parent</parentField>
<picker>0</picker>
<prettyName>Category</prettyName>
<relationalStorage>1</relationalStorage>
<separator>, </separator>
<separators></separators>
<size>1</size>
<sort>value</sort>
<sql></sql>
<tooltip></tooltip>
<unmodifiable>0</unmodifiable>
<validationMessage></validationMessage>
<validationRegExp></validationRegExp>
<valueField>name</valueField>
<classType>com.xpn.xwiki.objects.classes.DBTreeListClass</classType>
</category>
<content>
<contenttype>FullyRenderedText</contenttype>
<customDisplay></customDisplay>
<editor>---</editor>
<name>content</name>
<number>2</number>
<picker>0</picker>
<prettyName>Content</prettyName>
<rows>20</rows>
<size>80</size>
<tooltip></tooltip>
<unmodifiable>0</unmodifiable>
<validationMessage></validationMessage>
<validationRegExp></validationRegExp>
<classType>com.xpn.xwiki.objects.classes.TextAreaClass</classType>
</content>
<extract>
<contenttype>FullyRenderedText</contenttype>
<customDisplay></customDisplay>
<editor>---</editor>
<name>extract</name>
<number>3</number>
<picker>0</picker>
<prettyName>Extract</prettyName>
<rows>10</rows>
<size>80</size>
<tooltip></tooltip>
<unmodifiable>0</unmodifiable>
<validationMessage></validationMessage>
<validationRegExp></validationRegExp>
<classType>com.xpn.xwiki.objects.classes.TextAreaClass</classType>
</extract>
<hidden>
<customDisplay></customDisplay>
<defaultValue>0</defaultValue>
<displayFormType>checkbox</displayFormType>
<displayType></displayType>
<name>hidden</name>
<number>5</number>
<prettyName>Is hidden</prettyName>
<tooltip></tooltip>
<unmodifiable>0</unmodifiable>
<validationMessage></validationMessage>
<validationRegExp></validationRegExp>
<classType>com.xpn.xwiki.objects.classes.BooleanClass</classType>
</hidden>
<publishDate>
<customDisplay></customDisplay>
<dateFormat>dd/MM/yyyy HH:mm:ss</dateFormat>
<emptyIsToday>1</emptyIsToday>
<name>publishDate</name>
<number>7</number>
<picker>1</picker>
<prettyName>Publish date</prettyName>
<size>20</size>
<tooltip></tooltip>
<unmodifiable>0</unmodifiable>
<validationMessage></validationMessage>
<validationRegExp></validationRegExp>
<classType>com.xpn.xwiki.objects.classes.DateClass</classType>
</publishDate>
<published>
<customDisplay></customDisplay>
<defaultValue>0</defaultValue>
<displayFormType>checkbox</displayFormType>
<displayType></displayType>
<name>published</name>
<number>6</number>
<prettyName>Is published</prettyName>
<tooltip></tooltip>
<unmodifiable>0</unmodifiable>
<validationMessage></validationMessage>
<validationRegExp></validationRegExp>
<classType>com.xpn.xwiki.objects.classes.BooleanClass</classType>
</published>
<title>
<customDisplay></customDisplay>
<name>title</name>
<number>1</number>
<picker>0</picker>
<prettyName>Title</prettyName>
<size>80</size>
<tooltip></tooltip>
<unmodifiable>0</unmodifiable>
<validationMessage></validationMessage>
<validationRegExp></validationRegExp>
<classType>com.xpn.xwiki.objects.classes.StringClass</classType>
</title>
</class>
<name>Blog.BlogPostTemplate</name>
<number>0</number>
<className>Blog.BlogPostClass</className>
<guid>150b08a7-8d34-4d98-ac35-f4d2c10b4afe</guid>
<property>
<category/>
</property>
<property>
<content></content>
</property>
<property>
<extract></extract>
</property>
<property>
<hidden>0</hidden>
</property>
<property>
<publishDate>2008-11-12 12:45:00.0</publishDate>
</property>
<property>
<published>0</published>
</property>
<property>
<title>Enter your title here</title>
</property>
</object>
<content>{{include document="Blog.BlogPostSheet"/}}</content>
</xwikidoc>
