<?xml version="1.0" encoding="UTF-8"?>

<xwikidoc>
<web>Blog</web>
<name>BlogCode</name>
<language></language>
<defaultLanguage>en</defaultLanguage>
<translation>0</translation>
<parent>Blog.WebHome</parent>
<creator>XWiki.Admin</creator>
<author>XWiki.Admin</author>
<customClass></customClass>
<contentAuthor>XWiki.Admin</contentAuthor>
<creationDate>1220389470000</creationDate>
<date>1253183596000</date>
<contentUpdateDate>1253183596000</contentUpdateDate>
<version>1.1</version>
<title>Macros for the Blog application</title>
<template></template>
<defaultTemplate></defaultTemplate>
<validationScript></validationScript>
<comment></comment>
<minorEdit>false</minorEdit>
<syntaxId>xwiki/2.0</syntaxId>
<hidden>true</hidden>
<content>{{include document="Blog.BlogParameters"/}}
{{velocity output="false"}}
##
##
##
## Import the blog skin and javascripts.
$!xwiki.ssx.use($blogStyleDocumentName)##
$!xwiki.jsx.use($blogScriptsDocumentName)##
##
##
##
#**
 * Prints a blog. This is the main macro used in the BlogSheet.
 * 
 * @param blogDoc the XDocument holding the blog definition object.
 *###
#macro(printBlog $blogDoc)
  {{include document='Blog.CreatePost'/}}
  #getBlogEntries($blogDoc $entries)
  #displayBlog($entries 'index' true true)
  #displayNavigationLinks($blogDoc)
#end
##
##
##
#**
 * Shows blog information. In view mode, the description is printed. In inline edit mode, allows changing
 * blog settings: title, description, blog type (global or in-space), index display type (fixed size pagination, weekly
 * index, monthly index, all entries).
 * 
 * @param blogDoc The blog document. It should contain a &lt;tt&gt;Blog.BlogClass&lt;/tt&gt; object.
 *###
#macro(showBlogInfo $blogDoc)
  #if($blogDoc.getObject($blogClassname))
    #if($context.action == 'inline')
      #macro(displayProperty $blogDoc $propname)
        &lt;dt&gt;#displayPropName($xwiki.getClass($blogClassname).get($propname)):&lt;/dt&gt;
        &lt;dd&gt;$blogDoc.display($propname)&lt;/dd&gt;
      #end
      &lt;dl&gt;
        #displayProperty($blogDoc 'title')
        #displayProperty($blogDoc 'description')
        #displayProperty($blogDoc 'blogType')
        #displayProperty($blogDoc 'displayType')
        #displayProperty($blogDoc 'itemsPerPage')
      &lt;/dl&gt;
    #else
      $blogDoc.display('description')
    #end
  #elseif($doc.fullName == $blogSheet)
= $msg.get('xe.blog.code.blogsheet') =
    $msg.get('xe.blog.code.sheetexplanation')
  #else
    #warning($msg.get('xe.blog.code.notblog'))
  #end
#end
##
##
##
#**
 * Retrieve the blog document, which usually is either &lt;tt&gt;&amp;lt;Space&amp;gt;.WebHome&lt;/tt&gt; for whole-spaces blogs, or
 * &lt;tt&gt;&amp;lt;Space&amp;gt;.Blog&lt;/tt&gt; for in-space blogs. If none of these documents contains a blog object, then the first
 * (alphabetically) document in the target space that contains one is returned. Finally, if no document in the current
 * space contains a blog object, then &lt;tt&gt;Blog.WebHome&lt;/tt&gt; is returned as the default blog.
 * 
 * @param space A &lt;tt&gt;String&lt;/tt&gt;, the name of the space where to search.
 * @param blogDoc The resulting XDocument.
 *###
#macro(getBlogDocument $space $blogDoc)
  ## First, try the Space.WebHome, for a whole-space blog
  #set($blogDoc = $xwiki.getDocument("${space}.WebHome"))
  #if(!$blogDoc.getObject($blogClassname))
    ## Second, try the Space.Blog document
    #set($blogDoc = $xwiki.getDocument("${space}.Blog"))
    #if(!$blogDoc.getObject($blogClassname))
      ## Third, try searching for a blog document in the current space
      #set($blogDocs = $xwiki.searchDocuments(", BaseObject obj where doc.space = '${space}' and obj.name = doc.fullName and obj.className = '$blogClassname' order by doc.name", 1, 0))
      #if($blogDocs.size() &gt; 0)
        #set($blogDoc = $xwiki.getDocument($blogDocs.get(0)))
      #else
        ## Last, fallback to Blog.WebHome, the default blog
        #set($blogDoc = $xwiki.getDocument('Blog.WebHome'))
      #end
    #end
  #end
#end
##
##
##
#**
 * Retrieve the blog title.
 * 
 * @param blogDoc The blog document. It should contain a &lt;tt&gt;Blog.BlogClass&lt;tt&gt; object with the &lt;tt&gt;title&lt;/tt&gt; property set.
 * @param title The resulting title.
 *###
#macro(getBlogTitle $blogDoc $title)
  #getBlogProperty($blogDoc 'title' $!blogDoc.displayTitle $title)
#end
##
##
##
#**
 * Retrieve the blog description.
 * 
 * @param blogDoc The blog document. It should contain a &lt;tt&gt;Blog.BlogClass&lt;/tt&gt; object with the &lt;tt&gt;description&lt;/tt&gt;
 *        property set.
 * @param description The resulting description.
 *###
#macro(getBlogDescription $blogDoc $description)
  #getBlogProperty($blogDoc 'description' '' $description)
#end
##
##
##
#**
 * Retrieves a list of entries to be displayed. The entries are either part of the blog's space, or have the blog
 * document set as a parent. The number and range of entries returned (from all those belonging to this blog) depends on
 * the blog display type: paginated (fixed number of entries), weekly (all entries in a week), monthly (all entries in a
 * month), or all.
 * 
 * @param blogDoc The blog document. It should contain a &lt;tt&gt;Blog.BlogClass&lt;/tt&gt; object.
 * @param entries The resulting list of entries to display, a list of XDocument names.
 *###
#macro(getBlogEntries $blogDoc $entries)
  #getBlogEntriesBaseQuery($query)
  #isBlogGlobal($blogDoc $isGlobal)
  #if(!$isGlobal)
    #set($query = "${query} and (doc.space = '${blogDoc.space}' or doc.parent = '${blogDoc.fullName}')")
  #end
  #getBlogDisplayType($blogDoc $displayType)
  #if($displayType == 'weekly')
    #getWeeklyBlogEntries($blogDoc $query $entries)
  #elseif($displayType == 'monthly')
    #getMonthlyBlogEntries($blogDoc $query $entries)
  #elseif($displayType == 'all')
    #getAllBlogEntries($blogDoc $query $entries)
  #else
    #getPagedBlogEntries($blogDoc $query $entries)
  #end
#end
##
##
##
#**
 * Retrieves a list of entries to be displayed. The entries are taken from a "page" of the blog, a sequence of documents
 * defined by the request parameters &lt;tt&gt;ipp&lt;/tt&gt; (items per page) and &lt;tt&gt;page&lt;/tt&gt; (the current page). Initially the
 * first page is displayed, with the number of entries defined in the blog object in the &lt;tt&gt;itemsPerPage&lt;/tt&gt; property 
 * (10 if not defined).
 * 
 * @param blogDoc The blog document. It should contain a &lt;tt&gt;Blog.BlogClass&lt;/tt&gt; object.
 * @param query The base query for selecting entries. Apart from the base query that selects entries, it can further be
 *        refined to restrict to a given space, or to a given search criteria, etc.
 * @param entries The resulting list of entries to display, a list of XDocument names.
 *###
#macro(getPagedBlogEntries $blogDoc $query $entries)
  #set($totalEntries = $xwiki.countDocuments(${query}))
  #getBlogProperty($blogDoc 'itemsPerPage' '10' $defaultItemsPerPage)
  #set($defaultItemsPerPage = $util.parseInt($defaultItemsPerPage))
  ## This macro is defined in the default macros.vm library. It also sets $itemsPerPage and $startAt.
  #preparePagedViewParams($totalEntries $defaultItemsPerPage)
  #set($entries = $xwiki.searchDocuments("${query} order by publishDate.value desc", $itemsPerPage, $startAt))
#end
##
##
##
#**
 * Retrieves a list of entries to be displayed. The entries are taken from a week of the blog. The target week is
 * defined by the request parameters &lt;tt&gt;week&lt;/tt&gt; (the week number in the year, from 1 to 52) and &lt;tt&gt;year&lt;/tt&gt; (4 
 * digit year). Initially the current week is displayed.
 * 
 * @param blogDoc The blog document. It should contain a &lt;tt&gt;Blog.BlogClass&lt;/tt&gt; object.
 * @param query The base query for selecting entries. Apart from the base query that selects entries, it can further be
 *        refined to restrict to a given space, or to a given search criteria, etc.
 * @param entries The resulting list of entries to display, a list of XDocument names.
 *###
#macro(getWeeklyBlogEntries $blogDoc $query $entries)
  #getRequestedWeek($weekDate)
  #set($dateFormatter = $xwiki.jodatime.getDateTimeFormatterForPattern("yyyy-MM-dd"))
  #set($minDay = $dateFormatter.print($weekDate.toMutableDateTime().weekOfWeekyear().roundFloor()))
  #set($maxDay = $dateFormatter.print($weekDate.toMutableDateTime().weekOfWeekyear().roundCeiling()))
  #set($query = "${query} and publishDate.value &gt;= '$minDay' and publishDate.value &lt; '$maxDay'")
  #set($totalEntries = $xwiki.countDocuments(${query}))
  #set($entries = $xwiki.searchDocuments("${query} order by publishDate.value desc"))
#end
##
##
##
#**
 * Retrieves a list of entries to be displayed. The entries are taken from a month of the blog. The target month is
 * defined by the request parameters &lt;tt&gt;month&lt;/tt&gt; (the month number, from 1 to 12) and &lt;tt&gt;year&lt;/tt&gt; (4 
 * digit year). Initially the current month is displayed.
 * 
 * @param blogDoc The blog document. It should contain a &lt;tt&gt;Blog.BlogClass&lt;/tt&gt; object.
 * @param query The base query for selecting entries. Apart from the base query that selects entries, it can further be
 *        refined to restrict to a given space, or to a given search criteria, etc.
 * @param entries The resulting list of entries to display, a list of XDocument names.
 *###
#macro(getMonthlyBlogEntries $blogDoc $query $entries)
  #getRequestedMonth($monthDate)
  #set($dateFormatter = $xwiki.jodatime.getDateTimeFormatterForPattern("yyyy-MM-dd"))
  #set($minDay = $dateFormatter.print($monthDate.toMutableDateTime().monthOfYear().roundFloor()))
  #set($maxDay = $dateFormatter.print($monthDate.toMutableDateTime().monthOfYear().roundCeiling()))
  #set($query = "${query} and publishDate.value &gt;= '$minDay' and publishDate.value &lt; '$maxDay'")
  #set($totalEntries = $xwiki.countDocuments(${query}))
  #set($entries = $xwiki.searchDocuments("${query} order by publishDate.value desc"))
#end
##
##
##
#**
 * Retrieves a list of entries to be displayed. All entries belonging to the current blog are returned.
 * 
 * @param blogDoc The blog document. It should contain a &lt;tt&gt;Blog.BlogClass&lt;/tt&gt; object.
 * @param query The base query for selecting entries. Apart from the base query that selects entries, it can further be
 *        refined to restrict to a given space, or to a given search criteria, etc.
 * @param entries The resulting list of entries to display, a list of XDocument names.
 *###
#macro(getAllBlogEntries $blogDoc $query $entries)
  #set($totalEntries = $xwiki.countDocuments(${query}))
  #set($entries = $xwiki.searchDocuments("${query} order by publishDate.value desc"))
#end
##
##
##
#**
 * Retrieves a list of entries to be displayed. Only (and all) unpublished entries are returned.
 * 
 * @param blogDoc The blog document. It should contain a &lt;tt&gt;Blog.BlogClass&lt;/tt&gt; object.
 * @param query The base query for selecting entries. Apart from the base query that selects entries, it can further be
 *        refined to restrict to a given space, or to a given search criteria, etc.
 * @param entries The resulting list of entries to display, a list of XDocument names.
 *###
#macro(getUnpublishedBlogEntries $blogDoc $query $entries)
  #set($query = "${query} and isPublished.value = 0")
  #set($totalEntries = $xwiki.countDocuments(${query}))
  #set($entries = $xwiki.searchDocuments("${query} order by publishDate.value desc"))
#end
##
##
##
#**
 * Retrieves a list of entries to be displayed. The entries are taken from all the wiki, and not from a specific blog.
 * 
 * @param entries The resulting list of entries to display, a list of XDocument names.
 *###
#macro(getGlobalBlogEntries $entries)
  #getBlogEntriesBaseQuery($query)
  #set($totalEntries = $xwiki.countDocuments(${query}))
  #set($defaultItemsPerPage = 20)
  ## This macro is defined in the default macros.vm library. It also sets $itemsPerPage and $startAt.
  #preparePagedViewParams($totalEntries $defaultItemsPerPage)
  #set($entries = $xwiki.searchDocuments("${query} order by publishDate.value desc", $itemsPerPage, $startAt))
#end
##
##
##
#**
 * Return the base query for selecting blog entries. It filters only visible entries, but does not bind to a specific
 * blog, nor specify a range or an ordering criteria.
 * 
 * @param query The basic query for selecting blog entries.
 *###
#macro(getBlogEntriesBaseQuery $query)
  #set ($query = ", BaseObject obj, IntegerProperty isPublished, IntegerProperty hidden, DateProperty publishDate 
    where doc.fullName &lt;&gt; 'Blog.BlogPostTemplate' and
      obj.name = doc.fullName and obj.className = '${blogPostClassname}' and
      publishDate.id.id = obj.id and publishDate.id.name = 'publishDate' and
      isPublished.id.id = obj.id and isPublished.id.name = 'published' and
      hidden.id.id = obj.id and hidden.id.name = 'hidden' and
      (doc.creator = '$context.user' or (isPublished.value = 1 and hidden.value = 0))")
#end
##
##
##
#**
 * Checks if the provided blog is global or in-space.
 * 
 * @param blogDoc The blog document. It should contain a &lt;tt&gt;Blog.BlogClass&lt;/tt&gt; object with the &lt;tt&gt;blogType&lt;/tt&gt; property set.
 * @param isGlobal The resulting boolean. If the blog object does not define anything, it is considered in-space.
 *###
#macro(isBlogGlobal $blogDoc $isGlobal)
  #set($isGlobal = false)
  #getBlogProperty($blogDoc 'blogType' '' $discard)
  #if($discard == 'global')
    #set($isGlobal = true)
  #end
#end
##
##
##
#**
 * Determines how is the blog index split into pages: paginated (fixed number of entries), weekly (all entries in a
 * week), monthly (all entries in a month), or all.
 * 
 * @param blogDoc The blog document. It should contain a &lt;tt&gt;Blog.BlogClass&lt;/tt&gt; object with the &lt;tt&gt;displayType&lt;/tt&gt;
 *        property set.
 * @param displayType The resulting string. If the blog object does not define anything, it is considered paginated.
 *###
#macro(getBlogDisplayType $blogDoc $displayType)
  #getBlogProperty($blogDoc 'displayType' 'paginated' $displayType)
#end
##
##
##
#**
 * Displays a list of entries.
 * 
 * @param entries The entries to display, a list of XDocument names.
 * @param displaying What exactly is displayed: blog index, a single blog entry, a blog category, search results,
 *        unpublished entries, etc. This will be used as the classname(s) for the container div (hfeed). Currently
 *        used values: index, single, category, search, unpublished, hidden.
 * @param onlyExtract If &lt;tt&gt;true&lt;/tt&gt;, only display the extract of articles where available, otherwise display the full content.
 * @param shouldDisplayTitles If &lt;tt&gt;true&lt;/tt&gt;, display the blog title (blog posts shouldn't display the title when they're
 *        displayed alone on their page since it's the page title which is used in this case)
 *###
#macro(displayBlog $entries $displaying $onlyExtract $shouldDisplayTitles)
  #set($blogDay = "")
  &lt;div class="hfeed $!{displaying}"&gt;
  &lt;div class="blogDay"&gt;
  #foreach ($entryDoc in $xwiki.wrapDocs($entries))
    #getEntryObject($entryDoc $entryObj)
    ## Although all entries should have one of the two objects, better check to be sure.
    #if("$!{entryObj}" != '')
      #getEntryDate($entryDoc $entryObj $entryDate)
      ## Display a "calendar sheet" for each day. All entries posted on the same day share one such sheet.
      #set($entryDateStr = $xwiki.formatDate($entryDate, 'yyyyMMMMdd'))
      #if($blogDay != $entryDateStr)
        #if($blogDay != '')
          &lt;/div&gt;
          &lt;div class="blogDay"&gt;
        #end
        #displayBlogDate($entryDate)
        #set ($blogDay = $entryDateStr)
      #end
      ## Finally, display the entry.
      #displayEntry($entryDoc $entryObj $onlyExtract $shouldDisplayTitles)
    #end
  #end
  &lt;/div&gt; ## blogDay
  &lt;/div&gt; ## hfeed
#end
##
##
##
#**
 * Get the entry object, either a new BlogPost or an old Article.
 * 
 * @param entryDoc The xdocument of the blog post. Each post resides in its own document.
 * @param entryObj The resulting xobject of the blog post.
 *###
#macro(getEntryObject $entryDoc $entryObj)
  #set($entryObj = '')
  #set($entryObj = $entryDoc.getObject("${blogPostClassname}"))
  #if("$!{entryObj}" == '')
    #set($entryObj = $entryDoc.getObject("${oldArticleClassname}"))
  #end
#end
##
##
##
#**
 * Gets the date associated with a blog entry. This is the publication date. For unpublished entries, initially this is
 * the document creation date, but can be edited by the user.
 * 
 * @param entryDoc The xdocument of the blog post. Each post resides in its own document.
 * @param entryObj The xobject of the blog post, an instance of the &lt;tt&gt;Blog.BlogPostClass&lt;/tt&gt; xclass.
 * @param result The resulting date, an instance of &lt;tt&gt;java.util.Date&lt;/tt&gt;.
 *###
#macro(getEntryDate $entryDoc $entryObj $result)
  #set($result = $entryObj.getProperty('publishDate').value)
#end
##
##
##
#**
 * Displays a date, nicely formatted as a calendar page.
 * 
 * @param date The date to display, an instance of &lt;tt&gt;java.util.Date&lt;/tt&gt;.
 *###
#macro(displayBlogDate $date)
  #set($year = $xwiki.formatDate($date, "yyyy"))
  ## 3 letter month name, like Jan, Dec.
  #set($month = $xwiki.formatDate($date, "MMM"))
  ## Uncomment to get a full length month name, like January, December.
  ## TODO: this could be defined somewhere in the blog style.
  ## #set($month = $xwiki.formatDate($date, "MMMM"))
  #set($day = $xwiki.formatDate($date, "dd"))
  &lt;h2 class="blogdate"&gt;## title="#formatdateISO($date)"&gt;
    &lt;span class="month"&gt;$month&lt;/span&gt;
    &lt;span class="day"&gt;$day&lt;/span&gt;
    &lt;span class="year"&gt;$year&lt;/span&gt;
  &lt;/h2&gt;
#end
##
##
##
#**
 * Displays a blog article: management tools, header, content, footer.
 * 
 * @param entryDoc The xdocument of the blog post. Each post resides in its own document.
 * @param entryObj The xobject of the blog post, an instance of the &lt;tt&gt;Blog.BlogPostClass&lt;/tt&gt; xclass.
 * @param onlyExtract If &lt;tt&gt;true&lt;/tt&gt;, try to display only a summary of the entry, instead of the full content.
 * @param shouldDisplayTitle If &lt;tt&gt;true&lt;/tt&gt;, display the blog title (blog posts shouldn't display the title 
 *        when they're displayed alone on their page since it's the page title which is used in this case)
 *###
#macro(displayEntry $entryDoc $entryObj $onlyExtract $shouldDisplayTitle)
  ## Only articles with an explicit hidden setting or an explicit unpublished setting are hidden
  #isPublished($entryObj $isPublished)
  #isHidden($entryObj $isHidden)
  #if($doc.fullName == $entryDoc.fullName)
    &lt;div class="hentry single-article"&gt;
  #else
    &lt;div class="hentry#if(!$isPublished) unpublished-article#elseif($isHidden) hidden-article#end"&gt;
  #end
  #displayEntryTools($entryDoc $entryObj)
  #if($shouldDisplayTitle)
    #displayEntryTitle($entryDoc $entryObj)
  #end
  #if($doc.fullName == $entryDoc.fullName)
    #if(!$isPublished)
      #warning($msg.get('xe.blog.code.published'))
    #elseif($isHidden)
      #warning($msg.get('xe.blog.code.hidden'))
    #end
  #end
  #displayEntryContent($entryDoc $entryObj $onlyExtract)
  #displayEntryFooter($entryDoc $entryObj)
  &lt;/div&gt; ## hentry
#end
##
##
##
#**
 * Checks if the provided blog is published or not.
 * 
 * @param entryObj The xobject of the blog post, an instance of the &lt;tt&gt;Blog.BlogPostClass&lt;/tt&gt; xclass.
 * @param isPublished The resulting boolean, true if the entry is considered published.
 *###
#macro(isPublished $entryObj $isPublished)
  ## This should work for both old articles, which don't have the 'published' property at all, and
  ## are considered published by default, and new entries, that should have 1 if published.
  #set($isPublished = ("$!{entryObj.getProperty('published').value}" != '0'))
#end
##
##
##
#**
 * Checks if the provided blog is hidden or not.
 * 
 * @param entryObj The xobject of the blog post, an instance of the &lt;tt&gt;Blog.BlogPostClass&lt;tt&gt; xclass.
 * @param isHiddel The resulting boolean, true if the entry is considered hidden.
 *###
#macro(isHidden $entryObj $isHidden)
  ## This should work for both old articles, which don't have the 'hidden' property at all, and
  ## are considered visible by default, and new entries, that should have 1 if hidden.
  #set($isHidden = ("$!{entryObj.getProperty('hidden').value}" == '1'))
#end
##
##
##
#**
 * Displays several "tools" for manipulating blog posts: hide/show, publish, edit.
 * 
 * @param entryDoc The xdocument of the blog post. Each post resides in its own document.
 * @param entryObj The xobject of the blog post, an instance of the &lt;tt&gt;Blog.BlogPostClass&lt;/tt&gt; xclass.
 *###
#macro(displayEntryTools $entryDoc $entryObj)
  #if($context.action == 'view')
  {{html wiki="false"}}
    &lt;div class="blog-entry-toolbox"&gt;
    #displayPublishButton($entryDoc $entryObj)
    #displayHideShowButton($entryDoc $entryObj)
    #displayEditButton($entryDoc $entryObj)
    #displayDeleteButton($entryDoc $entryObj)
    &lt;/div&gt;
  {{/html}}
  #end
#end
##
##
##
#**
 * Displays the publish button to the entry &lt;strong&gt;creator&lt;/strong&gt;, if the article is not published yet.
 * 
 * @param entryDoc The xdocument of the blog post. Each post resides in its own document.
 * @param entryObj The xobject of the blog post, an instance of the &lt;tt&gt;Blog.BlogPostClass&lt;/tt&gt; xclass.
 * @todo AJAX calls.
 *###
#macro(displayPublishButton $entryDoc $entryObj)
  #isPublished($entryObj $isPublished)
  #if(!$isPublished &amp;&amp; $entryDoc.creator == $context.user &amp;&amp; $xwiki.hasAccessLevel("edit", $context.user, $entryDoc.fullName))
    &lt;a href="$blogPublisher.getURL('view', "entryName=${util.encodeURI($entryDoc.fullName)}&amp;amp;xredirect=${util.encodeURI($thisURL)}")" title="$msg.get('xe.blog.code.notpublished')"&gt;#toolImage('page_white_world' 'publish ')&lt;/a&gt;##
  #end
#end
##
##
##
#**
 * Displays the hide or show button to the entry &lt;strong&gt;creator&lt;/strong&gt;, if the article is already published.
 * 
 * @param entryDoc The xdocument of the blog post. Each post resides in its own document.
 * @param entryObj The xobject of the blog post, an instance of the &lt;tt&gt;Blog.BlogPostClass&lt;/tt&gt; xclass.
 *###
#macro(displayHideShowButton $entryDoc $entryObj)
  #isPublished($entryObj $isPublished)
  #isHidden($entryObj $isHidden)
  ## Only published articles can be hidden. Unpublished articles are considered already hidden.
  #if($isPublished &amp;&amp; $entryDoc.creator == $context.user &amp;&amp; $xwiki.hasAccessLevel('edit', $context.user, $entryDoc.fullName))
    #if ($isHidden)
      &lt;a class="blog-tool-show" href="$entryDoc.getURL('save', "${entryObj.getxWikiClass().getName()}_${entryObj.number}_hidden=0&amp;amp;comment=$msg.get('xe.blog.code.madevisible')&amp;amp;xredirect=${util.encodeURI($thisURL)}")" title="$msg.get('xe.blog.code.makevisible')"&gt;#toolImage('lock_open', 'show ')&lt;/a&gt;##
    #else
      &lt;a class="blog-tool-hide" href="$entryDoc.getURL('save', "${entryObj.getxWikiClass().getName()}_${entryObj.number}_hidden=1&amp;amp;comment=$msg.get('xe.blog.code.hid')&amp;amp;xredirect=${util.encodeURI($thisURL)}")" title="$msg.get('xe.blog.code.hide')"&gt;#toolImage('lock' 'hide ')&lt;/a&gt;##
    #end
  #end
#end
##
##
##
#**
 * Displays the edit button to those that can edit the article.
 * 
 * @param entryDoc The xdocument of the blog post. Each post resides in its own document.
 * @param entryObj The xobject of the blog post, an instance of the &lt;tt&gt;Blog.BlogPostClass&lt;/tt&gt; xclass.
 *###
#macro(displayEditButton $entryDoc $entryObj)
  #if($xwiki.hasAccessLevel("edit", $context.user, $entryDoc.fullName))
    &lt;a href="$entryDoc.getURL('inline')" title="$msg.get('xe.blog.code.editpost')"&gt;#toolImage('pencil' 'edit ')&lt;/a&gt;##
  #end
#end
##
##
##
#**
 * Displays the delete button to those that can edit the article.
 * 
 * @param entryDoc The xdocument of the blog post. Each post resides in its own document.
 * @param entryObj The xobject of the blog post, an instance of the &lt;tt&gt;Blog.BlogPostClass&lt;/tt&gt; xclass.
 * @todo AJAX calls.
 *###
#macro(displayDeleteButton $entryDoc $entryObj)
  #if($xwiki.hasAccessLevel("delete", $context.user, $entryDoc.fullName))
    &lt;a href="$entryDoc.getURL('delete')" title="$msg.get('xe.blog.code.deletepost')"&gt;#toolImage('cross' 'delete ')&lt;/a&gt;##
  #end
#end
##
##
##
#**
 * Displays the title of the entry.
 * 
 * @param entryDoc The xdocument of the blog post. Each post resides in its own document.
 * @param entryObj The xobject of the blog post, an instance of the &lt;tt&gt;Blog.BlogPostClass&lt;/tt&gt; xclass.
 *###
#macro(displayEntryTitle $entryDoc $entryObj)
  {{html wiki="false"}}
  #if($doc.fullName == $entryDoc.fullName)
    &lt;h1 class="entry-title"&gt;$entryDoc.display('title', 'view', $entryObj)&lt;/h1&gt;
  #else
    &lt;h3 class="entry-title"&gt;&lt;a href="$entryDoc.getURL()"&gt;$entryDoc.display('title', 'view', $entryObj)&lt;/a&gt;&lt;/h3&gt;
  #end
  {{/html}}
#end
##
##
##
#**
 * Displays the body of the entry.
 * 
 * @param entryDoc The xdocument of the blog post. Each post resides in its own document.
 * @param entryObj The xobject of the blog post, an instance of the &lt;tt&gt;Blog.BlogPostClass&lt;/tt&gt; xclass.
 * @param onlyExtract If &lt;tt&gt;true&lt;/tt&gt;, try to display only a summary of the entry, instead of the full content.
 *###
#macro(displayEntryContent $entryDoc $entryObj $onlyExtract)
  &lt;div class="#if($onlyExtract)entry-summary#{else}entry-content#end"&gt;
  #getEntryContent($entryDoc $entryObj $onlyExtract $entryContent)
  {{html wiki="false"}}$entryDoc.getRenderedContent($entryContent, $entryDoc.getSyntaxId()){{/html}}
  &lt;/div&gt; ## entry-content
#end
##
##
##
#**
 * Extracts the body of the entry that should be displayed. If &lt;tt&gt;onlyExtract&lt;/tt&gt; is &lt;tt&gt;true&lt;/tt&gt;, display the content
 * of the &lt;tt&gt;extract&lt;/tt&gt; field (if not empty).
 * 
 * @param entryDoc The xdocument of the blog post. Each post resides in its own document.
 * @param entryObj The xobject of the blog post, an instance of the &lt;tt&gt;Blog.BlogPostClass&lt;/tt&gt; xclass.
 * @param onlyExtract If &lt;tt&gt;true&lt;/tt&gt;, try to display only a summary of the entry, instead of the full content.
 * @param entryContent The resulting content.
 *###
#macro(getEntryContent $entryDoc $entryObj $onlyExtract $entryContent)
  #if($onlyExtract)
    #set($entryContent = $entryObj.getProperty('extract').value)
  #end
  #if("$!entryContent" == '')
    #set($entryContent = $entryObj.getProperty('content').value)
#* Disabled until the content can be cleanly cut.
*    #if($onlyExtract &amp;&amp; $content.length()&gt;$maxchars)
*      #set($i = $content.lastIndexOf(" ", $maxchars))
*      #set($i = $i + 1)
*      #set($content = "${content.substring(0,$i)} *[...&gt;${entryDoc.fullName}]*")
*    #end
## *###
  #else
    #if($entryDoc.syntax == 'xwiki/1.0')
      #set($entryContent = "${entryContent} &lt;a href='${entryDoc.getURL()}' title='$msg.get('xe.blog.code.readpost')'&gt;...&lt;/a&gt;")
    #else
      #set($entryContent = "${entryContent} [[...&gt;&gt;${entryDoc}||title='$msg.get('xe.blog.code.readpost')']]")
    #end
  #end
#end
##
##
##
#**
 * Displays the footer of the entry.
 * 
 * @param entryDoc The xdocument of the blog post. Each post resides in its own document.
 * @param entryObj The xobject of the blog post, an instance of the &lt;tt&gt;Blog.BlogPostClass&lt;/tt&gt; xclass.
 *###
#macro(displayEntryFooter $entryDoc $entryObj)
  {{html wiki="false"}}
  &lt;div class="entry-footer"&gt;
  #isPublished($entryObj $isPublished)
  #if($isPublished)
    $msg.get('xe.blog.code.postedby') ##
  #else
    $msg.get('xe.blog.code.createdby') ##
  #end
  &lt;address class="author vcard"&gt;#userfn($entryDoc.creator)&lt;/address&gt; ##
  #getEntryDate($entryDoc $entryObj $entryDate)
  #listCategories($entryObj) ##
  ## Since the publish date and update date are not set at the exact same time, there could be a small difference that
  ## we assume cannot be more than 3 seconds.
  | &lt;a href="$entryDoc.getURL('view')" rel="bookmark"&gt;$msg.get('xe.blog.code.permalink')&lt;/a&gt; ##
  | &lt;a href="$entryDoc.getURL('view', '#Comments')"&gt;$entryDoc.comments.size() $msg.get('xe.blog.code.comments')&lt;/a&gt; ##
  &lt;/div&gt; ## entry-footer
  {{/html}}
#end
##
##
##
#**
 * List the categories an entry belongs to. Used in the footer. The categories are instances of &lt;tt&gt;Blog.CategoryClass&lt;/tt&gt;.
 * 
 * @param entryObj The xobject of the blog post, an instance of the &lt;tt&gt;Blog.BlogPostClass&lt;/tt&gt; xclass.
 *###
#macro(listCategories $entryObj)
  #if($entryObj.getxWikiClass().getName() == $blogPostClassname)
    #set($categories = $entryObj.getProperty('category').value)
    #set($first = true)
    #if($categories.size() &gt; 0)
      #foreach($category in $categories)
## Do not indent
#set($categoryDoc = $!xwiki.getDocument($category))
#if(!$categoryDoc.isNew() &amp;&amp; $categoryDoc.getObject(${blogCategoryClassname}))
#if($first)
 | $msg.get('xe.blog.code.categories')
#set($first = false)
#else, #end## if first
&lt;a rel="tag" href="$xwiki.getURL(${category})"&gt;$!xwiki.getDocument($category).getObject($blogCategoryClassname).getProperty('name').value&lt;/a&gt;##
#end## if isNew
#end## foreach
    #end
  #end
#end
##
##
##
#**
 * Displays blog pagination links (older and newer entries).
 * 
 * @param blogDoc the XDocument holding the blog definition object.
 *###
#macro(displayNavigationLinks $blogDoc)
  &lt;div class="clearfloats"&gt;&lt;/div&gt;
  #getBlogDisplayType($blogDoc $displayType)
  #if($displayType == 'weekly')
    &lt;div class="pagingLinks"&gt;
    #getRequestedWeek($weekDate)
    $weekDate.addWeeks(-1)##
    (% class="prevPage" %)**[[&amp;laquo; $msg.get('xe.blog.code.previousweek')&gt;&gt;$doc.name?year=$weekDate.weekyear&amp;week=$weekDate.weekOfWeekyear]]**(%%)
    #sep()
    $weekDate.addWeeks(2)## 2 because we already subtracted 1 above
    (% class="nextPage" %)**[[$msg.get('xe.blog.code.nextweek') &amp;raquo;&gt;&gt;$doc.name?year=$weekDate.weekyear&amp;week=$weekDate.weekOfWeekyear]]**(%%)
    &lt;/div&gt;
  #elseif($displayType == 'monthly')
    &lt;div class="pagingLinks"&gt;
    #getRequestedMonth($monthDate)
    $monthDate.addMonths(-1)##
    (% class="prevPage" %)**[[&amp;laquo; $msg.get('xe.blog.code.previousmonth')&gt;&gt;$doc.name?year=$monthDate.year&amp;month=$monthDate.monthOfYear]]**(%%)
    #sep()
    $monthDate.addMonths(2)## 2 because we already subtracted 1 above
    (% class="nextPage" %)**[[$msg.get('xe.blog.code.nextmonth') &amp;raquo;&gt;&gt;$doc.name?year=$monthDate.year&amp;month=$monthDate.monthOfYear]]**(%%)
    &lt;/div&gt;
  #elseif($displayType == 'all')
  #else
    ## Paginated
    #if(($totalPages &gt; 1))
      #set($queryString = "")
      #foreach($p in $request.getParameterNames())
        #if($p != 'page' &amp;&amp; $p != 'ipp')
          #foreach($v in $request.getParameterValues($p))
            #set($queryString = "${queryString}&amp;amp;${p}=${v}")
          #end
        #end
      #end
      &lt;div class="pagingLinks"&gt;
      #if ($currentPageNumber &lt; $totalPages)
        #set($currentPageNumber = $currentPageNumber + 1)
        (% class="prevPage" %)**[[&amp;laquo; $msg.get('xe.blog.code.olderposts')&gt;&gt;$doc.name?page=${currentPageNumber}&amp;ipp=${itemsPerPage}$queryString]]**(%%)
        #set($currentPageNumber = $currentPageNumber - 1)
      #end
      #if ($currentPageNumber &gt; 1)
        #if ($currentPageNumber &lt; $totalPages)
          #sep()
        #end
        #set($currentPageNumber = $currentPageNumber - 1)
        (% class="nextPage" %)**[[$msg.get('xe.blog.code.newerposts') &amp;raquo;&gt;&gt;$doc.name?page=${currentPageNumber}&amp;ipp=${itemsPerPage}$queryString]]**(%%)
        #set($currentPageNumber = $currentPageNumber + 1)
      #end
      &lt;span class="clear"&gt;&lt;/span&gt;
      &lt;/div&gt; ## pagingLinks
    #end
  #end
#end
##
##
##
#**
 * Displays a message box with "publish" icon.
 * 
 * @param message A text message concerning blog article publishing
 *###
#macro(publishMessageBox $message)
&lt;div class="plainmessage publish-message"&gt;$message&lt;/div&gt;
#end
#**
 * Displays a message box with "show/hide" icon.
 * 
 * @param message A text message concerning blog article hiding
 *###
#macro(hideMessageBox $message)
&lt;div class="plainmessage hide-message"&gt;$message&lt;/div&gt;
#end
##
##
##
#**
 * Determine the requested week, for using in a weekly-indexed blog. The relevant request parameters are
 * &lt;tt&gt;year&lt;/tt&gt; and &lt;tt&gt;week&lt;/tt&gt;. By default, the current week is used.
 * 
 * @param monthDate The resulting week, a JODATime MutableDateTime.
 *###
#macro(getRequestedWeek $weekDate)
  #set($weekDate = $xwiki.jodatime.mutableDateTime)
  #if("$!{request.year}" != '')
    $weekDate.setYear($util.parseInt($request.year))
  #end
  #if("$!{request.week}" != '')
    $weekDate.setWeekOfWeekyear($util.parseInt($request.week))
  #end
#end
##
##
##
#**
 * Determine the requested month, for using in a monthly-indexed blog. The relevant request parameters are
 * &lt;tt&gt;year&lt;/tt&gt; and &lt;tt&gt;month&lt;/tt&gt;. By default, the current month is used.
 * 
 * @param monthDate The resulting month, a JODATime MutableDateTime.
 *###
#macro(getRequestedMonth $monthDate)
  #set($monthDate = $xwiki.jodatime.mutableDateTime)
  #if("$!{request.year}" != '')
    $monthDate.setYear($util.parseInt($request.year))
  #end
  #if("$!{request.month}" != '')
    $monthDate.setMonthOfYear($util.parseInt($request.month))
  #end
#end
##
##
##
#**
 * Retrieve a blog property (title, display type, etc).
 * 
 * @param blogDoc The blog document. It should contain a &lt;tt&gt;Blog.BlogClass&lt;/tt&gt; object.
 * @param propertyName The name of the property to be retrieved. One of the &lt;tt&gt;Blog.BlogClass&lt;/tt&gt;'s properties.
 * @param defaultValue The default value to use in case the blog object does not define one.
 * @param propertyValue The resulting value.
 *###
#macro(getBlogProperty $blogDoc $propertyName $defaultValue $propertyValue)
  #set($propertyValue = "$!{blogDoc.getObject(${blogClassname}).getProperty($propertyName).value}")
  #if($propertyValue == '')
    #set($propertyValue = $defaultValue)
  #end
#end
{{/velocity}}</content>
</xwikidoc>
