<?xml version="1.0" encoding="UTF-8"?>

<xwikidoc>
<web>Blog</web>
<name>Categories</name>
<language></language>
<defaultLanguage>en</defaultLanguage>
<translation>0</translation>
<parent>Blog.WebHome</parent>
<creator>XWiki.Admin</creator>
<author>XWiki.Admin</author>
<customClass></customClass>
<contentAuthor>XWiki.Admin</contentAuthor>
<creationDate>1107115183000</creationDate>
<date>1226261191000</date>
<contentUpdateDate>1226261191000</contentUpdateDate>
<version>1.1</version>
<title>Blog categories</title>
<template></template>
<defaultTemplate></defaultTemplate>
<validationScript></validationScript>
<comment></comment>
<minorEdit>false</minorEdit>
<syntaxId>xwiki/2.0</syntaxId>
<hidden>false</hidden>
<object>
<class>
<name>Blog.CategoryClass</name>
<customClass></customClass>
<customMapping></customMapping>
<defaultViewSheet></defaultViewSheet>
<defaultEditSheet></defaultEditSheet>
<defaultWeb></defaultWeb>
<nameField></nameField>
<validationScript></validationScript>
<description>
<contenttype>FullyRenderedText</contenttype>
<customDisplay></customDisplay>
<editor>---</editor>
<name>description</name>
<number>2</number>
<picker>0</picker>
<prettyName>Description</prettyName>
<rows>5</rows>
<size>40</size>
<tooltip></tooltip>
<unmodifiable>0</unmodifiable>
<validationMessage></validationMessage>
<validationRegExp></validationRegExp>
<classType>com.xpn.xwiki.objects.classes.TextAreaClass</classType>
</description>
<name>
<customDisplay></customDisplay>
<name>name</name>
<number>1</number>
<picker>0</picker>
<prettyName>Name</prettyName>
<size>40</size>
<tooltip></tooltip>
<unmodifiable>0</unmodifiable>
<validationMessage></validationMessage>
<validationRegExp></validationRegExp>
<classType>com.xpn.xwiki.objects.classes.StringClass</classType>
</name>
</class>
<name>Blog.Categories</name>
<number>0</number>
<className>Blog.CategoryClass</className>
<guid>10b04d01-8109-4726-9cd1-c4b15d41375b</guid>
<property>
<description></description>
</property>
<property>
<name>Blog categories</name>
</property>
</object>
<content>{{include document="Blog.CategoriesCode"/}}
{{velocity filter="none"}}
{{html clean="false" wiki="true"}}
$xwiki.ssx.use("Blog.ManageCategories")##
$xwiki.jsx.use("Blog.ManageCategories")##

&lt;div class="blog-categories-list"&gt;
#getCategoriesHierarchy($doc.space $tree)
#displayCategoriesHierarchyRecursive($tree $doc.fullName 1 'editable')
#if($xwiki.hasAccessLevel('edit', $context.user, $doc.fullName))
* (% class="blog-add-category-label" %)[[$msg.get('xe.blog.categories.addcategory')&gt;&gt;Blog.ManageCategories?xaction=showAddCategory&amp;parentCategory=${doc.fullName}]](%%)
##
#if("$!{request.xaction}" == "showAddCategory" &amp;&amp; "$!{request.parentCategory}" == "${doc.fullName}") #addCategoryForm() #end
##
#end

&lt;/div&gt;
&lt;div class="clearfloats"&gt;&lt;/div&gt;
{{/html}}
{{/velocity}}</content>
</xwikidoc>
