<?xml version="1.0" encoding="UTF-8"?>

<xwikidoc>
<web>Blog</web>
<name>CategoriesCode</name>
<language></language>
<defaultLanguage>en</defaultLanguage>
<translation>0</translation>
<parent>Blog.WebHome</parent>
<creator>XWiki.Admin</creator>
<author>XWiki.Admin</author>
<customClass></customClass>
<contentAuthor>XWiki.Admin</contentAuthor>
<creationDate>1226789865000</creationDate>
<date>1229917290000</date>
<contentUpdateDate>1229917290000</contentUpdateDate>
<version>1.1</version>
<title>Macros for the Blog Categories</title>
<template></template>
<defaultTemplate></defaultTemplate>
<validationScript></validationScript>
<comment></comment>
<minorEdit>false</minorEdit>
<syntaxId>xwiki/2.0</syntaxId>
<hidden>true</hidden>
<content>{{include document="Blog.BlogCode"/}}
{{velocity output="false"}}
##
##
##
#**
 * Retrieves the list of blog entries from a given category. Entries belonging to subcategories
 * are not returned.
 * 
 * @param category The name of the category (XDocument full name, for example 'MyBlog.Fishing').
 * @param articles Return parameter, where the list of entries is placed.
 * @param total Return parameter, where the total number of entries belonging to this category is
 *        placed. Useful for a paginated view.
 *###
#macro(getEntriesForCategory $category $entries $totalEntries)
  #getCategoriesHierarchy('' $tree)
  #set($subcategories = $util.arrayList)
  #getSubcategories($tree $category $subcategories)
  #set($categories = "'${category}'")
  #foreach($subcategory in $subcategories)
    #set($categories = "$!{categories}, '$subcategory'")
  #end
  #getBlogEntriesBaseQuery($query)
  #set ($query = ", DBStringListProperty as categories join categories.list as category${query} and obj.id = categories.id.id and categories.id.name='category' and category in (${categories})")
  #set($totalEntries = $xwiki.countDocuments(${query}))
  #preparePagedViewParams($totalEntries 10)
  #set($entries = $xwiki.searchDocuments("${query} order by publishDate.value desc", $itemsPerPage, $startAt))
#end
#macro(getSubcategories $tree $category $subcategories)
  #if(!$subcategories.contains($category))
    #foreach($subcategory in $tree.get($category))
      #set($discard = $subcategories.add($subcategory))
      #getSubcategories($tree $subcategory $subcategories)
    #end
  #end
#end
##
##
##
#**
 * Builds a tree of categories, respecting the parent&lt;-&gt;subcategory relation. Each node holds the
 * full name of the category's document. The root of the tree is 'Blog.Categories'.
 * 
 * @param space The space where to search for categories. If this parameter is an emptry string or
 *        null, all the categories in the wiki are returned.
 * @param tree Return parameter, HashMap&lt;String, List&lt;String&gt;&gt; structure holding the categories
 *        hierarchy, where the key is the name of a category, and the value contains the names of
 *        all its subcategories. To obtain the full hierarchy, start with the key 'Blog.Categories'.
 *###
#macro(getCategoriesHierarchy $space $tree)
  #set($tree = $util.hashMap)
  #set($query = ', BaseObject obj where ')
  #if("$!space" != '')
    #set($query = "${query}doc.space = '${space}' and ")
  #end
  #set($query = "${query}obj.name = doc.fullName and obj.className = '${blogCategoryClassname}' order by doc.name")
  #foreach($category in $xwiki.searchDocuments($query))
    #set($categoryDoc = $xwiki.getDocument($category))
    #set($categoryParent = "$!categoryDoc.parent")
    #if ($categoryParent == "")
      #set($categoryParent = $defaultCategoryParent)
    #end
    #if (!$tree.containsKey($categoryParent))
      #set($discard = $tree.put($categoryParent, $util.arrayList))
    #end
    #set($discard = $tree.get($categoryParent).add($category))
  #end
#end
##
##
##
#**
 * Displays the category hierarchy held in the &lt;tt&gt;tree&lt;/tt&gt; parameter.
 * 
 * @param tree The category hierarchy HashMap&lt;String, List&lt;String&gt;&gt; structure, where the key
 *        is the name of a category, and the value contains the names of all its subcategories.
 * @param displayMethod Selects how to display the category tree. Possible values are:
 *        &lt;ul&gt;
 *        &lt;li&gt;&lt;em&gt;"simple"&lt;/em&gt;: tree with links to the category pages.&lt;/li&gt;
 *        &lt;li&gt;&lt;em&gt;"selectable"&lt;/em&gt;: each category name in the tree is preceded by a checkbox.&lt;/li&gt;
 *        &lt;li&gt;&lt;em&gt;"option"&lt;/em&gt;: wraps each category name in an &amp;lt;option&amp;gt; element, to be used
 *          in a select box.&lt;/li&gt;
 *        &lt;li&gt;&lt;em&gt;"editable"&lt;/em&gt;: displays links to delete and edit each category, if the rights
 *          allow such actions.&lt;/li&gt;
 *        &lt;/ul&gt;
 *        For any other value, the default ("simple") is considered.
 *###
#macro(displayCategoriesHierarchy $tree $displayMethod)
  #set($processedCategories = $util.arrayList)
  #displayCategoriesHierarchyRecursive($tree $defaultCategoryParent 1 $displayMethod)
#end
##
##
##
#**
 * Displays recursively the category hierarchy held in the &lt;tt&gt;tree&lt;/tt&gt; parameter, starting at
 * the node indicated by the &lt;tt&gt;root&lt;/tt&gt; parameter, which is on the &lt;tt&gt;level&lt;/tt&gt;th level in
 * the tree.
 * 
 * @param tree The category hierarchy HashMap&lt;String, List&lt;String&gt;&gt; structure, where the key
 *        is the name of a category, and the value contains the names of all its subcategories.
 * @param root The full name of the document containing the category that is to be considered the
 *        root of the displayed subtree.
 * @param level The current depth of the tree, used for proper indentation.
 * @param displayMethod Selects how to display the category tree. Possible values are:
 *        &lt;ul&gt;
 *        &lt;li&gt;&lt;em&gt;"simple"&lt;/em&gt;: tree with links to the category pages.&lt;/li&gt;
 *        &lt;li&gt;&lt;em&gt;"selectable"&lt;/em&gt;: each category name in the tree is preceded by a checkbox.&lt;/li&gt;
 *        &lt;li&gt;&lt;em&gt;"option"&lt;/em&gt;: wraps each category name in an &amp;lt;option&amp;gt; element, to be used
 *          in a select box.&lt;/li&gt;
 *        &lt;li&gt;&lt;em&gt;"editable"&lt;/em&gt;: displays links to delete and edit each category, if the rights
 *          allow such actions.&lt;/li&gt;
 *        &lt;/ul&gt;
 *        For any other value, the default ("simple") is considered.
 *###
#macro(displayCategoriesHierarchyRecursive $tree $root $level $displayMethod)
  #if(!$processedCategories)
    #set($processedCategories = $util.arrayList)
  #end
  #foreach($item in $tree.get($root))
    #if(!$processedCategories.contains($item))
      #set($discard = $processedCategories.add($item))
      #displayCategory($item $level $displayMethod)
      #displayCategoriesHierarchyRecursive($tree $item $mathtool.add($level, 1) $displayMethod)
    #end
  #end
#end
##
##
##
#**
 * Displays a category as part of a category hierarchy.
 * 
 * @param name The full name of the document containing the category to be displayed.
 * @param level The depth where this category is in the tree, used for proper indentation.
 * @param displayMethod Selects how to display the category tree. Possible values are:
 *        &lt;ul&gt;
 *        &lt;li&gt;&lt;em&gt;"simple"&lt;/em&gt;: tree with links to the category pages.&lt;/li&gt;
 *        &lt;li&gt;&lt;em&gt;"selectable"&lt;/em&gt;: each category name in the tree is preceded by a checkbox.&lt;/li&gt;
 *        &lt;li&gt;&lt;em&gt;"option"&lt;/em&gt;: wraps each category name in an &amp;lt;option&amp;gt; element, to be used
 *          in a select box.&lt;/li&gt;
 *        &lt;li&gt;&lt;em&gt;"editable"&lt;/em&gt;: displays links to delete and edit each category, if the rights
 *          allow such actions.&lt;/li&gt;
 *        &lt;/ul&gt;
 *        For any other value, the default ("simple") is considered.
 *###
#macro(displayCategory $name $level $displayMethod)
  #if("$!displayMethod" == "option")
    #displayOptionCategory($name $level)
  #elseif("$!displayMethod" == "selectable")
    #displaySelectableCategory($name $level)
  #elseif("$!displayMethod" == "editable")
    #displayEditableCategory($name $level)
  #else
    #displaySimpleCategory($name $level)
  #end
#end
##
##
##
#**
 * Displays a category as part of a category hierarchy, preceded by a checkbox that allows choosing
 * this category for a blog entry.
 * 
 * @param name The full name of the document containing the category to be displayed.
 * @param level The depth where this category is in the tree, used for proper indentation.
 *###
#macro(displaySelectableCategory $name $level)
  #set($categoryDoc = $xwiki.getDocument($name))
  #foreach($i in [1..$level])*#end ##
&lt;span class="blog-category-level"&gt;&lt;span class="blog-category"&gt;##
&lt;label id='blog_category_${name}' title="#getCategoryDescription($categoryDoc)"&gt;&lt;input name="${blogPostClassname}_$!{entryObj.number}_category" value="$name" type="checkbox"#if($entryObj.getProperty('category').getValue().contains($name)) checked="checked" #end/&gt; #getCategoryName($categoryDoc)&lt;/label&gt;##
&lt;/span&gt;##
#if($xwiki.hasAccessLevel('edit', $context.user, $doc.fullName) &amp;&amp; ("$!{request.xaction}" != "showAddCategory" || "$!{request.parentCategory}" != $name))
&lt;span class="blog-category-tools"&gt;##
&lt;a href="$doc.getURL('view', "xaction=showAddCategory&amp;amp;parentCategory=$name")" class="tool add-subcategory"&gt;#toolImage('chart_organisation_add' 'Add a subcategory ')&lt;/a&gt;##
&lt;/span&gt;##
#end
&lt;/span&gt;
#end
##
##
##
#**
 * Displays a form for creating a new category. If a parentCategory parameter is present in the 
 * query string, the parent category is set accordingly. Otherwise, the form provides a selection
 * control for choosing the parent category among existing categories.
 *###
## DO NOT CHANGE INDENTATION
#macro(addCategoryForm) &lt;form action="$doc.getURL()" method="post" class="category-add-form"&gt;&lt;div class='create-category'&gt; &lt;input type="hidden" name="xaction" value="create"/&gt; &lt;label&gt;$msg.get("xe.blog.categories.new")&lt;br/&gt; &lt;input type="text" name="newCategoryName" class="category-name-input"&gt;&lt;/input&gt;&lt;/label&gt;&lt;br/&gt;#if("$!{request.parentCategory}" == "")&lt;label&gt;#* $msg.get("xe.blog.categories.parent")*# Subcategory of:&lt;br/&gt; &lt;select name="newCategoryParent" id="blog_category_selectBox" class="category-add-input"&gt; &lt;option value="${defaultCategoryParent}" selected="selected"&gt;None&lt;/option&gt; $!processedCategories.clear() #displayCategoriesHierarchy($tree 'option') &lt;/select&gt; &lt;br/&gt;&lt;/label&gt;#else&lt;input type="hidden" name="newCategoryParent" value="$!{request.parentCategory}"/&gt;#end&lt;span class="buttonwrapper"&gt;&lt;input class="button" type="submit" value="Add"&gt;&lt;/input&gt;&lt;/span&gt; &lt;a href="$doc.getURL()"&gt;Cancel&lt;/a&gt; &lt;/div&gt;&lt;/form&gt; #end
##
##
##
#**
 * Displays a form for renaming a category.
 *###
## DO NOT CHANGE INDENTATION
#macro(renameCategoryForm)##
&lt;form action="$doc.getURL()" method="post" class="category-rename-form"&gt;&lt;div class='rename-category'&gt;##
&lt;input type="hidden" name="xaction" value="rename"/&gt;##
&lt;input type="hidden" name="category" value="${request.category}"/&gt;##
&lt;label&gt;$msg.get("xe.blog.categories.newName")&lt;br/&gt; &lt;input type="text" name="newCategoryName" class="category-name-input"&gt;&lt;/input&gt;&lt;/label&gt;&lt;br/&gt;##
&lt;span class="buttonwrapper"&gt;&lt;input class="button" type="submit" value="Rename"&gt;&lt;/input&gt;&lt;/span&gt; ##
&lt;a href="$doc.getURL()"&gt;Cancel&lt;/a&gt;##
&lt;/div&gt;&lt;/form&gt;##
#end
##
##
##
#**
 * Displays a category as part of a category hierarchy, followed by links for editing and deleting
 * this category, if the current user has the rights to perform these actions.
 * 
 * @param name The full name of the document containing the category to be displayed.
 * @param level The depth where this category is in the tree, used for proper indentation.
 *###
## DO NOT CHANGE INDENTATION
#macro(displayEditableCategory $name $level)
  #getEntriesForCategory($name $discard $totalEntries)
  #foreach($i in [1..$level])*#end ##
&lt;span class="blog-category-level"&gt;&lt;span class="blog-category"&gt;##
&lt;a href="$xwiki.getURL('Blog.CategoryRss', 'view', "xpage=plain&amp;amp;category=$name")" title="RSS"&gt;&lt;img class="icon icon-manage" src="$xwiki.getSkinFile("icons/xwiki/rss-medium.png")" alt="[RSS]"/&gt;&lt;/a&gt;##
[[#getCategoryName($xwiki.getDocument($name)) (% class="itemCount" %)($totalEntries)(%%)&gt;&gt;${name}]]&lt;/span&gt; ##
&lt;span class="blog-category-tools"&gt;##
#if($xwiki.hasAccessLevel('delete', $context.user, $name) &amp;&amp; ("$!{request.xaction}" != 'showRenameCategory' || "$!{request.category}" != $name))&lt;a href="$xwiki.getURL('Blog.ManageCategories', 'view', "xaction=showRenameCategory&amp;amp;category=$name")" class="tool rename"&gt;#toolImage('pencil' 'Rename ')&lt;/a&gt;#end ##
#if($xwiki.hasAccessLevel('edit', $context.user, $doc.fullName) &amp;&amp; ("$!{request.xaction}" != "showAddCategory" || "$!{request.parentCategory}" != $name))&lt;a href="$xwiki.getURL('Blog.ManageCategories', 'view', "xaction=showAddCategory&amp;amp;parentCategory=$name")" class="tool add-subcategory"&gt;#toolImage('chart_organisation_add' 'Add a subcategory ')&lt;/a&gt; #end ##
#if($xwiki.hasAccessLevel('delete', $context.user, $name)) &lt;a href="$xwiki.getURL('Blog.ManageCategories', 'view', "xaction=delete&amp;amp;category=$name")" class="tool delete"&gt;#toolImage('cross' 'Delete ')&lt;/a&gt;#end ##
&lt;/span&gt;##
#if($xwiki.hasAccessLevel('edit', $context.user, $doc.fullName) &amp;&amp; "$!{request.xaction}" == "showRenameCategory" &amp;&amp; "$!{request.category}" == $name) #renameCategoryForm() #end##
#if($xwiki.hasAccessLevel('edit', $context.user, $doc.fullName) &amp;&amp; "$!{request.xaction}" == "showAddCategory" &amp;&amp; "$!{request.parentCategory}" == $name) #addCategoryForm() #end##
&lt;/span&gt;
#end
##
##
##
#**
 * Displays a category as part of a category hierarchy, wrapped in an &amp;lt;option&amp;gt; element, to
 *          be used in a select box.
 * 
 * @param name The full name of the document containing the category to be displayed.
 * @param level The depth where this category is in the tree, used for proper indentation.
 *###
#macro(displayOptionCategory $name $level)
  &lt;option id="blog_category_${name}_option" value="$name"&gt;#if($level &gt; 1)#foreach($i in [2..$level])&amp;nbsp;&amp;nbsp;#end#end#getCategoryName($xwiki.getDocument($name))&lt;/option&gt;
#end
##
##
##
#**
 * Displays a category as part of a category hierarchy, wrapped in a link.
 * 
 * @param name The full name of the document containing the category to be displayed.
 * @param level The depth where this category is in the tree, used for proper indentation.
 *###
#macro(displaySimpleCategory $name $level)
  #getEntriesForCategory($name $discard $totalEntries)
  #foreach($i in [1..$level])*#end &lt;span class="blog-category-level"&gt;&lt;a href="$xwiki.getURL('Blog.CategoryRss', 'view', "xpage=plain&amp;amp;category=$name")" title="RSS"&gt;#toolImage('bullet_feed', '[RSS]')&lt;/a&gt; &lt;a href="$xwiki.getURL($name)"&gt;#getCategoryName($xwiki.getDocument($name))&lt;/a&gt; &lt;span class="itemCount"&gt; ($totalEntries)&lt;/span&gt;&lt;/span&gt;
#end
##
##
##
#**
 * Prints the name of a category, indicated by its document.
 * 
 * @param categoryDoc The document containing the category to be displayed.
 *###
#macro(getCategoryName $categoryDoc)
## Don't indent!
#set($result = "$!categoryDoc.getObject(${blogCategoryClassname}).getProperty('name').value.trim()")##
#if($result == '')
#set($result = $categoryDoc.name)
#end
$result##
#end
##
##
##
#**
 * Prints the description of a category, indicated by its document.
 * 
 * @param categoryDoc The document containing the category to be displayed.
 *###
#macro(getCategoryDescription $categoryDoc)
## Don't indent!
$!categoryDoc.getObject(${blogCategoryClassname}).getProperty('description').value.trim()##
#end
##
##
##
#**
 * Generates a form for creating a new category. The form allows to enter the name of the new
 * category, and select a parent category from the existing ones.
 * 
 * @param tree The category hierarchy HashMap&lt;String, List&lt;String&gt;&gt; structure, where the key
 *        is the name of a category, and the value contains the names of all its subcategories.
 * @todo When javascript is disabled, a link to "Manage categories" should be displayed instead.
 *       This "form" should be created from javascript.
 *###
#macro(showCreateCategoryBoxWithForm $tree)
  &lt;form action="" method="post"&gt;
  #showCreateCategoryBox($tree)
  &lt;/form&gt;
#end
#**
 * Generates a box for creating a new category. This allows to enter the name of the new
 * category, and select a parent category from the existing ones. Note that this does not create
 * a HTML form element, but requires one to be defined already as its ancestor.
 * 
 * @param tree The category hierarchy HashMap&lt;String, List&lt;String&gt;&gt; structure, where the key
 *        is the name of a category, and the value contains the names of all its subcategories.
 * @todo When javascript is disabled, a link to "Manage categories" should be displayed instead.
 *       This "form" should be created from javascript.
 *###
#macro(showCreateCategoryBox $tree)
  &lt;div class='create-category'&gt;
    &lt;input type="hidden" name="xaction" value="create"/&gt;
    &lt;label&gt;$msg.get("xe.blog.categories.new") &lt;input type="text" name="newCategoryName"&gt;&lt;/input&gt;&lt;/label&gt;
    &lt;label&gt;$msg.get("xe.blog.categories.parent")
      &lt;select name="newCategoryParent" id="blog_category_selectBox"&gt;
        &lt;option value="${defaultCategoryParent}" selected="selected"&gt;None&lt;/option&gt;
        $!processedCategories.clear()##
        #displayCategoriesHierarchy($tree 'option')
      &lt;/select&gt;
    &lt;/label&gt;
    &lt;span class="buttonwrapper"&gt;&lt;input class="button" type="button" value="Add" id="blog_AddCategoryButton"&gt;&lt;/input&gt;&lt;/span&gt;
  &lt;/div&gt;
#end
##
##
##
#macro(displayCategoryManagementTree $space $displayType)
&lt;div class="blog-categories-list"&gt;
  #getCategoriesHierarchy("$!{space}" $tree)
  #displayCategoriesHierarchy($tree $displayType)
  #if($xwiki.hasAccessLevel('edit', $context.user, $doc.fullName))
    * &lt;span class="blog-add-category-label"&gt;&lt;a href="$doc.getURL('view', "xaction=showAddCategory&amp;amp;parentCategory=")"&gt;$msg.get("xe.blog.categories.addcategory")&lt;/a&gt;&lt;/span&gt;
     #if("$!{request.xaction}" == "showAddCategory" &amp;&amp; "$!{request.parentCategory}" == "") #addCategoryForm() #end
  #end


&lt;/div&gt;
#end
##
##
##
#**
 * Deletes a category, moving all the subcategories to its parent and removing this category from
 * all existing blog entries.
 * 
 * @param category The full name of the document containing the category to be deleted.
 *###
#macro(deleteCategory $category)
  #set($categoryDoc = $xwiki.getDocument($category))
  #set($categoryParent = "$!categoryDoc.parent")
  #if($categoryParent == '')
    #set($categoryParent = "{$defaultCategoryParent}"))
  #end
  #set($query = ', BaseObject obj where ')
  #if($space != '')
    #set($query = "${query}doc.space = '${space}' and ")
  #end
  #set($query = "${query}obj.name = doc.fullName and obj.className = '${blogCategoryClassname}' and doc.fullName &lt;&gt; 'Blog.CategoryTemplate' and doc.parent = '$category' order by doc.name")
  #foreach($item in $xwiki.searchDocuments($query))
    #if($xwiki.hasAccessLevel('edit', $context.user, $item))
      #set($subcategoryDoc = $xwiki.getDocument($item))
      $subcategoryDoc.setParent($categoryParent)
      $subcategoryDoc.save($msg.get('xe.blog.manageCategories.comment.updatedParent'), true)
    #end
  #end
  #set($query = ', BaseObject obj, DBStringListProperty categories join categories.list as category where ')
  #if($space != '')
    #set($query = "${query}doc.space = '${space}' and ")
  #end
  #set($query = "${query}obj.name = doc.fullName and obj.className = '${blogPostClassname}' and doc.fullName &lt;&gt; 'Blog.BlogPostTemplate' and categories.id.id = obj.id and categories.id.name = 'category' and category = '$category' order by doc.name")
  #foreach($item in $xwiki.searchDocuments($query))
    #if($xwiki.hasAccessLevel('edit', $context.user, $item))
      #set($blogEntryDoc = $xwiki.getDocument($item))
      #set($discard = $blogEntryDoc.getObject(${blogPostClassname}).getProperty('category').value.remove($category))
      $blogEntryDoc.save($msg.get('xe.blog.manageCategories.comment.removedDeletedCategory'), true)
    #end
  #end
  $categoryDoc.delete()
#end
##
##
##
#**
 * Renames a category, updating all the subcategories and all existing blog entries.
 * 
 * @param category The full name of the document containing the category to be renamed.
 * @param newCategoryName The new name of the category.
 *###
#macro(renameCategory $category $newCategoryName)
  #set($categoryDoc = $xwiki.getDocument($category))
  #set($newCategoryDoc = $xwiki.getDocument($newCategoryName))
  #set($query = ', BaseObject obj where ')
  #set($query = "${query}obj.name = doc.fullName and obj.className = '${blogCategoryClassname}' and doc.fullName &lt;&gt; 'Blog.CategoryTemplate' and doc.parent = '$category' order by doc.name")
  #foreach($item in $xwiki.searchDocuments($query))
    #if($xwiki.hasAccessLevel('edit', $context.user, $item))
      #set($subcategoryDoc = $xwiki.getDocument($item))
      $subcategoryDoc.setParent($newCategoryDoc.fullName)
      $subcategoryDoc.save($msg.get('xe.blog.manageCategories.comment.updatedParent'), true)
    #end
  #end
  #set($query = ', BaseObject obj, DBStringListProperty categories join categories.list as category where ')
  #set($query = "${query}obj.name = doc.fullName and obj.className = '${blogPostClassname}' and doc.fullName &lt;&gt; 'Blog.BlogPostTemplate' and categories.id.id = obj.id and categories.id.name = 'category' and category = '$category' order by doc.name")
  #foreach($item in $xwiki.searchDocuments($query))
    #if($xwiki.hasAccessLevel('edit', $context.user, $item))
      #set($blogEntryDoc = $xwiki.getDocument($item))
      #set($discard = $blogEntryDoc.getObject(${blogPostClassname}).getProperty('category').value.remove($category))
      #set($discard = $blogEntryDoc.getObject(${blogPostClassname}).getProperty('category').value.add($newCategoryDoc.fullName))
      $blogEntryDoc.save($msg.get('xe.blog.manageCategories.comment.updatedRenamedCategory'), true)
    #end
  #end
  $categoryDoc.getObject('Blog.CategoryClass').set('name', $newCategoryName)
  $categoryDoc.save($msg.get('xe.blog.manageCategories.comment.updatedCategory'), true)
  $categoryDoc.rename($newCategoryName)
#end
{{/velocity}}</content>
</xwikidoc>
