<?xml version="1.0" encoding="UTF-8"?>

<xwikidoc>
<web>Blog</web>
<name>CategoriesPanel</name>
<language></language>
<defaultLanguage>en</defaultLanguage>
<translation>0</translation>
<parent>Panels.WebHome</parent>
<creator>XWiki.Admin</creator>
<author>XWiki.Admin</author>
<customClass></customClass>
<contentAuthor>XWiki.Admin</contentAuthor>
<creationDate>1174915141000</creationDate>
<date>1229921032000</date>
<contentUpdateDate>1229921032000</contentUpdateDate>
<version>1.1</version>
<title>Blog Categories Panel</title>
<template></template>
<defaultTemplate></defaultTemplate>
<validationScript></validationScript>
<comment></comment>
<minorEdit>false</minorEdit>
<syntaxId>xwiki/2.0</syntaxId>
<hidden>false</hidden>
<object>
<class>
<name>Panels.PanelClass</name>
<customClass></customClass>
<customMapping></customMapping>
<defaultViewSheet></defaultViewSheet>
<defaultEditSheet></defaultEditSheet>
<defaultWeb></defaultWeb>
<nameField></nameField>
<validationScript></validationScript>
<category>
<cache>0</cache>
<displayType>select</displayType>
<multiSelect>0</multiSelect>
<name>category</name>
<number>5</number>
<prettyName>Category</prettyName>
<relationalStorage>0</relationalStorage>
<separator> </separator>
<separators> ,|</separators>
<size>1</size>
<unmodifiable>0</unmodifiable>
<values>Information|Navigation|Tools|Administration|Other</values>
<classType>com.xpn.xwiki.objects.classes.StaticListClass</classType>
</category>
<content>
<editor>Text</editor>
<name>content</name>
<number>4</number>
<prettyName>Content</prettyName>
<rows>25</rows>
<size>60</size>
<unmodifiable>0</unmodifiable>
<classType>com.xpn.xwiki.objects.classes.TextAreaClass</classType>
</content>
<description>
<editor>Text</editor>
<name>description</name>
<number>3</number>
<prettyName>Description</prettyName>
<rows>5</rows>
<size>40</size>
<unmodifiable>0</unmodifiable>
<classType>com.xpn.xwiki.objects.classes.TextAreaClass</classType>
</description>
<name>
<name>name</name>
<number>1</number>
<prettyName>Name</prettyName>
<size>40</size>
<unmodifiable>0</unmodifiable>
<classType>com.xpn.xwiki.objects.classes.StringClass</classType>
</name>
<type>
<cache>0</cache>
<displayType>select</displayType>
<multiSelect>0</multiSelect>
<name>type</name>
<number>2</number>
<prettyName>Panel type</prettyName>
<relationalStorage>0</relationalStorage>
<separator> </separator>
<separators> ,|</separators>
<size>1</size>
<unmodifiable>0</unmodifiable>
<values>view|edit</values>
<classType>com.xpn.xwiki.objects.classes.StaticListClass</classType>
</type>
</class>
<name>Blog.CategoriesPanel</name>
<number>0</number>
<className>Panels.PanelClass</className>
<guid>e385d6f7-ae21-4cf8-9e0d-e2f31563eaa0</guid>
<property>
<category>Information</category>
</property>
<property>
<content>{{include document="Blog.CategoriesCode"/}}
{{velocity filter="none"}}
{{html clean="false" wiki="true"}}
#panelheader('Blog Categories')
#getCategoriesHierarchy('Blog' $tree)
#displayCategoriesHierarchy($tree 'simple')

#if($xwiki.hasAdminRights())
  &lt;div style="font-size:75%;"&gt;([[$msg.get('xe.blog.categories.edit')&gt;&gt;Blog.ManageCategories]])&lt;/div&gt;
#end
#panelfooter()
{{/html}}
{{/velocity}}</content>
</property>
<property>
<description>List all Blog Categories. A Category is a name used to organize Blog articles that you post. XWiki is preconfigured with three categories: News, Personal and Others.</description>
</property>
<property>
<name>Blog Categories</name>
</property>
<property>
<type>view</type>
</property>
</object>
<content>{{include document="Panels.PanelSheet"/}}</content>
</xwikidoc>
