<?xml version="1.0" encoding="UTF-8"?>

<xwikidoc>
<web>Blog</web>
<name>GlobalBlogRss</name>
<language></language>
<defaultLanguage>en</defaultLanguage>
<translation>0</translation>
<parent>Blog.WebHome</parent>
<creator>XWiki.Admin</creator>
<author>XWiki.Admin</author>
<customClass></customClass>
<contentAuthor>XWiki.Admin</contentAuthor>
<creationDate>1229906850000</creationDate>
<date>1229907570000</date>
<contentUpdateDate>1229907570000</contentUpdateDate>
<version>1.1</version>
<title>Global Blog RSS feed generator</title>
<template></template>
<defaultTemplate></defaultTemplate>
<validationScript></validationScript>
<comment></comment>
<minorEdit>false</minorEdit>
<syntaxId>xwiki/2.0</syntaxId>
<hidden>true</hidden>
<content>{{include document="Blog.BlogCode"/}}
{{velocity filter="none"}}
#if("$!{request.xpage}" == 'plain' || "$!{request.xpage}" == 'rdf')
$response.setContentType('application/rdf+xml')
{{html clean="false" wiki="false"}}
#getBlogDocument($doc.space $blogDoc)
#getBlogTitle($blogDoc $title)
#set($feedMetadata = {
  "title": $title,
  "description": "Most recent blog posts in the wiki",
  "url": $xwiki.getDocument('Main.WebHome').externalURL
  })
#getBlogEntriesBaseQuery($query)
$xwiki.feed.getBlogFeedOutput("${query} order by publishDate.value desc", 10, 0, $feedMetadata, 'rss_2.0')
{{/html}}
#end
{{/velocity}}</content>
</xwikidoc>
