<?xml version="1.0" encoding="UTF-8"?>

<xwikidoc>
<web>Blog</web>
<name>Other</name>
<language></language>
<defaultLanguage>en</defaultLanguage>
<translation>0</translation>
<parent>Blog.Categories</parent>
<creator>XWiki.Admin</creator>
<author>XWiki.Admin</author>
<customClass></customClass>
<contentAuthor>XWiki.Admin</contentAuthor>
<creationDate>1229921575000</creationDate>
<date>1229921714000</date>
<contentUpdateDate>1229921714000</contentUpdateDate>
<version>1.1</version>
<title></title>
<template></template>
<defaultTemplate></defaultTemplate>
<validationScript></validationScript>
<comment></comment>
<minorEdit>false</minorEdit>
<syntaxId>xwiki/2.0</syntaxId>
<hidden>false</hidden>
<object>
<class>
<name>Blog.CategoryClass</name>
<customClass></customClass>
<customMapping></customMapping>
<defaultViewSheet></defaultViewSheet>
<defaultEditSheet></defaultEditSheet>
<defaultWeb></defaultWeb>
<nameField></nameField>
<validationScript></validationScript>
<description>
<contenttype>FullyRenderedText</contenttype>
<customDisplay></customDisplay>
<editor>---</editor>
<name>description</name>
<number>2</number>
<picker>0</picker>
<prettyName>Description</prettyName>
<rows>5</rows>
<size>40</size>
<tooltip></tooltip>
<unmodifiable>0</unmodifiable>
<validationMessage></validationMessage>
<validationRegExp></validationRegExp>
<classType>com.xpn.xwiki.objects.classes.TextAreaClass</classType>
</description>
<name>
<customDisplay></customDisplay>
<name>name</name>
<number>1</number>
<picker>0</picker>
<prettyName>Name</prettyName>
<size>40</size>
<tooltip></tooltip>
<unmodifiable>0</unmodifiable>
<validationMessage></validationMessage>
<validationRegExp></validationRegExp>
<classType>com.xpn.xwiki.objects.classes.StringClass</classType>
</name>
</class>
<name>Blog.Other</name>
<number>0</number>
<className>Blog.CategoryClass</className>
<guid>b8fda98e-59d8-456c-8aa8-0d4743ce4e65</guid>
<property>
<description>Blog posts that don't fit in any other category.</description>
</property>
<property>
<name>Other</name>
</property>
</object>
<content>{{include document="CategorySheet"/}}</content>
</xwikidoc>
