<?xml version="1.0" encoding="UTF-8"?>

<xwikidoc>
<web>Blog</web>
<name>Unpublished</name>
<language></language>
<defaultLanguage>en</defaultLanguage>
<translation>0</translation>
<parent>Blog.WebHome</parent>
<creator>XWiki.Admin</creator>
<author>XWiki.Admin</author>
<customClass></customClass>
<contentAuthor>XWiki.Admin</contentAuthor>
<creationDate>1231916998000</creationDate>
<date>1231919168000</date>
<contentUpdateDate>1231919168000</contentUpdateDate>
<version>1.1</version>
<title>Unpublished blog posts</title>
<template></template>
<defaultTemplate></defaultTemplate>
<validationScript></validationScript>
<comment></comment>
<minorEdit>false</minorEdit>
<syntaxId>xwiki/2.0</syntaxId>
<hidden>false</hidden>
<content>{{include document="Blog.BlogCode"/}}
{{velocity filter="none"}}
{{html clean="false" wiki="true"}}

= $msg.get('xe.blog.unpublished.entries') =

#getBlogEntriesBaseQuery($query)
#getUnpublishedBlogEntries($xwiki.getDocument('Blog.WebHome') $query $entries)
#displayBlog($entries 'unpublished' true true)
{{/html}}
{{/velocity}}</content>
</xwikidoc>
