<?xml version="1.0" encoding="UTF-8"?>

<xwikidoc>
<web>About</web>
<name>Overview</name>
<language></language>
<defaultLanguage>en</defaultLanguage>
<translation>0</translation>
<parent></parent>
<creator>XWiki.Admin</creator>
<author>XWiki.Alex</author>
<customClass></customClass>
<contentAuthor>XWiki.Alex</contentAuthor>
<creationDate>1263824043000</creationDate>
<date>1276772645000</date>
<contentUpdateDate>1276772645000</contentUpdateDate>
<version>22.1</version>
<title>Jadex XML</title>
<template></template>
<defaultTemplate></defaultTemplate>
<validationScript></validationScript>
<comment></comment>
<minorEdit>false</minorEdit>
<syntaxId>xwiki/1.0</syntaxId>
<hidden>false</hidden>
<object>
<class>
<name>XWiki.TagClass</name>
<customClass></customClass>
<customMapping></customMapping>
<defaultViewSheet></defaultViewSheet>
<defaultEditSheet></defaultEditSheet>
<defaultWeb></defaultWeb>
<nameField></nameField>
<validationScript></validationScript>
<tags>
<cache>0</cache>
<displayType>checkbox</displayType>
<multiSelect>1</multiSelect>
<name>tags</name>
<number>1</number>
<prettyName>Tags</prettyName>
<relationalStorage>1</relationalStorage>
<separator> </separator>
<separators> ,|</separators>
<size>30</size>
<unmodifiable>0</unmodifiable>
<values></values>
<classType>com.xpn.xwiki.objects.classes.StaticListClass</classType>
</tags>
</class>
<name>About.Overview</name>
<number>0</number>
<className>XWiki.TagClass</className>
<guid>689aa56a-ae72-4076-b6b9-466740fc5e57</guid>
<property>
<tags/>
</property>
</object>
<content>1 Jadex XML

Jadex XML is a data binding framework, which mainly offers the following features:

* It allows reading and writing XMLs to a target representation, in most cases Java bean-like classes
* It enables automatic serialization and deserialization of Java beans (and other object structures)

This means that Jadex XML can be used as design-time as well as runtime framework for converting XMLs to and from a programming language. The main difference between both is that when used at design-time the programmer can specify exactly how an XML is mapped to and from the object structure and the representation is of importance. When used directly at runtime also an ad-hoc serialization and deserialization of Java beans is possible. In this case the representation is determined by the reader/writer automatically.

The Jadex XML design objectives differ from from other existing frameworks and try to provide a clean, non-invasive, easy to use and fast mapping solution. The framework has been built as a result of years of frustrating experiences with data binding frameworks, which are in many cases too rigid and force the user to generate code. For an overview of the design objectives and features of the framework see the [User Guide&gt;User Guide.01 Introduction].</content>
</xwikidoc>
