<?xml version="1.0" encoding="UTF-8"?>
<!--<!DOCTYPE chapter PUBLIC "-//OASIS//DTD DocBook XML V4.1.2//EN"
"../docbook/dtd/docbookx.dtd" >-->
<chapter id="tools.beanynizer">
    <title>Beanynizer</title>
    <!-- ********** BEANYNIZER ******-->
    <para>The Beanynizer is a plugin for the widely used ontology development environment 
    <ulink role="external" url="http://protege.stanford.edu/">Protégé</ulink> 
    and allows to generate <type>JavaBeans</type> and a JADE
        ontology file from a modelled ontology. It is very similar to the well known 
        beangenerator plugin of <ulink role="external" url="http://jade.tilab.com">JADE</ulink> but offers some more flexibility regarding the
        generated code.</para>
    <section id="beanynizer.installation">
        <title>Installation</title>
        <para>The description of the installation process assumes that you have successfully
            downloaded and installed Protégé 2.1 (or later). The
            installation of the plugin is simple. Extract the <filename>plugin.zip</filename>
            file from the beanynizer distribution into the
                <filename>protege/plugins</filename> directory. Make sure to use the <quote>Use
                folder names</quote> option (or similar) of your zip tool, such that a
            subdirectory <filename>protege/plugins/jadex.tools.beanynizer</filename> is
            automatically created. (You can also create this directory by hand before unzipping. In
            the end you should have a <filename>jadex_beanynizer.jar</filename>, a <filename>plugin.properties</filename> file,
			and some additional jar files in this directory.) Now you can start
                Protégé as usual. The <menuchoice>
                <guimenu>Help</guimenu>
                <guimenuitem>Plugins</guimenuitem>
            </menuchoice> menu should contain an entry <guimenuitem>Jadex Beanynizer</guimenuitem>.
            Selecting this entry will just take you to the Jadex homepage. For the usage of the
            plugin see the next sections.</para>
    </section>
    <section id="beanynizer.ontology">
        <title>Creating an Ontology</title>
        <para>This section only discusses details of the usage of the Beanynizer plugin. For general
            information about creating ontologies in Protégé please
            consult the Protégé documentation. To create an ontology for
            use with Jadex, follow these four steps: <itemizedlist>
                <listitem>
                    <para>Create a new ontology e.g. with the <menuchoice>
                            <guimenu>Project</guimenu>
                            <guimenuitem>New...</guimenuitem>
                        </menuchoice> menu item. Note that Beanynizer currently does not support
                            <acronym>OWL</acronym>, so you have to choose a standard or
                        <acronym>RDF</acronym> ontology format. Save the new ontology to a directory
                        of your choice.</para>
                </listitem>
                <listitem>
                    <para>Include one of the Beanynizer default ontologies.
						The beanynizer supports the creation of ontologies for use with the JADE platform (<filename>beanynizer_default.pprj</filename>),
						or pure Java ontologies for use with the Jadex Java-XML encoding (<filename>beanynizer_beans_default.pprj</filename>
						or <filename>beanynizer_beans_fipa_default.pprj</filename> if you want to refer to FIPA related concepts).
						E.g., Use the <menuchoice>
                            <guimenu>Project</guimenu>
                            <guimenuitem>Include Project...</guimenuitem>
                        </menuchoice> menu and select the
                        <filename>beanynizer_beans_fipa_default.pprj</filename> file in the appearing file
                        chooser. Protégé will store the location of the
                        default ontology using an absolute path. As this is undesirable most of the
                        time, you should copy the Beanynizer default files
                        (<filename>.pprj</filename>, <filename>.pins</filename>,
                        <filename>.pont</filename>) to the directory of your ontology, and include
                        the ontology from there. In this case Protégé
                        will use a relative path name.</para>
                </listitem>
                <listitem>
                    <para>Add classes and slots to your ontology. The JADE default ontology provides four
                        base classes (<classname>Concept</classname>,
                        <classname>AgentAction</classname>, <classname>agent-identifier</classname>,
                            <classname>Predicate</classname>) that you should use as superclasses
                        for your own concepts. If you don't know the meaning of thesebase classes
                        consult the JADE ontology guide. For a pure Java
						ontology, classes can be directly created as subclasses of Protégé's :THING class.
						In any case, you may also find it helpful to take a look at the ontologies used in the
                        Jadex examples.</para>
                </listitem>
                <listitem>
                    <para>Generate Java sources from the ontology using the Beanynizer tab. If you
                        created your ontology from scratch, you will have to activate the tab first.
                        Select the <menuchoice>
                            <guimenu>Project</guimenu>
                            <guimenuitem>Configure...</guimenuitem>
                        </menuchoice> menu and open the "Tab Widgets" tab (see
                            <xref linkend="beanynizer.fig_plugin_config"/>). Activate the Beanynizer
                        tab and close the dialog by hitting <guibutton>Ok</guibutton>. In the
                            "Beanynizer Tab" you can now edit the code generation
                        options such as packagename and output directory (see <xref
                            linkend="beanynizer.fig_code_generation_panel"/>).
						Depending on the base ontology you used, you also have to select
						the correct "Generation Mode" ("Java" for a pure beans ontology,
						"Jade" for a JADE ontology).
						Pressing the <guibutton>Generate Files</guibutton> button will create the desired
                        source files. See the Jadex user guide, for an introduction how to use the
                        generated ontology in your Jadex agents. The next sections discuss how you
                        can influence the code generation process.</para>
                </listitem>
            </itemizedlist></para>
        <figure id="beanynizer.fig_plugin_config">
            <title>Protégé plugin configuration</title>
            <screenshot>
		       <mediaobject>
		          <imageobject>
		            <imagedata fileref="images/beanynizer/configure.png"/>
		          </imageobject>
		       </mediaobject>
		    </screenshot>
        </figure>
    </section>
    <section id="beanynizer.ontology_options">
        <title>Ontology Options</title>
        <para>The general options for the ontology are available from the code generation panel (see
                <xref linkend="beanynizer.fig_code_generation_panel"/>). The ontology name is the
            name, that will appear in the "ontology" slot of an ACL messages.
            From Java this is available with the
                <replaceable>ontologyclass</replaceable>.<constant>ONTOLOGY_NAME</constant>
            constant. A package can be specified, where the ontology class file should be generated.
            This package is also the default for other generated classes. The class name is the
            Javaclass name to be used for the ontology (without package). The output directory is
            the root directory for the package hierarchy to be generated. You can use relative paths
            here, which will be expanded relative to the saving-location of the
            Protégé project. When subdirectories for some packages do not
            exist, they will be created on-the-fly.</para>
        <figure id="beanynizer.fig_code_generation_panel">
            <title>Jadex Beanynizer tab</title>
            <screenshot>
        <mediaobject>
          <imageobject>
            <imagedata fileref="images/beanynizer/generate.png"/>
          </imageobject>
        </mediaobject>
      </screenshot>
        </figure>
        <para>The "Files to Generate" option specifies which kind of Java files
            should be generated for your ontology classes. Note that this option only represents a
            default, that can be overridden individually for each ontology class as described in the
            next section. <variablelist>
                <varlistentry>
                    <term>External</term>
                    <listitem>
                        <para>means that the ontology uses Java classes that already exist and do
                            not have to be generated. In this case, only the single ontology class
                            file will be generated.</para>
                    </listitem>
                </varlistentry>
                <varlistentry>
                    <term>Editable</term>
                    <listitem>
                        <para>(which is the default) creates two files for any ontologyclass: A
                                    <filename><replaceable>classname</replaceable>Data.java</filename>
                            file, which contains the required fields and getter/setter methods, and
                            a <filename><replaceable>classname</replaceable>.java</filename> file,
                            which extends the data file, but is more or less empty. While the data
                            file is overwritten each time you newly generate code from the ontology,
                            the other file can be edited (e.g., to add custom methods), because
                            changes will be preserved.</para>
                    </listitem>
                </varlistentry>
                <varlistentry>
                    <term>Fixed</term>
                    <listitem>
                        <para>option only creates one file for each ontology class. This file should
                            not be edited, because changes are lost, when regenerating code.</para>
                    </listitem>
                </varlistentry>
            </variablelist></para>
    </section>
    <section id="beanynizer.class_options">
        <title>Class Options</title>
        <para>The Protégé classes panel is extended with extra options
            concerning the code generation. These extra options are shown below the template slots
            list (see <xref linkend="beanynizer.fig_classes_panel"/>, bottom right). As default, the
                Protégé name of the class is used for the .java file.
            This can be overridden by specifying an additional Java class name. The interface flag
            can be set, when not a class but an interface should be generated. In general, this only
            makes sense for abstract ontology classes.</para>
        <figure id="beanynizer.fig_classes_panel">
            <title>Protégé classes panel</title>
            <screenshot>
        <mediaobject>
          <imageobject>
            <imagedata fileref="images/beanynizer/class.png"/>
          </imageobject>
        </mediaobject>
      </screenshot>
        </figure>
        <para>The package field allows to specify the package of the Java class, overriding the
            default package specified in the code generation tab. The "Generation
            Options" offer the same options as the "Files to Genrate",
            and influence how many files are generated for each ontology class. E.g., setting the
            option to "Fixed" allows to include an already existing class in the
            ontology. In addition, the field can be left blank to indicate that the ontology default
            should be used. The superclass field and the additional interfaces list, allow to
            specify fully qualified class or interface names to use as superclass or additionally
            implemented interfaces. If no superclass is given, the code generator creates a class
            hierarchy corresponding to the hierarchy in the ontology. For interfaces, only
                <code>implements <replaceable>interface</replaceable>, . . . </code> is added to the
            class, the generator does not (yet) magically fill in any missing method
            implementations.</para>
    </section>
    <section id="beanynizer.slot_options">
        <title>Slot Options</title>
        <para>The code generator generates fields and getter / setter methods for each slot, thereby
            respecting settings such as name, type, default value, and cardinality (see <xref
                linkend="beanynizer.fig_slot_options"/>). For slots that allow multiple values, also
            add / remove methods are generated. Supported slot types and their default Java mappings
            are: 
            <table>
                <title>Slot to Java type mappings</title>
                <tgroup cols="2">
                    <thead>
                        <row>
                            <entry>Slot Type</entry>
                            <entry>Java Type</entry>
                        </row>
                    </thead>
                    <tbody>
                        <row>
                            <entry>Any</entry>
                            <entry>n/a</entry>
                        </row>
                        <row>
                            <entry>Boolean</entry>
                            <entry>
                                <code>boolean</code>
                            </entry>
                        </row>
                        <row>
                            <entry>Class</entry>
                            <entry>n/a</entry>
                        </row>
                        <row>
                            <entry>Float</entry>
                            <entry>
                                <code>double</code>
                            </entry>
                        </row>
                        <row>
                            <entry>Instance</entry>
                            <entry>a java class</entry>
                        </row>
                        <row>
                            <entry>Integer</entry>
                            <entry>
                                <code>int</code>
                            </entry>
                        </row>
                        <row>
                            <entry>String</entry>
                            <entry>
                                <code>java.lang.String</code>
                            </entry>
                        </row>
                        <row>
                            <entry>Symbol</entry>
                            <entry>
                                <code>java.lang.String</code>
                            </entry>
                        </row>
                    </tbody>
                </tgroup>
            </table></para>
        <figure id="beanynizer.fig_slot_options">
            <title>Protégé Slot Options</title>
            <screenshot>
        <mediaobject>
          <imageobject>
            <imagedata fileref="images/beanynizer/slot.png"/>
          </imageobject>
        </mediaobject>
      </screenshot>
        </figure>
        <para>The name to use for the generated field can be specified using the attribute name
            option. The Beanynizer has its own idea of Java coding conventions and tries to create a
            suitable Java name from the slot name, when no specific attribute name is given. The
            attribute type allows to change the generated Java type, by specifying a fully qualified
            class name, or one of the basic types (e.g. long). The names of getter and setter
            methods are derived from the attribute name (which may also be derived from the slot
            name). Use the get method and set method options to change the names of the methods to
            generate. This is especially helpful, when including already existing classes in the
            ontology.
			The pure Java ontology supports two other settings for slots: "transient" and "external".
			For transient slots, the field is generated with the <computeroutput>transient</computeroutput> keyword.
			External slots are ignored during code generation (this is useful, if the ontology class extends an
			existing Java class, which already provides the get/set methods for a given slot).
		</para>
    </section>
    <section id="beanynizer.converting_ontology">
        <title>Converting an Existing Ontology</title>
        <para>It is possible (while maybe a bit awkward) to convert other ontologies to be used with
            the Beanynizer. To convert an existing ontology perform the following steps (note, this process has
			only been tested with Protégé 2.1 and might not work with 3.0):
			<itemizedlist>
                <listitem>
                    <para>Load the old ontology and save it under a new name (to keep the original
                        file untouched).</para>
                </listitem>
                <listitem>
                    <para>Use the <menuchoice>
                            <guimenu>Project</guimenu>
                            <guimenuitem>Merge included projects</guimenuitem>
                        </menuchoice> option to remove references to other external
                    ontologies.</para>
                </listitem>
                <listitem>
                    <para>Include the Beanynizer default ontology as described above. If your
                        original ontology was also designed for use with
                        a FIPA-compliant agent platform, ignore any errors, e.g., complaining about
                        duplicate definition of classes like <classname>AgentAction</classname>,
                        etc.</para>
                </listitem>
                <listitem>
                    <para>If your original ontology did contain FIPA classes with different names (e.g., <classname>AID</classname> for agent identifiers)
                        change all references to these classes (if any) to now refer to the Beanynizer classes (e.g., <classname>agent-identifier</classname>).
						Afterwards remove the original FIPA classes.</para>
                </listitem>
                <listitem>
                    <para>When your original ontology was not designed to be used with FIPA,
                        you might have to rearrange the class hierarchy, such that all your classes
						are derived from the appropriate classes (such as AgentAction).</para>
                </listitem>
                <listitem>
                    <para>Now the awkward part: Make sure that all your classes and slots are
                        instances of the Beanynizer metaclasses. The required metaclass is called
                            <literal>BEANYNIZER-CLASS</literal> and is a subclass of the
                            <literal>:STANDARD-CLASS</literal>. You change the metaclass by selecting
                        each single class and using the <guimenuitem>Change
                        metaclass...</guimenuitem> option from the popup menu, but a much faster way
                        is to change to the instance tab, and use drag and drop. The same procedure
                        should be done for your slots, which should be instances of the
                            <literal>BEANYNIZER-SLOT</literal>. Finally, you should make the
                        Beanynizer class and the Beanynizer slot the default metaclasses by using
                        the <guimenuitem>Set as default class/slot meta class</guimenuitem> option
                        from the popup menu.</para>
                </listitem>
                <listitem>
                    <para>You're done! You can now start to generate code, or to adjust code
                        generation options as described above.</para>
                </listitem>
            </itemizedlist></para>
    </section>
    <section id="beanynizer.final_notes">
        <title>Final Notes</title>
        <para>Protégé is a complex tool in itself, therefore a basic
            understanding of it is essential before you can effectively use the Beanynizer plugin.
            The Beanynizer is still an early staged development based on our specific requirements,
            and does not try to be a general purpose code generation environment. If you encounter
            problems or miss some features please drop us a note, such that we can improve the
            Beanynizer for upcoming releases.</para>
        <para>Usages of the Beanynizer can be found in the cleanerworld, marsworld and hunterprey
            examples (look for an "ontology" package). Also, some Jadex tools use a Beanynizer
            generated ontology for communication (e.g., introspector, and tracer). Their
                Protégé ontology files can be found in the
                <filename>jadex/onto</filename> directory.</para>
        <para>The Beanynizer was designed for flexible code generation. The code for the Java
            classes is based on templates processed with the Velocity template engine. The
            templates for the Java and Jade generation modes can be found in the <filename>src/jadex/tools/beanynizer/genjava</filename> and
			<filename>src/jadex/tools/beanynizer/genjade</filename> directories.
            If you want to change the way Beanynizer generates code, you may try to alter these
            templates to suit your needs. See <ulink role="external" url="http://jakarta.apache.org/velocity/"
                >http://jakarta.apache.org/velocity/</ulink> for more information about the Velocity
            template language.</para>
    </section>
</chapter>
