<?xml version="1.0" encoding="UTF-8"?>
<!--<!DOCTYPE chapter PUBLIC "-//OASIS//DTD DocBook XML V4.1.2//EN"
"../docbook/dtd/docbookx.dtd" >-->
<chapter id="tools.introspector">
	<title>Introspector</title>
	<para>
		<inlinemediaobject>
			<imageobject>
				<imagedata fileref="images/introspector/new_introspector.png"/>
			</imageobject>
		</inlinemediaobject>

		In the introspector perspective you can observe and manipulate
		the internal state of agents.
		In <xref linkend="introspector.fig_overview"/> the introspector
		is shown while observing an agent from the marsworld example.
		You can use the agent tree at the left side to select agents you want to observe
		(by double clicking or using the popup menu).
		The observation view for the selected agent is shown
		on the right side. In the observation views four different panels can be seen
		and chosen.
		The "Beliefbase", "Goalbase" and
		"Planbase" tabs show the contents of the belief, goal
		and plan base, respectively. Alle these panels are described in
		<xref linkend="introspector.base_panels"/>. The
		"Debugger" tab allows to observe and control the event processing,
		consisting of plan selection and execution in the
		<link linkend="introspector.debugger_panel">debugger panel</link>.
	</para>
	
	<para>
		<inlinemediaobject>
			<imageobject>
				<imagedata fileref="images/introspector/start.png"/>
			</imageobject>
		</inlinemediaobject>
		<inlinemediaobject>
			<imageobject>
				<imagedata fileref="images/introspector/stop.png"/>
			</imageobject>
		</inlinemediaobject>
		When an agent is chosen for observation only those panels are initially
		active that have been defined in the "Default Options" menu (active here
		means that the views are continuously refreshed). If you want to activate
		or deactivate a specific panel this can be done by using the start and
		stop buttons from the menu bar. For making the state difference obvious
		in a deactivated panel the background color will switch from white to light grey.
	</para>

	<para>
		Below the tabs in the observation window,
		a details panel shows details of elements (e.g. beliefs or events)
		selected with double click.
		This details panel is shared by all activated tabs,
		and therefore shows the last elements selected in any tab.
	</para>

	<figure id="introspector.fig_overview">
		<title>Introspector overview</title>
		<screenshot>
			<mediaobject>
				<imageobject>
					<imagedata fileref="images/introspector/introspector_overview.jpg"/>
				</imageobject>
			</mediaobject>
		</screenshot>
	</figure>

	<section id="introspector.base_panels">
		<title>Base Panels</title>

		<para>
			Three base panels show the beliefs (<inlinemediaobject>
				<imageobject>
					<imagedata fileref="images/introspector/bulb2.png"/>
				</imageobject>
			</inlinemediaobject>), goals (<inlinemediaobject>
				<imageobject>
					<imagedata fileref="images/introspector/cloud2.png"/>
				</imageobject>
			</inlinemediaobject>), and plans (<inlinemediaobject>
				<imageobject>
					<imagedata fileref="images/introspector/plan2.png"/>
				</imageobject>
			</inlinemediaobject>) of the selected agent.
			They are very similar in their usage (see
			<xref linkend="introspector.fig_beliefs_panel"/>).
			All elements are shown in a tree structure
			representing the containment hierarchy of the elements
			in the capabilities of the agent.
		</para>

		<figure id="introspector.fig_beliefs_panel">
			<title>The Beliefs Panel of Introspector</title>
			<screenshot>
				<mediaobject>
					<imageobject>
						<imagedata fileref="images/introspector/introspector_beliefs.jpg"/>
					</imageobject>
				</mediaobject>
			</screenshot>
		</figure>

		<para>
			The different elements of the agent are shown with different icons
			as explained in
			<xref linkend="introspector.base_panel_elements"/>.
			For each element the most important attributes are displayed directly
			in the tree/table structure. The content of the base panels will automatically be updated
			when changes occur inside the agent.
		</para>

		<table id="introspector.base_panel_elements">
			<title>Introspector Base Panel Elements</title>
			<tgroup cols="2">
				<colspec colnum="1" colwidth="2"/>
				<colspec colnum="2" colwidth="5"/>
				<thead>
					<row>
						<entry>Element</entry>
						<entry>Description</entry>
					</row>
				</thead>
				<tbody>
					<row>
						<entry>
							<para>
								<inlinemediaobject>
									<imageobject>
										<imagedata fileref="images/introspector/new_agent.png"/>
									</imageobject>
								</inlinemediaobject> Agent
							</para>
						</entry>
						<entry>
							<para>The agent containing all other elements</para>
						</entry>
					</row>
					<row>
						<entry>
							<para>
								<inlinemediaobject>
									<imageobject>
										<imagedata fileref="images/introspector/new_capability_small.png"/>
									</imageobject>
								</inlinemediaobject> Capability
							</para>
						</entry>
						<entry>
							<para>The capability with its contained elements</para>
						</entry>
					</row>

					<row role="divider">
						<entry>
							<para>
								<inlinemediaobject>
									<imageobject>
										<imagedata fileref="images/introspector/beliefbase2.png"/>
									</imageobject>
								</inlinemediaobject> Belief Base
							</para>
						</entry>
						<entry>
							<para>The beliefbase containing all beliefs of a capability</para>
						</entry>
					</row>
					<row>
						<entry>
							<para>
								<inlinemediaobject>
									<imageobject>
										<imagedata fileref="images/introspector/bulb2.png"/>
									</imageobject>
								</inlinemediaobject> Belief
							</para>
						</entry>
						<entry>
							<para>A single fact belief, or fact contained in a belief set</para>
						</entry>
					</row>
					<row>
						<entry>
							<para>
								<inlinemediaobject>
									<imageobject>
										<imagedata fileref="images/introspector/bulbs2.png"/>
									</imageobject>
								</inlinemediaobject> Belief Set
							</para>
						</entry>
						<entry>
							<para>A belief set containing a number of facts</para>
						</entry>
					</row>
					<row>
						<entry>
							<para>
								<inlinemediaobject>
									<imageobject>
										<imagedata fileref="images/introspector/bulb2ref.png"/>
									</imageobject>
								</inlinemediaobject> Referenced Belief
							</para>
						</entry>
						<entry>
							<para>A belief visible in this capability, but declared elsewhere</para>
						</entry>
					</row>
					<row>
						<entry>
							<para>
								<inlinemediaobject>
									<imageobject>
										<imagedata fileref="images/introspector/bulbs2ref.png"/>
									</imageobject>
								</inlinemediaobject> Referenced Belief Set
							</para>
						</entry>
						<entry>
							<para>A belief set visible in this capability, but declared elsewhere</para>
						</entry>
					</row>

					<row role="divider">
						<entry>
							<para>
								<inlinemediaobject>
									<imageobject>
										<imagedata fileref="images/introspector/planbase2.png"/>
									</imageobject>
								</inlinemediaobject> Plan Base
							</para>
						</entry>
						<entry>
							<para>The plan base containing all plans of a capability</para>
						</entry>
					</row>
					<row>
						<entry>
							<para>
								<inlinemediaobject>
									<imageobject>
										<imagedata fileref="images/introspector/plan2.png"/>
									</imageobject>
								</inlinemediaobject> Plan
							</para>
						</entry>
						<entry>
							<para>A currently running plan</para>
						</entry>
					</row>

					<row role="divider">
						<entry>
							<para>
								<inlinemediaobject>
									<imageobject>
										<imagedata fileref="images/introspector/goalbase2.png"/>
									</imageobject>
								</inlinemediaobject> Goal Base
							</para>
						</entry>
						<entry>
							<para>The goalbase containing all goals of a capability</para>
						</entry>
					</row>
					<!-- <row>
						<entry>
							<para>
								<inlinemediaobject>
									<imageobject>
										<imagedata fileref="images/introspector/cloud2.png"/>
									</imageobject>
								</inlinemediaobject> Proprietary Goal
							</para>
						</entry>
						<entry>
							<para>An adopted goal (active or inactive)</para>
						</entry>
					</row> -->
					<row>
						<entry>
							<para>
								<inlinemediaobject>
									<imageobject>
										<imagedata fileref="images/introspector/cloud2p.png"/>
									</imageobject>
								</inlinemediaobject> Perform Goal
							</para>
						</entry>
						<entry>
							<para>A currently adopted perform goal for executing actions.</para>
						</entry>
					</row>
					<row>
						<entry>
							<para>
								<inlinemediaobject>
									<imageobject>
										<imagedata fileref="images/introspector/cloud2refp.png"/>
									</imageobject>
								</inlinemediaobject> Perform Goal Reference
							</para>
						</entry>
						<entry>
							<para>A perform goal reference on a currently adopted perform goal.</para>
						</entry>
					</row>
					<row>
						<entry>
							<para>
								<inlinemediaobject>
									<imageobject>
										<imagedata fileref="images/introspector/cloud2a.png"/>
									</imageobject>
								</inlinemediaobject> Achieve Goal
							</para>
						</entry>
						<entry>
							<para>A currently adopted achieve goal that aims at establishing a specified world state.</para>
						</entry>
					</row>
					<row>
						<entry>
							<para>
								<inlinemediaobject>
									<imageobject>
										<imagedata fileref="images/introspector/cloud2refa.png"/>
									</imageobject>
								</inlinemediaobject> Achieve Goal Reference
							</para>
						</entry>
						<entry>
							<para>An achieve goal reference on a currently adopted achieve goal.</para>
						</entry>
					</row>
					<row>
						<entry>
							<para>
								<inlinemediaobject>
									<imageobject>
										<imagedata fileref="images/introspector/cloud2q.png"/>
									</imageobject>
								</inlinemediaobject> Query Goal
							</para>
						</entry>
						<entry>
							<para>A currently adopted query goal that aims at fetching some information.</para>
						</entry>
					</row>
					<row>
						<entry>
							<para>
								<inlinemediaobject>
									<imageobject>
										<imagedata fileref="images/introspector/cloud2refq.png"/>
									</imageobject>
								</inlinemediaobject> Query Goal Reference
							</para>
						</entry>
						<entry>
							<para>A query goal reference on a currently adopted query goal.</para>
						</entry>
					</row>
					<row>
						<entry>
							<para>
								<inlinemediaobject>
									<imageobject>
										<imagedata fileref="images/introspector/cloud2m.png"/>
									</imageobject>
								</inlinemediaobject> Maintain Goal
							</para>
						</entry>
						<entry>
							<para>A currently adopted maintain goal that aims at monitoring 
								and re-establishing a specified world state.</para>
						</entry>
					</row>
					<row>
						<entry>
							<para>
								<inlinemediaobject>
									<imageobject>
										<imagedata fileref="images/introspector/cloud2refm.png"/>
									</imageobject>
								</inlinemediaobject> Maintain Goal Reference
							</para>
						</entry>
						<entry>
							<para>A maintain goal reference on a currently adopted maintain goal.</para>
						</entry>
					</row>
					<row>
						<entry>
							<para>
								<inlinemediaobject>
									<imageobject>
										<imagedata fileref="images/introspector/cloud2meta.png"/>
									</imageobject>
								</inlinemediaobject> Meta Goal
							</para>
						</entry>
						<entry>
							<para>A meta goal that is used for deciding 
								among different applicable plans for one goal or event.</para>
						</entry>
					</row>
					<row>
						<entry>
							<para>
								<inlinemediaobject>
									<imageobject>
										<imagedata fileref="images/introspector/cloud2refmeta.png"/>
									</imageobject>
								</inlinemediaobject> Meta Goal Reference
							</para>
						</entry>
						<entry>
							<para>A reference to a meta goal.</para>
						</entry>
					</row>
					<!-- <row>
						<entry>
							<para>
								<inlinemediaobject>
									<imageobject>
										<imagedata fileref="images/introspector/gearwheel2.png"/>
									</imageobject>
								</inlinemediaobject> Process Goal
							</para>
						</entry>
						<entry>
							<para>A goal currently being processed by some plan</para>
						</entry>
					</row> -->
				</tbody>
			</tgroup>

		</table>

		<para>
			The tree component allows nodes to be closed to focus on interesting subsets
			of the agent's functionality.
			The column widths can be (auto-) adjusted by dragging or
			double-clicking between the column headers.
			The table headers also provide a popup->menu (opened with right-click)
			that allows to hide some of the columns for better readability.
			You can double click on the elements to see more detailed information.
			The details panel is not automatically updated,
			you may have to double click the element again,
			to see up to date information.
		</para>
		<para>
			You can to some extent manipulate the elements shown in the base panels.
			E.g. you can alter the values of facts in the beliefbase.
			Double click on the fact value you wish to change (in the value column),
			and then enter the new value as Java expression (i.e "text" for a string value).
			The expressions are evaluated using the imports as specified
			in the ADF (of the corresponding capability)
			therefore you can write expressions just as you would do that in
			a <markup>&lt;fact&gt;</markup> tag of the ADF.
			In addition, popup menus are available e.g. to remove beliefs,
			terminate plans or change the state of goals.
		</para>
		<para>
			Some options are available to influence the appearance of the base panels
			(see <xref linkend="introspector.base_panel_options"/>).
			<!--  It is possible to deactivate (and later resume) the observation of any tab independently,
			by right-clicking on the tab's title.
			The observed agent will continue to execute,
			but changes will not be reflected in the panel until the observation is resumed.
			To pause the execution of the observed agent use the debugger panel
			described in the next section.-->
		</para>

		<table id="introspector.base_panel_options">
			<title>Introspector Base Panel Options</title>
			<tgroup cols="2">
				<colspec colnum="1" colwidth="1"/>
				<colspec colnum="2" colwidth="6"/>
				<tbody>
<!--					<row>
						<entry>
							<para>
								<inlinemediaobject>
									<imageobject>
										<imagedata fileref="images/introspector/pause.png"/>
									</imageobject>
								</inlinemediaobject>
								<inlinemediaobject>
									<imageobject>
										<imagedata fileref="images/introspector/resume.png"/>
									</imageobject>
								</inlinemediaobject>
							</para>
						</entry>
						<entry>
							<para>Pause / resume observation (for this tab)</para>
						</entry>
					</row>
-->
					<row>
						<entry>
							<para>
								<inlinemediaobject>
									<imageobject>
										<imagedata fileref="images/introspector/resize.png"/>
									</imageobject>
								</inlinemediaobject>
							</para>
						</entry>
						<entry>
							<para>Resize all columns to fit to length of contained entries</para>
						</entry>
					</row>

					<row>
						<entry>
							<para>
								<inlinemediaobject>
									<imageobject>
										<imagedata fileref="images/introspector/keepold.png"/>
									</imageobject>
								</inlinemediaobject>
								<inlinemediaobject>
									<imageobject>
										<imagedata fileref="images/introspector/removeold.png"/>
									</imageobject>
								</inlinemediaobject>
							</para>
						</entry>
						<entry>
							<para>Show / hide removed elements (e.g. finished plans)</para>
						</entry>
					</row>

					<row>
						<entry>
							<para>
								<inlinemediaobject>
									<imageobject>
										<imagedata fileref="images/introspector/litter2.png"/>
									</imageobject>
								</inlinemediaobject>
							</para>
						</entry>
						<entry>
							<para>Flush removed elements from memory</para>
						</entry>
					</row>

					<row>
						<entry>
							<para>
								<inlinemediaobject>
									<imageobject>
										<imagedata fileref="images/introspector/toggle_goalview.png"/>
									</imageobject>
								</inlinemediaobject>
								<inlinemediaobject>
									<imageobject>
										<imagedata fileref="images/introspector/toggle_planview.png"/>
									</imageobject>
								</inlinemediaobject>
							</para>
						</entry>
						<entry>
							<para>Toggle goalview / planview (only for goalbase tab)</para>
						</entry>
					</row>
				</tbody>
			</tgroup>
		</table>
		<para>
			The resize icon allows to auto-adjust the widths of the table columns
			to fit the	displayed content.
			The next two icons are concerned with the presentation of removed elements.
			Because the final state of a goal or a plan may be of interest
			after the goal has been dropped or the plan has terminated,
			the panels have an option not to remove those elements from the representation,
			but just visually mark them as removed.
			This is especially useful for debugging your agents,
			e.g. in conjunction with the debugger view described in the next section.
			To flush removed beliefs, goals and plans from the representation,
			you can use the waste bin icon.
		</para>
		<para>
			The last icon is only available in the goalbase panel.
			It allows to switch between the goalview and the planview representation
			of the agent's current goals.
			The goalview, shown by default, displays only the goals and goal
			references in the context of their containing capabilities.
			
			In the planview the global goal-plan hierarchy of the agent is
			displayed. This means that the causal relationships of the
			agent's goal structure are visible. Starting with some top-level
			element, which can be a top-level goal or plan, it is shown which
			subelements are connected with it, i.e. which plan is currently executed
			for a goal, which subgoal the plan has dispatched and so forth.
			
			<!-- The goals are arranged in the goal/subgoal hierarchy,
			i.e. a subgoal of a plan is shown as a subnode of the goal for which the plan is executed.
			Although this shows the goal hierarchy as expected,
			this is not how it is actually constructed inside the agent.
			The goalview hides that for each plan execution a process goal is created
			as a copy of the original goal.
			Subgoals dispatched by plans are actually created
			as subgoals of the process goal and not of the proprietary goal.
			For plans that are executed in reaction to internal or message events
			a dummy goal is created, which is also hidden in the goalview.  -->
			
			Both views are compared in <xref linkend="introspector.fig_goalview_planview"/>.
			In the planview you can see that the <literal>move_dest#11</literal> achieve 
			goal was actually created by a plan as a subgoal of the 
			<literal>carry_ore#1</literal> achieve goal.
		</para>

		<figure id="introspector.fig_goalview_planview">
			<title>Goalview and planview</title>
			<screenshot>
				<mediaobject>
					<imageobject>
						<imagedata fileref="images/introspector/introspector_goalplanview.jpg"/>
					</imageobject>
				</mediaobject>
			</screenshot>
		</figure>

	</section>

	<section id="introspector.debugger_panel">
		<title>Debugger Panel</title>
		<para>
			<inlinemediaobject>
				<imageobject>
					<imagedata fileref="images/introspector/bug_small.png"/>
				</imageobject>
			</inlinemediaobject>

			The debugger panel allows watching the internal
			processing inside an agent. The window is made up of the agenda area,
			the agenda control area in the middle and the details view at bottom (see
			<xref linkend="introspector.fig_debugger_panel"/>.
		</para>

		<figure id="introspector.fig_debugger_panel">
			<title>The Debugger Panel of Introspector</title>
			<screenshot>
				<mediaobject>
					<imageobject>
						<imagedata fileref="images/introspector/introspector_debugger.jpg"/>
					</imageobject>
				</mediaobject>
			</screenshot>
		</figure>
		<para>
			The agenda contains all current action entries of the agent,
			whereby entries in light-grey denote already processed actions.
			In addition it can be seen whether entries currently have
			a valid precondition and thus can subsequently be executed;
			otherwise they are marked as (invalid). Such invalid actions will not be executed,
			but just ignored by the execution mechanism.
			To see some more information about an agenda action you can
			double-click on it and inspect its values in the details view.
			In addition to observing the agent's internal behavior the tool also allows you
			to control the agenda execution by performing actions in step mode.
			If the execution mode is set to
			"step" or "cycle" you can use the
			"forward" button to execute as many steps as shown in the
			"execute &lt;n&gt; agenda actions" choice.
			The difference between step and cycle mode concerns only the execution
			of ProcessEventActions that are decomposed to finer-grained sub steps
			(FindApplicableCandidatesAction, SelectCandidatesAction and
			ScheduleCandidatesAction) when the
			"step" mode is activated.
			Therefore, the step mode allows you to examine the details of
			the BDI plan selection process what can be helpful in
			understanding and explaining unexpected application behavior.
			The "open steps" status bar shows the progress of the action execution
			by highlighting the number of steps the agent still has to perform
			whereas in the the "processing state" line it can be seen
			if a step is currently requested or has been finished.
		</para>

	</section>
</chapter>