<?xml version="1.0" encoding="UTF-8"?>
<!--<!DOCTYPE chapter PUBLIC "-//OASIS//DTD DocBook XML V4.1.2//EN"
"../docbook/dtd/docbookx.dtd" >-->
<chapter id="tools.intro">
	<title>Introduction</title>
	
	<para> 
		Jadex includes various tools for runtime and debugging activities as well as for
		development and documentation purposes. There are also some legacy tools developed with
		Jadex for the JADE platform.
	</para>
	
	<formalpara>
		<title>Jadex Runtime Tools</title>
		<para>
			<itemizedlist>
				<listitem>
					<para>
						<xref linkend="tools.controlcenter">Jadex Control Center</xref>.
						 The Control Center is the central access point for all
						runtime tools. It offers functionalities provided by
						 plug-ins in separate perspectives.
					</para>
				</listitem>
				<listitem>
					<para>
						<xref linkend="tools.starter">Agent Starter</xref>. The
						Starter plug-in offers a user-interface to administer the
						agents on the platform. It can be used to load, start and
						 kill selected agents.
					</para>
				</listitem>
				<listitem>
					<para>
						<xref linkend="tools.dfbrowser">DF Browser</xref>. The
						DF (Directory Facilitator) Browser plug-in offers a user-interface 
						to administer the service registrations on the platform. 
						It can be used to view and remove agent/service descriptions.
					</para>
				</listitem>
				<listitem>
					<para>
						<xref linkend="tools.conversationcenter">Conversation Center</xref>.
						 The Conversation Center can be used to compose messages in a user
						 interface and send them to agents directly.
					</para>
				</listitem>
				<listitem>
					<para>
						<xref linkend="tools.introspector">Jadex Introspector</xref>. The
						Introspector plug-in can be used to observe the internal state of agents
						 including their beliefs, goals and plans. It also includes a debugger
						 that allows to execute agents stepwise.
					</para>
				</listitem>
				<listitem>
					<para>
						<xref linkend="tools.tracer">Tracer Agent</xref>. The Tracer plug-in
						 may be used to visualize the internal processes of an agent at runtime
						 and show causal dependencies among agent's beliefs, goal, and plans. 
					</para>
				</listitem>
				<listitem>
					<para>
						<xref linkend="tools.testcenter">Test Center</xref>.
						 The Test Center can be used to assemble a test suite consisting
						 of a number of test cases. In the test center the test suite can
						 be executed and the results are made available as report.
					</para>
				</listitem>
				<listitem>
					<para>
						<xref linkend="tools.jadexdoc">Test Center</xref>.
						The documentation tool helps to create JavaDoc-like 
						documentation for Jadex agents.
					</para>
				</listitem>
				<listitem>
					<para>
						<xref linkend="tools.rma">JADE RMA-Plugin</xref>.
						The Remote Monitoring Agent (RMA)-Plugin makes available the functionality
						of the JADE RMA in the context of the JCC. The RMA basically facilitates
						the access to the JADE-specific runtime tools like e.g. the message sniffer.
						(only available if running Jadex on top of the JADE adapter).
					</para>
				</listitem>
			</itemizedlist>
		</para>
	</formalpara>
	
	<formalpara>
		<title>Jadex Development Tools</title>
		<para>
			<itemizedlist>
				<listitem>
					<para>
						<xref linkend="tools.beanynizer"/>. The
						Prot&#233;g&#233; plugin is handy
						with creating ontologies and converting them to
						Java bean classes.
					</para>
				</listitem>
			</itemizedlist>
		</para>
	</formalpara>
	
	<!-- <formalpara>
		<title>JADE-Specific Runtime Tools</title>
		<para>
			<itemizedlist>
				<listitem>
					<para><link linkend="tools.rma">Jadex RMA</link> The Remote Monitoring Agent
						can be used on the Jade platform to start and manage Jadex agents and
						other Jade-specific tools. From the Jadex RMA it is possible to start
						the Jadex Control Center per button-click if one wants to use the default
						Jadex runtime tools.
					</para>
				</listitem>
				<listitem>
					<para>
						<link linkend="tools.logger">Logger Agent</link>. The Logger collects,
						processes and visualizes all data send by agents using the
						<code>java.util.logging</code> API. It has been debeloped using JADE
						platform facilities and is therefore currently unavailble for the
						Standalone (and other) platforms.
					</para>
				</listitem>
			</itemizedlist>
		</para>
	</formalpara> -->
</chapter>
