<?xml version="1.0" encoding="UTF-8"?>
<!--<!DOCTYPE chapter PUBLIC "-//OASIS//DTD DocBook XML V4.1.2//EN"
"../docbook/dtd/docbookx.dtd" >-->
<chapter id="tools.jadexdoc">
	<title>Jadexdoc Tool</title>
	<para>
		The Jadexdoc Tool is a documentation tool similar to the Javadoc tool.
 		It provides the ability to generate HTML pages for
 		ADF (Agent Description File) documentation from Jadex source files.
 		The Jadexdoc tool parses the declarations and documentation comments
 		in a set of agent description files and produces a corresponding set of
		HTML pages describing the agents, capabilities, beliefs,
		goals, plans, events and expressions. You can use it to generate the ADF
		documentation or the implementation documentation for a set of agents and
		capabilities. The Jadexdoc tools can be run together with the Javadoc
		tool in order to document the agents as well as the used Java classes.
		Jadexdoc will use the generated Javadoc documentation and generate links for 
		the corresponding classes.
		You can run the Jadexdoc tool on entire packages, individual
		source files, or both. When documenting entire packages, you can either traverse
		recursively down from a top-level directory, or pass in an explicit list of
		package names. When documenting individual source files, you pass in a list of
		source (<filename>.agent.xml</filename> or <filename>.capability.xml</filename>)
 		filenames. 
	</para>

	<section id="jadexdoc.gui">
		<title>Graphical tool</title>
		<para>
 			The easiest way to use the Jadexdoc tool is via the plugin which
 			provides a gui simplifying the documentation task: 
 			
	 		<figure id="tools.jadexdoc.fig_overview">
				<title>Jadexdoc tool overview</title>
				<screenshot>
					<mediaobject>
						<imageobject>
							<imagedata fileref="images/jadexdoc/jadexdoc_overview.png"/>
						</imageobject>
					</mediaobject>
				</screenshot>
			</figure>
 			
 			There are three basic panels in this graphical tool. The model tree on the
 			left hand side, the package panel and the settings panel. They will be described
 			in detail below.
 		</para>
 		
 		<section id="jadexdoc.modeltree">
		<title>Model Tree</title>
			<para>
	 			On the left upper side there is the model tree which is already known 
	 			from other tools such as the starter tool (see 
	 			<xref linkend="tools.starter.modeltree"/>):
	 			
	 			<figure id="tools.jadexdoc.modeltree">
					<title>Model Tree</title>
					<screenshot>
						<mediaobject>
							<imageobject>
								<imagedata fileref="images/jadexdoc/model_tree.png"/>
							</imageobject>
						</mediaobject>
					</screenshot>
				</figure>
	 			
	 			With this panel you can manage adding packages or single files to your 
	 			selection of files of which you want to create the Javadoc/Jadexdoc. For
	 			this purpose the following actions are available via popup (and also
	 			partially via the tool bar above):
	 			<itemizedlist>
	 				<listitem>
	 					<para>
			 				<inlinemediaobject>
			 					<imageobject>
									<imagedata fileref="images/jadexdoc/new_add_package.png"/>
								</imageobject>
			 				</inlinemediaobject>
			 				For adding the selected package to the list of packages to document.
		 				</para>
	 				</listitem>
	 				<listitem>
	 					<para>
			 				<inlinemediaobject>
			 					<imageobject>
									<imagedata fileref="images/jadexdoc/new_add_all_packages.png"/>
								</imageobject>
			 				</inlinemediaobject>
			 				For adding the selected package and all recursivly contained subpackages 
			 				to the list of packages to document.
		 				</para>
	 				</listitem>
	 				<listitem>
	 					<para>
			 				<inlinemediaobject>
			 					<imageobject>
									<imagedata fileref="images/jadexdoc/new_remove_package.png"/>
								</imageobject>
			 				</inlinemediaobject>
			 				For removing the selected package to the list of packages to document.
		 				</para>
	 				</listitem>
	 				<listitem>
	 					<para>
			 				<inlinemediaobject>
			 					<imageobject>
									<imagedata fileref="images/jadexdoc/new_remove_all_packages.png"/>
								</imageobject>
			 				</inlinemediaobject>
			 				For removing the selected package and all recursivly contained subpackages 
			 				to the list of packages to document.
		 				</para>
	 				</listitem>
	 			</itemizedlist>
			</para>
		</section>
		
		<section id="jadexdoc.packages">
		<title>Package Selection Panel</title>
			<para>
	 			In the middle you can find a panel which displays selections of <quote>Packages</quote>, 
	 			<quote>Source Paths</quote>, <quote>Class Paths</quote> and <quote>URL Links</quote>:
	 			
	 			<figure id="tools.jadexdoc.packages">
					<title>The panel for adding packages etc.</title>
					<screenshot>
						<mediaobject>
							<imageobject>
								<imagedata fileref="images/jadexdoc/packages.png"/>
							</imageobject>
						</mediaobject>
					</screenshot>
				</figure>
	 		</para>
	 		
	 		<itemizedlist>
 				<listitem>
 					<para>
			 			The<quote>Packages</quote> tab shows the packages and files that should be documented 
			 			by the Jadexdoc and Javadoc tools.
	 				</para>
	 			</listitem>
	 			<listitem>
 					<para>
			 			In the <quote>Source Paths</quote> tab the path(s) to the sources of the 
			 			packages and files to document can be defined. In case of Jadexdoc source
			 			paths are normally not that important because the ADF files are contained in
			 			the "classes" folder, too. With respect to Javadoc source path are more
			 			important as Javadoc always needs the Java source files for accessing the
			 			Javadoc comments which are not present in the compiled classes any more.  
	 				</para>
	 			</listitem>
	 			<listitem>
	 				<para>
	 					In the <quote>Class Paths</quote> tab the class path can be edited. This
	 					can be done either by hand or by clicking on the <quote>Fetch</quote> button  
	 					which results in fetching the currently used class paths.
	 				</para>
	 			</listitem>
	 			<listitem>
	 				<para>
	 					If you finally choose the tab <quote>URL Links</quote> you can specify 
	 					locations you want to cross-link to in your doc-files. 
	 					If you click on fetch this will insert an entry for 
	 					the URL to the Standard JDK Java API. This will enable Javadoc and Jadexdoc
	 					to generate links for the standard Java classes such as String, Integer etc.
	 				</para>
	 			</listitem>
	 		</itemizedlist>
	 		
		</section>
		
		<section id="jadexdoc.settings">
		<title>Settings Panel</title>
			<para>
				On the right hand side you can find the settings panel, 
				where some detailed settings for Javadoc and Jadexdoc and be defined:
				
				<figure id="tools.jadexdoc.settings">
					<title>The settings panel</title>
					<screenshot>
						<mediaobject>
							<imageobject>
								<imagedata fileref="images/jadexdoc/settings.png"/>
							</imageobject>
						</mediaobject>
					</screenshot>
				</figure>
			</para>
			
			<itemizedlist>
 				<listitem>
 					<para>
			 			The "Include subpackes" check box can be used for automatically
			 			including subpackages. This means if this option is checked the
			 			tools will generate documentation for all selected packages (and files)
			 			and all of the recursively contained subpackages.	
	 				</para>
	 			</listitem>
	 			<listitem>
	 				<para>
	 					Via the "Output directory" textfield it can be defined to which
	 					directory the documentation should be generated.
						The standard output directory is the current directory.
						The <guibutton>"..."</guibutton> button can be used to select
						another appropriate target directory.
	 				</para>
	 			</listitem>
	 			<listitem>
	 				<para>
			 			The "Overview page" represents the top-level page for the
						whole generated documentation and contains information about
						the contained packages. The <guibutton>"..."</guibutton> button
 						can be used to select a custom overview HTML page. The overview
						page will only be included when the corresponding check box is
						selected.
	 				</para>
	 			</listitem>
	 			<listitem>
	 				<para>
	 					The "Document title" option can be used for specifying the title to 
	 					be placed near the top of the overview summary file. The title will 
	 					be placed as a centered, level-one heading directly beneath the upper 
	 					navigation bar. The title will only be included when the corresponding 
	 					check box is selected.
	 				</para>
	 			</listitem>
	 			<listitem>
	 				<para>
	 					The "Basic options" can be used to turn on/off several generation
						features. The hierarchy tree is a page containing agents and
						capabilities displayed in usage relationships. The navigation bar
						offers possibilities to refer to related documentation pages. It can
						be turned off if you are interested only in the content and have
						no need for navigation, e.g. when converting the files to PostScript
						or PDF for print only. The index holds an alphabetical list of elements.
						It can be adjusted with an options in a way that only one letter per
						page is generated.
	 				</para>
	 			</listitem>
	 			<listitem>
	 				<para>
	 					The "Generate Javadoc" check box can be used to turn on/off the
	 					invocation of the Javadoc tool.
	 				</para>
	 			</listitem>
	 			<listitem>
	 				<para>
	 					In the extra options text field an arbitrary number of additional
						Javadoc command line options can be specified.
	 				</para>
	 			</listitem>
	 			<listitem>
	 				<para>
	 					The "Javadoc program location" option allows for specifying the program
	 					location of the Javadoc tool, which belongs to the standard JDK edition.
	 					<!-- (If you don't want to set the location here you could also add the JDK
	 					tools.jar to the Java classpath.) -->
	 				</para>
	 			</listitem>
	 			<listitem>
	 				<para>
	 					The "Generate Jadexdoc" check box can be used to turn on/off the
	 					invocation of the Jadexdoc tool.
	 				</para>
	 			</listitem>
	 			<listitem>
	 				<para>
	 					In the extra options text field an arbitrary number of additional
						Jadexdoc command line options can be specified.
	 				</para>
	 			</listitem>
	 			<listitem>
	 				<para>
	 					The "Java program location" option allows for specifying the program
	 					location of the Java program (e.g. java.exe on Windows systems), 
	 					which belongs to the standard JDK edition and is required for the
	 					invocation of the Jadexdoc tool.
	 					<!-- (If you don't want to set the location here you could also add the JDK
	 					tools.jar to the Java classpath.) -->
	 				</para>
	 			</listitem>
	 		</itemizedlist>
			
			<para>
				During the documentation generation, there will appear an animated icon in the bottom 
				right corner. While running Javadoc, it shows a Java icon scanned by a red bar
				<inlinemediaobject>
 					<imageobject>
						<imagedata fileref="images/jadexdoc/new_javadoc_anim.gif"/>
					</imageobject>
 				</inlinemediaobject>
				, while running Jadexdoc, an icon with an agent scanned by a red bar is displayed
				<inlinemediaobject>
 					<imageobject>
						<imagedata fileref="images/jadexdoc/new_jadexdoc_anim.gif"/>
					</imageobject>
 				</inlinemediaobject>
				.
			</para>
		</section>
		
		<section id="jadexdoc.cons_output">
		<title>Console Output Panel</title>
			<para>
				The Jadexdoc and Javadoc tools both use the standard Java output and
				error streams (System.out and System.err) for printing out information
				about the generation progress. The console panel of the JCC allows
				for inspecting these outputs directly in the tool (see also <xref linkend="tools.controlcenter.usage"/>).
				
				<figure id="tools.jadexdoc.console_output">
					<title>The console output panel</title>
					<screenshot>
						<mediaobject>
							<imageobject>
								<imagedata fileref="images/jadexdoc/console_output.png"/>
							</imageobject>
						</mediaobject>
					</screenshot>
				</figure>
				
				On the top right of the console outputs, there are two buttons. With the left one, 
				you can turn on and off the console output during a run, with the right one you can 
				clear the console.
			</para>
		</section>
	</section>
	
	<section id="jadexdoc.synopsis">
		<title>Jadexdoc Commandline Usage</title>
		<para>
 			You can start the Jadexdoc tool from a console via:
		</para>
		<command>
			java jadex.tools.jadexdoc.Main [options] [packagenames] [sourcefilenames] [-subpackage pck1:..]
		</command>

		<!--<cmdsynopsis>
			<command>java jadex.tools.jadexdoc.Main</command>
			<arg>options</arg>
			<arg>packagenames</arg>
			<arg>sourcefilenames</arg>
			<arg>-subpackage
				<replaceable>pck1:..</replaceable>
			</arg>
		</cmdsynopsis>-->
		<formalpara>
			<title>Description</title>
			<para>
			   Arguments can be in any order. See processing of Source Files for details on how
			   the Jadexdoc tool determines which source files to process.
				<itemizedlist>
					<listitem>
						<formalpara>
							<title>options</title>
							<para>
								Command-line options, as specified in this document. The section options below
								contains examples of Jadexdoc options.
							</para>
						</formalpara>
					</listitem>

					<listitem>
						<formalpara>
							<title>packagenames</title>
							<para>
								A series of names of packages, separated by spaces, such as
								<option>jadex.examples jadex.planlib</option>.
								You must separately specify each package you want to document.
								Wildcards are not allowed; use <option>-subpackages</option> for recursion.
								For further details see the section <xref linkend="jadexdoc.options"/>.
							</para>
						</formalpara>
					</listitem>

					<listitem>
 						<formalpara>
							<title>sourcefilenames</title>
							<para>
								A series of source file names, separated by spaces, each of which can begin with
								a path and contain a wildcard such as asterisk (*). The Jadexdoc tool
								will process every file whose name ends with ".agent.xml" or
								".capability.xml".
							</para>
						</formalpara>
					</listitem>

					<listitem>
						<formalpara>
							<title>-subpackages <replaceable>pck1:pck2:...</replaceable></title>
							<para>
								Generates documentation from source files in the specified packages and
								recursively in their subpackages as an alternative to supplying packagenames or
								sourcefilenames.
							</para>
						</formalpara>
					</listitem>
				</itemizedlist>
			</para>
		</formalpara>

		<!-- <formalpara>
			<title>Generation Dialog</title>
			<para>
				It is also possible to start Jadexdoc via user interface. The command to start the user interface
				generation dialog (see <xref linkend="jadexdoc.generate"/>) is:
				<para>
					<command>
						java jadex.tools.jadexdoc.GenerateDialog
 					</command>
 				</para>
 				Another possibility to start the dialog is diectly from the Jadex Control Center.
				You can select an agent (or capability) or a package in the model explorer of the starter
 				perspective. Clicking in the toolbar the "Generate Jadexdoc" will open the dialog in
				which the generation settings can be specified.
				After successful generation a browser will be opened and the generated documentation is shown.
			</para>

			<para>
				<figure id="jadexdoc.generate">
					<title>Generate Jadexdoc Dialog</title>
					<screenshot>
						<mediaobject>
							<imageobject>
								<imagedata fileref="images/jadexdoc/generate.jpg"/>
							</imageobject>
						</mediaobject>
					</screenshot>
				</figure>
			</para>

			<para>
				The dialog offers several settings that can be adjusted before the generation is
				started via the <guibutton>Ok</guibutton> or <guibutton>Apply</guibutton> buttons.
				The documentation may take a while so the progress of the generation process is
				shown in the progress bar above the buttons.
				<itemizedlist>
					<listitem>
						<formalpara>
							<title>Whole project</title>
							<para>
								Documentation for the whole project and all contained packages will
								be created. This option is only available when the dialog is started
								from the Control Center.
							</para>
						</formalpara>
					</listitem>
					<listitem>
						<formalpara>
							<title>Selected Package</title>
							<para>
								Documentation for the selected package or file is generated. If the
								tool is started from the Control Center the currently selected
								package will be shown. If the dialog is started via command-line
								you can use the <guibutton>"..."</guibutton> button to select
								a file or directory to document.
							</para>
						</formalpara>
					</listitem>
					<listitem>
						<formalpara>
							<title>Include subdirectories</title>
							<para>
								If turned on all subpackages of the selected
								package are automatically included in the generation process.
							</para>
						</formalpara>
					</listitem>
					<listitem>
						<formalpara>
							<title>Output directory</title>
							<para>
								The standard output directory is the current directory.
								The <guibutton>"..."</guibutton> button can be used to select
								another appropriate target directory.
							</para>
						</formalpara>
					</listitem>
					<listitem>
						<formalpara>
							<title>Overview page</title>
							<para>
								The overview page represents the top-level page for the
								whole generated documentation and contains information about
								the contained packages. The <guibutton>"..."</guibutton> button
 								can be used to select a custom overview HTML page. The overview
								page will only be included when the corresponding check box is
								selected.
							</para>
						</formalpara>
					</listitem>
					<listitem>
						<formalpara>
							<title>Document title</title>
							<para>
								Specifies the title to be placed near the top of the overview summary
 								file. The title will be placed as a centered, level-one heading directly
 								beneath the upper navigation bar. The title will only be included when
 								the corresponding check box is selected.
							</para>
						</formalpara>
					</listitem>
					<listitem>
						<formalpara>
							<title>Basic options</title>
							<para>
								The basic options can be used to turn on/off several generation
								features. The hierarchy tree is a page containing agents and
								capabilities displayed in usage relationships. The navigation bar
 								offers possibilities to refer to related documentation pages. It can
 								be turned off if you are interested only in the content and have
 								no need for navigation, e.g. when converting the files to PostScript
 								or PDF for print only. The index holds an alphabetical list of elements.
								It can be adjusted with an options in a way that only one letter per
 								page is generated.
							</para>
						</formalpara>
					</listitem>
					<listitem>
						<formalpara>
							<title>Extra options</title>
							<para>
								In the extra options text field an arbitrary number of additional
								Jadexdoc command line options can be specified.
							</para>
						</formalpara>
					</listitem>
					<listitem>
						<formalpara>
							<title>Generate Javadoc and link to Jadexdoc</title>
							<para>
								If selected in a first run Javadoc will be invoked to
								produce the Javadoc documentation for the selected packages.
								In a second run Jadexdoc will additionally create the
								agent-related documentation and link it with the formerly
								produced class information.
							</para>
						</formalpara>
					</listitem>
					<listitem>
						<formalpara>
							<title>Link to J2SE online documentation</title>
							<para>
								If selected the generated documentation will
								be connected to the online Javadoc of the Java
								Development Kit 1.5.
							</para>
						</formalpara>
					</listitem>
					<listitem>
						<formalpara>
							<title>Link to J2SE online documentation</title>
							<para>
								If selected the generated documentation will
								be connected to the online Javadoc of the Java
								Development Kit 1.5.
							</para>
						</formalpara>
					</listitem>
					<listitem>
						<formalpara>
							<title>Open generated documentation in browser</title>
							<para>
								If selected the generated documentation (<filename>index.html</filename>)
 								will be opened in the default browser of the system.
							</para>
						</formalpara>
					</listitem>
				</itemizedlist>
			</para>
		</formalpara> -->

	</section>

	<section id="jadexdoc.srcs">
		<title>Source Files</title>
		<para>
			 The Jadexdoc tool will generate output originating from four different types of
			 "source" files: Agent and Capability source files, package comment
			 files, overview comment files, and miscellaneous unprocessed files.
		</para>
		<formalpara>
			<title>Processing of source files</title>
			<para>
				The Jadexdoc tool processes files that end with ".agent.xml" and ".capability.xml"
				plus other files described below. If you run the Jadexdoc tool by explicitly
				passing in individual source filenames, you can determine exactly which ADF
				files are processed. However, that is not how most developers want to work, as
				it is simpler to pass in package names.
			</para>
		</formalpara>

		<formalpara>
			<title>Package Comment Files</title>
			<para>
				Each package can have its own documentation comment, contained in its own
				"source" file, that the Jadexdoc tool will merge into the package
				summary page that it generates. You typically include in this comment any
				documentation that applies to the entire package.
			</para>
		</formalpara>

		<para>
			To create a package comment file, you must name it
			<filename>package.html</filename> and place it
			in the package directory in the source tree along with the agent description
			files. The Jadexdoc tool will automatically look for this filename in this
			location. Notice that the filename is identical for all packages.
		</para>

		<para>
			The content of the package comment file is one big documentation comment, written
 			in HTML, like all other comments. When writing the comment,
			you should make the first sentence a summary about the package, and not put a title
			or any other text between <computeroutput>&lt;body&gt;</computeroutput> and the
 			first sentence.
		</para>

		<para>
			When the Jadexdoc tool runs, it will automatically look for this file; if found,
			the Jadexdoc tool does the following:
			<itemizedlist>
				<listitem>
					<para>Copies all content between
						<computeroutput>&lt;body&gt;</computeroutput> and
						<computeroutput>&lt;/body&gt;</computeroutput> tags for
						processing.
					</para>
				</listitem>

				<listitem>
					<para>
						Inserts the processed text at the bottom of the package summary page it
						generates, as shown in Package Summary.
					</para>
				</listitem>

				<listitem>
					<para>
						Copies the first sentence of the package comment to the top of the package
						summary page. It also adds the package name and this first sentence to the list of
						packages on the overview page.
					</para>
				</listitem>
			</itemizedlist>
		</para>


		<formalpara>
			<title>Overview Comment File</title>
			<para>
				Each application or set of packages that you are documenting can have its own
				overview documentation comment, kept in its own "source" file, that
				the Jadexdoc tool will merge into the overview page that it generates. You
				typically include in this comment any documentation that applies to the entire
				application or set of packages.
			</para>
		</formalpara>

		<para>
			To create an overview comment file, you can name the file anything you want,
			typically <filename>overview.html</filename> and place it anywhere, typically at the top
 			level of the source tree. The content of the overview comment file is one big documentation comment,
			written in HTML, like the package comment file described previously.
			When you run the Jadexdoc tool, you specify the overview comment file name with
			the <option>-overview</option> option. The file is then processed similar to that of a package
			comment file.

			<itemizedlist>
				<listitem>
					<para>Copies all content between <computeroutput>&lt;body&gt;</computeroutput> and
						<computeroutput>&lt;/body&gt;</computeroutput> tags for processing.
					</para>
				</listitem>
				<listitem>
					<para>Inserts the processed text at the bottom of the overview page it generates.</para>
				</listitem>
				<listitem>
					<para>
 						Copies the first sentence of the overview comment to the top of the
						overview summary page.
					</para>
				</listitem>
			</itemizedlist>
		</para>

		<formalpara>
			<title>Miscellaneous Unprocessed Files</title>
			<para>
				You can also include in your source any miscellaneous files that you want the
				Jadexdoc tool to copy to the destination directory. These typically includes
				graphic files, example agent description files, and self-standing HTML files
				whose content would overwhelm the documentation comment of a normal agent
				description file.
			</para>
		</formalpara>

		<para>
			To include unprocessed files, put them in a directory called <filename>doc-files</filename> which
			can be a subdirectory of any package directory that contains source files. You can
			have one such subdirectory for each package. For example, if you want to include
			the image of a creature <filename>Creature.png</filename> in the
			<filename>jadex.examples.hunterprey.creature.CleverPrey</filename> agent documentation, you place
			that file in the <filename>jadex/examples/hunterprey/creature/doc-files/</filename> directory.
			Notice the <filename>doc-files</filename> directory should not be located at
			<filename>jadex/examples/doc-files/</filename> because <filename>examples</filename> does not
			directly contain any source files.
		</para>

		<para>
			All links to these unprocessed files must be hard-coded, because the Jadexdoc
			tool does not look at the files, it simply copies the directory and all its
			contents to the destination. For example, the link in the
			<filename>CleverPrey.agent.xml</filename>
			doc comment might look like:
			<para>
				<programlisting><![CDATA[
<!-- The image of the CleverPrey agent: <img src="doc-files/Creature.png"> -->]]></programlisting>
			</para>
		</para>

	</section>


	<section id="jadexdoc.out">
		<title>Generated Files</title>
		<para>
			By default, Jadexdoc uses a standard doclet that generates HTML-formatted
			documentation. This doclet generates the following kinds of files (where each
			HTML "page" corresponds to a separate file). Note that Jadexdoc
			generates files with two types of names:
			those named after agents/capabilities, and those that are not (such as
			<filename>package-summary.html</filename>).
			Files in the latter group contain hyphens to prevent
			filename conflicts with those in the former group.
		</para>
		<formalpara>
			<title>Basic Content Pages</title>
			<para>
				<itemizedlist>
					<listitem>
						<para>
							One agent (<filename>agentname.agent.html</filename>)
							or capability (<filename>capabilityname.capability.html</filename>)
 							page for each agent or capability is documented.
						</para>
					</listitem>
					<listitem>
						<para>
							One package page (<filename>package-summary.html</filename>)
							for each package it is documenting. The Jadexdoc tool will include any
							HTML text provided in a file named
							<filename>package.html</filename> in the package directory of the source tree.
						</para>
					</listitem>
					<listitem>
						<para>
							One overview page (<filename>overview-summary.html</filename>) for
							the entire set of packages.
							This is the front page of the generated document. The Jadexdoc tool will include
							any HTML text provided in a file specified with the
							<option>-overview</option> option. Note that this file is created only if you pass
							into Jadexdoc two or more package names.
						</para>
					</listitem>
				</itemizedlist>
			</para>
		</formalpara>

		<formalpara>
			<title>Cross-Reference Pages</title>
			<para>
				<itemizedlist>
					<listitem>
						<para>
							One <emphasis>agent/capability</emphasis> hierarchy page for the
							<emphasis>entire set of packages</emphasis> (<filename>overview-tree.html</filename>).
							To view this, click on "Overview" in the navigation bar, then click on
							"Tree".
						</para>
					</listitem>
					<listitem>
						<para>
							One <emphasis>agent/capability</emphasis> hierarchy page for <emphasis>each package</emphasis>
							(<filename>package-tree.html</filename>). To view this, go to a particular package, agent or
							capability page; click "Tree" to display the hierarchy for that package.
						</para>
					</listitem>
					<listitem>
						<para>
							An index (<filename>index-*.html</filename>) of all agent,
							capabilities, beliefs, plans, goals, events and expressions names,
							alphabetically arranged.
						</para>
					</listitem>
				</itemizedlist>
			</para>
		</formalpara>

		<formalpara>
			<title>Support Files</title>
			<para>
				<itemizedlist>
					<listitem>
						<para>
							A <emphasis>help page</emphasis> (<filename>help-doc.html</filename>) that
							describes the navigation bar and the above pages. You can provide your own custom help file to
							override the default using <option>-helpfile</option>.
						</para>
					</listitem>
					<listitem>
						<para>
							One <filename>index.html</filename> file
							which creates the HTML frames for display. This
							is the file you load to display the front page with frames. This file itself contains
							no text content. Several frame files (<filename>*-frame.html</filename>) containing lists of
							packages, agents and capabilities, used when HTML frames are being displayed.
						</para>
					</listitem>
					<listitem>
						<para>
 							A <emphasis>style sheet file</emphasis> (<filename>stylesheet.css</filename>)
 							that controls a limited amount of color, font family, font size, font style
 							and positioning on the generated pages.
						</para>
					</listitem>
					<listitem>
						<para>
 							A <filename>doc-files</filename> directory that holds any image, example,
 							source code or other files that you want copied to the destination directory.
						</para>
					</listitem>
				</itemizedlist>
			</para>
		</formalpara>

	</section>

	<section id="jadexdoc.comments">
		<title>Documentation Comments</title>
		<formalpara>
			<title>Commenting the Source Code</title>
			<para>
				You can include documentation comments in the agent description files, ahead of
				declarations for any agent, capability, plan, goal, event or expression, etc.
				You can also create comments for each package and another one for the overview,
				though their syntax is slightly different. The comments in the agent description
				files are regular xml-comments consisting of the characters between the
				characters <option>&lt;!-- that begin the comment and the characters --&gt;</option>
				that end it. The text in a comment can continue onto multiple lines.
			</para>
			<para>
				<programlisting><![CDATA[<!--
    This is the typical format of a simple documentation
    comment that spans multiple lines.
-->

<!-- To save space you can also put a comment on one line. -->]]></programlisting>
			</para>
		</formalpara>

		<formalpara>
			<title>Placement of comments</title>
			<para>
				Documentation comments are recognized only when placed immediately before agent,
				capability, belief, goal, plan, event or expression declarations. Only one
				documentation comment per declaration statement is recognized by the Jadexdoc
				tool.
				<programlisting><![CDATA[<!-- This is the comment for the agent 'MyAgent' -->
<agent name="MyAgent" package="jadex.examples.myagents">
    <beliefs>
        <!-- The comment for the belief 'MyBelief' -->
        <belief name="MyBelief" class="Object"/>
    </beliefs>
</agent>]]>		</programlisting>
			</para>
		</formalpara>

		<formalpara>
			<title>Comments are written in HTML</title>
			<para>
				The texts can be written in HTML, in that they should use
				HTML entities and can use HTML tags. You can
				use whichever version of HTML your browser supports. The
				bold HTML tag <computeroutput>&lt;b&gt;</computeroutput> is shown in the following example.
				<para>
					<programlisting><![CDATA[<!-- This is a <b>documentation</b> comment. -->]]></programlisting>
				</para>
			</para>
		</formalpara>

		<formalpara>
			<title>First sentence</title>
			<para>
				The first sentence of each documentation comment should be a summary sentence,
				containing a concise but complete description of the declared member. This
				sentence ends at the first period that is followed by a blank, tab, or line
				terminator. The Jadexdoc tool copies this first sentence to the member summary
				at the top of the HTML page. For convenience, Jadexdoc
				strips any html tags from this sentence, when it is displayed in a summary table.
			</para>
		</formalpara>
	</section>

	<section id="jadexdoc.options">
		<title>Options</title>
		<para>
			The Jadexdoc tool uses a standard doclet to determine its output. The Jadexdoc
			tool provides a set of command-line options that can be used with any doclet.
			These options are described below under the sub-heading
			<xref linkend="jadexdoc.options_jadexdoc"/>. The standard doclet provides an
 			additional set of command-line options that are described below under the
 			sub-heading Options Provided by the Standard Doclet. All option names are
 			case-insensitive, though their arguments can be case-sensitive.
		</para>

		<section id="jadexdoc.options_jadexdoc">
			<title>Jadexdoc Options</title>
			<para>
				<variablelist>
					<varlistentry>
						<term>
							<option>-subpackages
								<replaceable>pck1:pck2:...</replaceable>
							</option>
						</term>
						<listitem>
							<para>
								Generates documentation from source files in the specified packages and recursively
 								in their subpackages. This option is useful when adding new subpackages
								to the source code, as they are automatically included. Each package argument is
								any top-level subpackage (such as <classname>jadex</classname>) or fully qualified package (such as
								<classname>jadex.examples</classname>) that does not need to contain source files. Arguments are
								separated by colons (on all operating systems). Wildcards are not needed or allowed.
								<para>
									<command>
										java jadex.tools.jadexdoc.Main -d docs -subpackages
										jadex.examples.hunterprey:jadex.examples.cleanerworld
									</command>
								</para>
	                       		You can use <option>-subpackages</option> in conjunction with
								<option>-exclude</option> to exclude specific packages.
							</para>
						</listitem>
					</varlistentry>
					<varlistentry>
						<term>
							<option>-exclude
								<replaceable>pck1:pck2:...</replaceable>
							</option>
						</term>
						<listitem>
							<para>
								Unconditionally excludes the specified packages and their subpackages from the
								list formed by <option>-subpackages</option>. It excludes those packages even if they would
								otherwise be included by some previous or later <option>-subpackages</option> option.
								<para>
									<command>
										java jadex.tools.jadexdoc.Main -d docs
										-subpackages jadex
										-exclude jadex.planlib:jadex.examples.testcases
									</command>
								</para>
							</para>
						</listitem>
					</varlistentry>
					<varlistentry>
						<term>
							<option>-help</option>
						</term>
						<listitem>
							<para>
								Displays the online help, which lists these Jadexdoc and doclet command line
								options.
							</para>
						</listitem>
					</varlistentry>
					<varlistentry>
						<term>
							<option>-quiet</option>
						</term>
						<listitem>
							<para>
								Shuts off non-error and non-warning messages, leaving only the warnings and
								errors appear, making them easier to view. Also suppresses the version string.
							</para>
						</listitem>
					</varlistentry>
				</variablelist>
			</para>
		</section>

		<section id="jadexdoc.doclet_options">
			<title>Options Provided by the Standard Doclet</title>
			<para>
				<variablelist>
					<varlistentry>
						<term>
							<option>-d
								<replaceable>directory</replaceable>
							</option>
						</term>
						<listitem>
							<para>
								Specifies the destination directory where Jadexdoc saves the generated
								HTML files. Omitting this option
								causes the files to be saved to the current directory. The value directory can
								be absolute, or relative to the current working directory. The destination
								directory is automatically created when Jadexdoc is run. For example, the
								following generates the documentation for the package
								<classname>jadex.examples.testcases</classname>
								and saves the results in the <filename>user/doc</filename> directory:
								<command>
									java jadex.tools.jadexdoc.Main -d user/doc jadex.examples.testcases
								</command>
							</para>
						</listitem>
					</varlistentry>

					<varlistentry>
						<term>
							<option>-overview
								<replaceable>path/filename</replaceable>
							</option>
						</term>
						<listitem>
							<para>
								Specifies that Jadexdoc should retrieve the text for the overview documentation
								from the "source" file specified by <replaceable>path/filename</replaceable> and place it
								on the Overview page (<filename>overview-summary.html</filename>). While you can use any name you
								want for filename and place it anywhere you want for path, a typical thing to do
								is to name it <filename>overview.html</filename> and place it in the source tree at the directory
								that contains the topmost package directories. Note that the overview page is
								created only if you pass into Jadexdoc two or more package names. The title on
								the overview page is set by <option>-doctitle</option>.
							</para>
						</listitem>
					</varlistentry>
					<varlistentry>
						<term>
							<option>-splitindex</option>
						</term>
						<listitem>
							<para>
								Splits the index file into multiple files, alphabetically, one file per letter,
								plus a file for any index entries that start with non-alphabetical characters.
							</para>
						</listitem>
					</varlistentry>
					<varlistentry>
						<term>
							<option>-windowtitle
								<replaceable>title</replaceable>
							</option>
						</term>
						<listitem>
							<para>
								Specifies the title to be placed in the	HTML <computeroutput>&lt;title&gt;</computeroutput> tag.
								This appears in the window title and in any browser bookmarks (favorite places) that someone
								creates for this page. This title should not contain any HTML tags, as the
								browser will not properly interpret them. Any internal quotation marks within
								title may have to be escaped. If <option>-windowtitle</option> is omitted, the Jadexdoc tool uses
								the value of <option>-doctitle</option> for this option.
								<para>
								<command>
									java jadex.tools.jadexdoc.Main -windowtitle "Jadex Examples" jadex.examples
								</command>
								</para>
							</para>
						</listitem>
					</varlistentry>
					<varlistentry>
						<term>
							<option>-doctitle
								<replaceable>title</replaceable>
							</option>
						</term>
						<listitem>
							<para>
								Specifies the title to be placed near the top of the overview summary file. The
								title will be placed as a centered, level-one heading directly beneath the upper
								navigation bar. The title may contain html tags and white space, though if it
								does, it must be enclosed in quotes. Any internal quotation marks within title
								may have to be escaped.
								<para>
									<command>
										java jadex.tools.jadexdoc.Main -doctitle "&lt;b&gt;Jadex Agent Dokumentation&lt;b&gt;"
										jadex.examples.testcases
									</command>
								</para>
							</para>
						</listitem>
					</varlistentry>
					<varlistentry>
						<term>
							<option>-header
								<replaceable>header</replaceable>
							</option>
						</term>
						<listitem>
							<para>
								Specifies the header text to be placed at the top of each output file. The
								header will be placed to the right of the upper navigation bar.
								<replaceable>header</replaceable> may contain HTML tags
 								and white space, though if it does, it must be enclosed in quotes. Any internal
 								quotation marks within header may have to be escaped.
								<para>
									<command>
										java jadex.tools.jadexdoc.Main -header "&lt;b&gt;Jadex Platform&lt;/b&gt;&lt;br&gt;0.96"
 										jadex.examples.testcases
									</command>
								</para>
							</para>
						</listitem>
					</varlistentry>
					<varlistentry>
						<term>
							<option>-footer
								<replaceable>footer</replaceable>
							</option>
						</term>
						<listitem>
							<para>
								Specifies the footer text to be placed at the bottom of each output file. The
								footer will be placed to the right of the lower navigation bar. <replaceable>footer</replaceable> may
								contain html tags and white space, though if it does, it must be enclosed in quotes.
 								Any internal quotation  marks within footer may have to be escaped.
							</para>
						</listitem>
					</varlistentry>
					<varlistentry>
						<term>
							<option>-bottom
								<replaceable>text</replaceable>
							</option>
						</term>
						<listitem>
							<para>
								Specifies the text to be placed at the bottom of each output file. The text will
								be placed at the bottom of the page, below the lower navigation bar. The text
								may contain HTML tags and white space, though if it does, it must be enclosed in
								quotes. Any internal quotation marks within text may have to be escaped.
							</para>
						</listitem>
					</varlistentry>
					<varlistentry>
						<term>
							<option>-link
								<replaceable>extdocURL</replaceable>
							</option>
						</term>
						<listitem>
							<para>
								The <option>-link</option> option enables you to link to java classes referenced to by your members
 								in the agent description file. For these links to go to valid pages, you
								must know where those HTML pages are located, and specify that location with
								extdocURL. This allows, for instance, a jadex doc file to link to java.*
								documentation on <ulink role="external" url="http://java.sun.com"/>.
								When Jadexdoc is run without the <option>-link</option>
								option, when it encounters a java class, it prints the fully qualified name with
								no link. However, when the <option>-link</option> option is used, the Jadexdoc tool searches
								the <option>package-list</option> file at the specified <replaceable>extdocURL</replaceable> location for that
								package name. If it finds the package name, it creates a link to the external
								Javadoc location.
							</para>

							<para id="jadexdoc.extdocURL">
								<replaceable>extdocURL</replaceable> is the absolute or relative
								URL of the directory containing the external javadoc-generated
								documentation you want to link to. Examples are shown below. The package-list
								file must be found in this directory (otherwise, use <option>-linkoffline</option>).
								The Jadexdoc tool reads the package names from the
								package-list file and then links to those packages at that
								URL. When the Jadexdoc tool is run, the
								<replaceable>extdocURL</replaceable> value is copied literally into the
								&lt;A HREF&gt; links that are created. Therefore, <replaceable>extdocURL</replaceable> must be the
								URL to the directory, not to a file. You can use an absolute link for extdocURL
								to enable your docs to link to a document on any website, or can use a relative
								link to link only to a relative location. If relative, the value you pass in
								should be the relative path from the destination directory (specified with
								<option>-d</option>)
								to the directory containing the packages being linked to. In all cases, and on
								all operating systems, you should use a forward slash as the separator, whether
								the URL is absolute or relative, and "http:" or "file:"
								based (as specified in theURL Memo).
							</para>

							<para>
								Absolute
								<emphasis>http:</emphasis> based link:
								<para>
									<option>
										-link http://&lt;host&gt;/&lt;directory&gt;/&lt;directory&gt;/.../&lt;name&gt;
									</option>
								</para>

								Absolute
								<emphasis>file:</emphasis> based link:
								<para>
									<option>
										-link file://&lt;host&gt;/&lt;directory&gt;/&lt;directory&gt;/.../&lt;name&gt;
									</option>
								</para>

								Relative link:
								<para>
									<option>
										-link &lt;directory&gt;/&lt;directory&gt;/.../&lt;name&gt;
									</option>
								</para>
							</para>

							<para>
								You can specify multiple <option>-link</option> options in a given
 								Jadexdoc run to link to multiple documents.
							</para>

							<formalpara>
								<title>Choosing between <option>-linkoffline</option> and <option>-link</option></title>
								<para>
									Use <option>-link</option>: when using a relative path to the external API document,
									or when using an absolute URL to the external API document,
									if your shell allows a program to open a connection to that URL for reading.
								</para>
							</formalpara>

							<para>
								Use <option>-linkoffline</option>: when using an absolute
								URL to the external API document,
								if your shell does not allow a program to open a connection to that
								URL for reading. This can occur if
								you are behind a firewall and the document you want to link to is on
 								the other side.
							</para>

							<example>
								<title>Example using absolute links to the external docs</title>
								<para>
									Let's say you want to link to the Java 2 Platform packages at
									<ulink role="external" url="http://java.sun.com/javase/6/docs/api/"/>.
									The following command generates documentation for the package
									<option>jadex.examples</option>
									with links to the Java 2 Platform packages.
									<para>
										<command>
											java jadex.tools.jadexdoc.Main -link http://java.sun.com/javase/6/docs/api/
											-subpackages jadex.examples
										</command>
									</para>
								</para>
							</example>

							<example>
								<title>Example using relative links to the external docs</title>
								<para>
									Let's say you have user defined java packages whose docs are
 									generated with the Javadoc tool. Then you use the Jadexdoc tool to
 									document the corresponding agent description files and those docs
 									are separated by a relative path. In this example, the API
									(Application Programming Interface) packages reside in
									<filename>docs/api/jadex/examples</filename>
									and the ADF (agent description files) packages in
									<filename>docs/adf/jadex/examples</filename>.
									Assuming the API package documentation is already generated, and that docs is
									the current directory, you would document the ADF package with links to the API
									documentation by running:
									<para>
										<command>
 											java jadex.tools.jadexdoc.Main -d ../adf -link ../api -subpackages jadex.examples
										</command>
									</para>
								</para>
							</example>

							<para>
								The <option>-link</option> argument is relative to the destination directory.
								In order to avoid broken links, all of the documentation for the external references
								must exist at the specified URLs. The Jadexdoc tool will not check that
								these pages exist only that the package-list exists.
							</para>

							<formalpara>
								<title>Multiple Links</title>
								<para>
 									You can supply multiple <option>-link</option> options to link to any
									number of external generated documents. Specify a different link option for
									each external document to link to:
									<para>
										<command>
											java jadex.tools.jadexdoc.Main -link <replaceable>extdocURL1</replaceable>
 											-link <replaceable>extdocURL2</replaceable> ... -subpackages jadex.examples
										</command>
									</para>
									where <replaceable>extdocURL1</replaceable>, <replaceable>extdocURL2</replaceable>,
 									... point respectively to the roots of external documents, each of which contains a file named
									<filename>package-list</filename>.
								</para>
							</formalpara>

						</listitem>
					</varlistentry>
					<varlistentry>
						<term>
							<option>-linkoffline
								<replaceable>extdocURL packagelistLoc</replaceable>
							</option>
						</term>
						<listitem>
							<para>
								This option is a variation of <option>-link</option>; they both create links to javadoc-generated
								documentation for external referenced classes. Use the <option>-linkoffline</option> option
								when linking to a document on the web when the Javadoc tool itself is
								"offline" that is, it cannot access the document through a web
								connection.
							</para>
							<para>
								The <option>-linkoffline</option> option takes two arguments the first for the string to be
								embedded in the &lt;a href&gt; links, the second telling it where to find package-list:
								<itemizedlist>
									<listitem>
										<para>
											<replaceable>extdocURL</replaceable> is the absolute or relative
											URL of the directory containing the external javadoc-generated
 											documentation you want to link to. If relative, the value should be the relative path
 											from the destination directory (specified with <option>-d</option>)
											to the root of the packages being linked to. For more details, see
											<link linkend="jadexdoc.extdocURL">
												<replaceable>extdocURL</replaceable>
											</link> in the
											<option>-link</option> option.
										</para>
									</listitem>

									<listitem>
										<para>
											<replaceable>packagelistLoc</replaceable> is the path or
											URL to the directory containing the
											package-list file for the external documentation. This can be a
											URL (http: or file:) or file path, and can be absolute
 											or relative. If relative, make it relative to the current directory
 											from where Javadoc was run. Do not include the
											<filename>package-list</filename> filename.
										</para>
									</listitem>
								</itemizedlist>
								You can specify multiple <option>-linkoffline</option> options in a given
								Jadexdoc run.
							</para>
						</listitem>

					</varlistentry>
					<varlistentry>
						<term>
							<option>-group
								<replaceable>groupheading packagepattern:packagepattern:...</replaceable>
							</option>
						</term>
						<listitem>
							<para>
								Separates packages on the overview page into whatever groups you specify, one
								group per table. You specify each group with a different
								<option>-group</option> option. The groups appear on the page in the order specified
								on the command line; packages are alphabetized within a group. For a given
								<option>-group</option> option, the packages matching the list of packagepattern
 								expressions appear in a table with the heading
								<replaceable>groupheading</replaceable>.
							</para>

							<para>
								<replaceable>groupheading</replaceable> can be any text, and can include white
								space. This text is placed in the table heading for the group.
							</para>

							<para>
								<replaceable>packagepattern</replaceable> can be any package name, or can be the
								start of any package name followed by an asterisk (*). The asterisk is a wildcard
								meaning "match any characters". This is the only wildcard allowed. Multiple
								patterns can be included in a group by separating them with colons (:).
								<para>
									If using an asterisk in a pattern or pattern list, the pattern list must be
									inside quotes, such as "jadex.examples*"
								</para>
								If you do not supply any <option>-group</option> option, all packages are placed in one group
								with the heading <emphasis>Packages</emphasis>. If the groups do not include all
								documented packages, any leftover packages appear in a separate group with the heading
								<emphasis>Other Packages</emphasis>.
								<para>
									<command>
										java jadex.tools.jadexdoc.Main -group "Core Packages" "jadex.planlib"
     									-group "Hunterprey Packages" "jadex.examples.hunterprey*" -subpackages jadex.examples
									</command>
								</para>
							</para>
						</listitem>
					</varlistentry>
					<varlistentry>
						<term>
							<option>-notree</option>
						</term>
						<listitem>
							<para>
								Omits the agent/capability hierarchy pages from the generated docs. These are
								the pages you reach using the "Tree" button in the navigation bar. The
								hierarchy is produced by default.
							</para>
						</listitem>
					</varlistentry>
					<varlistentry>
						<term>
							<option>-noindex</option>
						</term>
						<listitem>
							<para>
                         		Omits the index from the generated docs. The index is produced by default.
							</para>
						</listitem>
					</varlistentry>
					<varlistentry>
						<term>
							<option>-nohelp</option>
						</term>
						<listitem>
							<para>
								Omits the "Help" link in the navigation bars at the top and bottom of each page of output.
							</para>
						</listitem>
					</varlistentry>
					<varlistentry>
						<term>
							<option>-nonavbar</option>
						</term>
						<listitem>
							<para>
								Prevents the generation of the navigation bar, header and footer, otherwise
								found at the top and bottom of the generated pages. Has no affect on the
								"bottom" option. The <option>-nonavbar</option> option is useful when you are
								interested only in the content and have no need for navigation.
							</para>
						</listitem>
					</varlistentry>
					<varlistentry>
						<term>
							<option>-helpfile
								<replaceable>path/filename</replaceable>
							</option>
						</term>
						<listitem>
							<para>
								Specifies the path of an alternate help file <replaceable>path/filename </replaceable>that the
								"Help" link in the top and bottom navigation bars link to. Without this option,
								the Jadexdoc tool automatically creates a help file <filename>help-doc.html</filename>.
								This option enables you to override this default. The filename can be any name.
								The Jadexdoc tool will adjust the links in the navigation bar accordingly.
								<para>
									<command>
										java jadex.tools.jadexdoc.Main -helpfile C:\user\myhelp.html -subpackages jadex.examples
									</command>
								</para>

							</para>
						</listitem>
					</varlistentry>
					<varlistentry>
						<term>
							<option>-stylesheetfile
								<replaceable>path/filename</replaceable>
							</option>
						</term>
						<listitem>
							<para>
								Specifies the path of an alternate HTML stylesheet file. Without this option,
								the Jadexdoc tool automatically creates a stylesheet file <filename>stylesheet.css</filename>. This
								option enables you to override this default. The filename can be any name.
								<para>
								<command>
									java jadex.tools.jadexdoc.Main -stylesheetfile C:\user\mystylesheet.css
     								-subpackages jadex.examples
								</command>
								</para>
							</para>
						</listitem>
					</varlistentry>
					<varlistentry>
						<term>
							<option>-docfilessubdirs</option>
						</term>
						<listitem>
							<para>
								Enables deep copying of "doc-files" directories. In other words,
								subdirectories and all contents are recursively copied to the destination. For
								example, the directory
								<filename>doc-files/example/images</filename> and all its contents would now
								be copied. There is also an option to exclude subdirectories.
							</para>
						</listitem>
					</varlistentry>
					<varlistentry>
						<term>
							<option>-excludedocfilessubdir
								<replaceable>name1:name2...</replaceable>
							</option>
						</term>
						<listitem>
							<para>
								Excludes any
								<filename>doc-files</filename> subdirectories with the given names.
							</para>
						</listitem>
					</varlistentry>
					<varlistentry>
						<term>
							<option>-noqualifier
								<replaceable>all | packagename1:packagename2:...</replaceable>
							</option>
						</term>
						<listitem>
							<para>
								Omits qualifying package name from ahead of agent/capability
								<replaceable>and</replaceable>
								class/interface names in output. The argument to
								<option>-noqualifier</option> is either
								<option>all</option> (all package qualifiers are omitted) or a colon-separated list of
								packages, with wildcards, to be removed as qualifiers. The package name is
								removed from places where agent/capability or class/interface names appear.
							</para>
						</listitem>
					</varlistentry>
					<varlistentry>
						<term>
							<option>-nocomment</option>
						</term>
						<listitem>
							<para>
								Suppress the entire comment body, including the main description, generating
								only declarations.
							</para>
						</listitem>
					</varlistentry>
				</variablelist>
			</para>
		</section>
	</section>
</chapter>