<?xml version="1.0" encoding="UTF-8"?>
<!DOCTYPE book PUBLIC "-//OASIS//DTD DocBook XML V4.1.2//EN"
"../../docbook/dtd/docbookx.dtd" 
[
<!ENTITY intro              SYSTEM "intro.xml">

<!ENTITY controlcenter      SYSTEM "controlcenter.xml">
<!ENTITY starter            SYSTEM "starter.xml">
<!ENTITY dfbrowser          SYSTEM "dfbrowser.xml">
<!ENTITY conversationcenter SYSTEM "conversationcenter.xml">
<!ENTITY introspector       SYSTEM "introspector.xml">
<!ENTITY tracer             SYSTEM "tracer.xml">
<!ENTITY testcenter			SYSTEM "testcenter.xml">
<!ENTITY jadexdoc           SYSTEM "jadexdoc.xml">

<!ENTITY beanynizer         SYSTEM "beanynizer.xml">


<!ENTITY rma                SYSTEM "rma.xml">
<!ENTITY logger             SYSTEM "logger.xml">

<!ENTITY bib                SYSTEM "../bib.xml">

<!ENTITY release            SYSTEM "../release.tmp">
<!ENTITY releasedate        SYSTEM "../releasedate.tmp">
]
>
<book id="top">
	<bookinfo>
		<title>Jadex - The BDI Reasoning Engine</title>

		<subtitle>Java Help</subtitle>

		<releaseinfo>Release &release;</releaseinfo>
		<date>&releasedate;</date>
		<date><ulink url="http://vsis-www.informatik.uni-hamburg.de/projects/jadex/">http://vsis-www.informatik.uni-hamburg.de/projects/jadex/</ulink></date>
		
		<authorgroup>
			<author>
				<firstname>Alexander</firstname>
				<surname>Pokahr</surname>
			</author>

			<author>
				<firstname>Lars</firstname>
				<surname>Braubach</surname>
			</author>

			<!-- <author>
				<firstname>Rüdiger</firstname>
				<surname>Leppin</surname>
			</author>

			<author>
				<firstname>Andrzej</firstname>
				<surname>Walczak</surname>
			</author> -->
		</authorgroup>

		<corpname>
			Distributed Systems Group
		</corpname>
		<corpname>
			University of Hamburg, Germany
		</corpname>
		<corpname>
			<ulink role="external" url="http://vsis-www.informatik.uni-hamburg.de">http://vsis-www.informatik.uni-hamburg.de</ulink>
		</corpname>

		<legalnotice>
			<para>
				<emphasis>
				If you have support questions about Jadex please use the
				<ulink url="http://sourceforge.net/forum/forum.php?forum_id=274112">sourceforge help forum</ulink>
				and <ulink url="http://sourceforge.net/mail/?group_id=80240">mailing list</ulink> for that purpose
				(available at <ulink url="http://sourceforge.net/projects/jadex/">http://sourceforge.net/projects/jadex/</ulink>).
				</emphasis>
			</para>
		</legalnotice>

	</bookinfo>

	&intro;
	
	&controlcenter;
	&starter;
	&dfbrowser;
	&conversationcenter;
	&introspector;
	&tracer;
	&testcenter;
    &jadexdoc;
    
    &beanynizer;

    &rma;
    <!-- &logger; -->
	
	&bib;

</book>