<?xml version="1.0" encoding="UTF-8"?>
<!--<!DOCTYPE chapter PUBLIC "-//OASIS//DTD DocBook XML V4.1.2//EN"
"../docbook/dtd/docbookx.dtd" >-->
<appendix id="tools.logger">
	<title>Logger</title>

	<para>
		<inlinemediaobject>
			<imageobject>
				<imagedata fileref="images/logger/logger.png"/>
			</imageobject>
		</inlinemediaobject>
 		The Logger Agent, available from the RMA's tools
		menu, allows viewing log messages generated by other agents. There are three
		main aspects described below. First there is a brief description of the
		Logger Agent's functionality. The next section specifies how to customize
		JADE and Jadex agents to generate observable log messages and finally it is
		shown how to use the Logger Agent to view log messages from observed
		agents.
	</para>

	<section id="logger.overview">
		<title>Logging Overview</title>

		<para>The implementation of the Logger Agent is based on The
			Java Logging API (
			<code>java.util.logging</code>). Agents make logging calls on
			<code>Logger</code> objects. These objects allocate
			<code>LogRecord</code>
			objects which are passed to notifier agents via special
			<code>Handler</code> objects on demand. The notifier agents themselves are
			responsible for sending an appropriate ACL message to the Logger Agent for
			displaying the log message.
		</para>

		<para>
			Both loggers and handlers may use logging levels to decide if they
			are interested in a particular log record. The level gives a rough guide
			to the importance and urgency of a log message. The Level class defines
			seven standard log levels, ranging from FINEST (the lowest priority) to
			SEVERE (the highest priority).
 		</para>

		<para>
			Loggers are organized in a hierarchical namespace and child loggers
			may inherit some logging properties from their parents in the namespace.
			Loggers are normally named entities, using dot-separated names such as
			java package names, but for the agent's purpose they are just named like
			the agents themselves. Therefore the only parent from which the loggers
			may inherit logging properties is the root logger (named ""). But Loggers
			may also be configured to ignore handlers higher up the tree.
		</para>

		<para>
			There is a default logging configuration that ships with the Java
			Runtime Environment, and it can be overridden by software vendors, system
			admins, and end users. The default configuration establishes a single
			handler on the root logger for sending output to the console with log
			levels INFO and higher.
		</para>

		<para>
			The Logger class provides a large set of methods for generating log
			messages. For convenience, there are methods for each logging level, named
			after the logging level. There are also methods that take an explicit
			source class name and source method name to quickly locate the source of
			any given logging message. Methods without it make a "best effort" to
			determine which class and method has called it and will add this
			information into the log record. For further details on
			Java Logging APIs see the corresponding
			<ulink
				role="external"
				url="http://java.sun.com/j2se/1.5.0/docs/guide/logging/overview.html">documentation</ulink>.
		</para>
	</section>

	<section id="logger.message">
		<title>Generate Log Messages</title>

		<para>
 			The generation of log messages with Jadex agents is quite easy.
			First you need a reference to the agent's
			<code>Logger</code> object that
			can be acquired from an agent's plan helper method. On this object you can
			call logging methods with an associated log level.
		</para>

		<programlisting>
// get the agent's logger
Logger logger= this.getLogger();
// Log simple INFO message
logger.log(Level.INFO, "doing stuff");
		</programlisting>

		<para>
			For customizing purpose you can define logging properties in the
			agent description file (ADF). You can set the log level for the agent's
			logger object and specify if it should inherit the logging properties of
			the root logger.
		</para>

		<programlisting>
&lt;properties&gt;
&lt;!-- Request all Details --&gt;
&lt;property name = "logging.level"&gt;Level.ALL&lt;/property&gt;
&lt;!-- use Handlers of parent (root) logger --&gt;
&lt;property name = "logging.useParentHandlers"&gt;true&lt;/property&gt;
&lt;/properties&gt;
		</programlisting>

		<para>
			For JADE agents there are neither helper methods to get the agent's
			logger object nor customizing possibilities using property files. But
			anyways, it is quite simple to use the logging functionality from JADE
			agents. The following example explains how to use logging methods in
			JADE.
		</para>

		<programlisting>
// get logger with agent's name
String name = getName();
logger = Logger.getLogger(name);
// Request all Details
logger.setLevel(Level.ALL);
// use Handlers of parent (root) logger
logger.setUseParentHandlers(true);
// Log simple INFO message
logger.log(Level.INFO, "doing stuff");
		</programlisting>

		<para>
			For examples of agents with logging functionality see code provided in the
			<filename>src/examples/logging directory</filename>.
		</para>
	</section>

	<section id="logger.viewing">
		<title>View Log Messages</title>

		<para>
			The usage of the Logger Agent is similar to the JADE Sniffer Agent.
			The Logger Agent can be started either from the tools menu of the
			<link linkend="tools.rma">RMA</link> or from the command line as follows:
			<cmdsynopsis>
				<command>java jade.Boot</command>

				<arg choice="req">logger:jadex.tools.logger.Logger</arg>
			</cmdsynopsis>
		</para>

		<para>
			The main window contains four distinct areas, separated by
			adjustable split panels (cf.
			<xref linkend="logger.fig_main_frame"/>) .
			On the left hand side there is the Selection Agents Window showing the
			available agents on the platform. This is the place where you can choose
			the agents you want to observe. Observed agent are presented in the Agent
			List Window below.
		</para>

		<figure id="logger.fig_main_frame">
			<title>Main frame of Introspector</title>

			<screenshot>
				<mediaobject>
					<imageobject>
						<imagedata fileref="images/logger/screenshot.png"/>
					</imageobject>
				</mediaobject>
			</screenshot>
		</figure>

		<para>
			When the user decides to log an agent every log message is tracked
			and displayed in the Log Table on the upper right hand side. The table's
			columns showing the properties of each log message created by observed
			agents. You can adjust column widths by resizing the table's header cells
			or double-clicking on the right end of them. A right click on the table's
			header provides a pop-up menu that allows making individual columns
			visible or invisible. Sorting is activated by clicking on a column header
			cell. The sort order is indicated by a little arrow. Following data of the
			log messages are presented in the Log Table. Some of them are suppressed
			by default:
			<variablelist>
				<varlistentry>
					<term>
						<emphasis>Sequence </emphasis>
					</term>

					<listitem>
						<para>
							The sequence property will be initialized with a unique
							value. Note that these sequence values are allocated in increasing
							order within a virtual machine (VM), so observing different agents
							on different containers or platforms may produce duplicated values
							in the table.
						</para>
					</listitem>
				</varlistentry>

				<varlistentry>
					<term>
						<emphasis>Date/Time </emphasis>
					</term>

					<listitem>
						<para>
							The date/time property will be initialized to the current
							time when the log message is created.
						</para>
					</listitem>
				</varlistentry>

				<varlistentry>
					<term>
						<emphasis>Log-Level </emphasis>
					</term>

					<listitem>
						<para>The given log level for the log message.</para>
					</listitem>
				</varlistentry>

				<varlistentry>
					<term>
						<emphasis>Agent </emphasis>
					</term>

					<listitem>
						<para>The source agent's name.</para>
					</listitem>
				</varlistentry>

				<varlistentry>
					<term>
						<emphasis>Message </emphasis>
					</term>

					<listitem>
						<para>The message text.</para>
					</listitem>
				</varlistentry>

				<varlistentry>
					<term>
						<emphasis>Source-Class </emphasis>
					</term>

					<listitem>
						<para>The class name that called into the logging framework.</para>
					</listitem>
				</varlistentry>

				<varlistentry>
					<term>
						<emphasis>Source-Method </emphasis>
					</term>

					<listitem>
						<para>The method name that called into the logging framework.</para>
					</listitem>
				</varlistentry>

				<varlistentry>
					<term>
						<emphasis>Thread-ID </emphasis>
					</term>

					<listitem>
						<para>The thread ID property will be initialized with a unique ID for the current thread.</para>
					</listitem>
				</varlistentry>
			</variablelist>
		</para>

		<para>
			The main intention of building the Logger Agent was the ability to
			provide filter techniques for customizing the view of log messages.
			Underneath the Log Table you can find the Filter Table which is visually
			synchronized in terms of column widths and visibility. For each column you
			can define one or more filter expressions. Any expression in a row is
			combined with the boolean AND operator and the rows are combined with the
			boolean OR operator. The whole boolean like expression is displayed in the
			text field above the table. A single filter expressions is a
			regular-expression which is matched against the data in the corresponding
			column. Regular-expressions are case-sensitive and there are several
			constructs to build patterns. A summary of regular-expression constructs
			can be found in the
			<ulink role="external" url="http://java.sun.com/j2se/1.5.0/docs/api/java/util/regex/Pattern.html">java.util.regex.Pattern class</ulink>.
 			For a short summary consult <xref linkend="logger.tbl_regex"/>
		</para>

		<table id="logger.tbl_regex">
			<title>Summary of Regular Expressions</title>

			<tgroup cols="2">
				<colspec colname="c1" colwidth="80"/>
				<colspec colname="c2" colwidth="250"/>

				<thead>
					<row>
						<entry>Construct</entry>

						<entry>Matches</entry>
					</row>
				</thead>

				<tbody>
					<row>
						<entry>
							<literal>x</literal>
						</entry>

						<entry>The character
							<literal>x</literal>
						</entry>
					</row>

					<row>
						<entry>
							<code>[abc]</code>
						</entry>

						<entry>
							<code>a</code>,
							<code>b</code>, or
							<code>c</code> (simple class)
						</entry>
					</row>

					<row>
						<entry>
							<code>[^abc]</code>
						</entry>

						<entry>Any character except
							<code>a</code>,
							<code>b</code>, or
							<code>c</code> (negation)
						</entry>
					</row>

					<row>
						<entry>
							<code>[a-zA-Z]</code>
						</entry>

						<entry>
							<code>a</code> through
							<code>z</code> or
							<code>A</code>
            through
							<code>Z</code>, inclusive (range)
						</entry>
					</row>

					<row>
						<entry>
							<code>.</code>
						</entry>

						<entry>Any character (may or may not match line terminators)</entry>
					</row>

					<row>
						<entry>
							<code>\d</code>
						</entry>

						<entry>A digit:
							<code>[0-9]</code>
						</entry>
					</row>

					<row>
						<entry>
							<code>\s</code>
						</entry>

						<entry>A whitespace character:
							<code>[
            \t\n\x0B\f\r]</code>
						</entry>
					</row>

					<row>
						<entry>
							<code>\w</code>
						</entry>

						<entry>A word character:
							<code>[a-zA-Z_0-9]</code>
						</entry>
					</row>

					<row>
						<entry>
							<literal>X</literal>
							<code>?</code>
						</entry>

						<entry>
							<literal>X</literal>, once or not at all
						</entry>
					</row>

					<row>
						<entry>
							<literal>X</literal>
							<code>*</code>
						</entry>

						<entry>
							<literal>X</literal>, zero or more times
						</entry>
					</row>

					<row>
						<entry>
							<literal>X</literal>
							<code>+</code>
						</entry>

						<entry>
							<literal>X</literal>, one or more times
						</entry>
					</row>

					<row>
						<entry>
							<literal>XY</literal>
						</entry>

						<entry>
							<literal>X</literal> followed by
							<literal>Y</literal>
						</entry>
					</row>

					<row>
						<entry>
							<literal>X</literal>
							<code>|</code>
							<literal>Y</literal>
						</entry>

						<entry>Either
							<literal>X</literal> or
							<literal>Y</literal>
						</entry>
					</row>

					<row>
						<entry align="center" nameend="c2" namest="c1">Examples of regular-expressions</entry>
					</row>

					<row>
						<entry>
							<literal>LogAgent.*</literal>
						</entry>

						<entry>Any agent with the name starting with
							<literal>LogAgent.</literal>
						</entry>
					</row>

					<row>
						<entry>
							<literal>LogAgent\d+.*</literal>
						</entry>

						<entry>
 							Any agent with the name starting with LogAgent followed by
            				one or more digits and maybe some more arbitrary characters.
 						</entry>
					</row>
				</tbody>
			</tgroup>
		</table>

		<para>
			At the very bottom of the main window a Preload List input field is
			provided. It can be filled with a list of preload descriptions separated
			by a semicolon. Each description consists of an agent name match string.
			If there is no @ in the agent name, it assumes the current HAP for it.
			There are two characters with special significance. The '?' is a wild-card
			for any character. And the '*' for any substring (one ore more
			characters).
			<literallayout>
    LogAgent1;LogAgent2
    LogAgent*
    *
			</literallayout>
		</para>

		<para>
 			The same functionality is provided via command line arguments for the Logger Agent.
			<cmdsynopsis>
				<command>java jade.Boot</command>

				<arg choice="req">logger:jadex.tools.logger.Logger(LogAgent*)</arg>
			</cmdsynopsis>
		</para>

		<para>A property file called
			<filename>logger.properties</filename> may
			also be used to control the logger properties. It is looked for in the
			current directory, and if not found, the agent looks in the parent
			directory and continues this until the file is either found or there isn't
			a parent directory. Note that any changes to the Preload List in the GUI
			won't change the preload property in the file.
			<literallayout>
    Preload=LogAgent1;LogAgent2
			</literallayout>
		</para>

		<para>
 			The main window has a toolbar with further options to customize the
			view of log messages. Although the most buttons are rather self explaining
			here is a short description of every item.
			<table align="center"
				id="logger.tbl_toolbar" rules="none" width="300">
				<title>Main Window Toolbar</title>

				<tgroup cols="2">
					<colspec align="center" colwidth="30"/>
					<colspec align="left" colwidth="250"/>

					<tbody>
						<row>
							<entry>
								<para>
									<inlinemediaobject>
										<imageobject>
											<imagedata fileref="images/logger/litter.png"/>
										</imageobject>
									</inlinemediaobject>
								</para>
							</entry>

							<entry>Clears the Log Table erasing all the data stored in memory.</entry>
						</row>

						<row>
							<entry>
								<para>
									<inlinemediaobject>
										<imageobject>
											<imagedata fileref="images/logger/textfile.png"/>
										</imageobject>
									</inlinemediaobject>
								</para>
							</entry>

							<entry>Writes a semicolon-separated text file with all the log
              					messages appearing in the Log Table.</entry>
						</row>

						<row>
							<entry>
								<para>
									<inlinemediaobject>
										<imageobject>
											<imagedata fileref="images/logger/bullet1.png"/>
										</imageobject>
									</inlinemediaobject>
								</para>
							</entry>

							<entry>Starts logging the selected agent(s) from the Selection
              					Agents Window.</entry>
						</row>

						<row>
							<entry>
								<para>
									<inlinemediaobject>
										<imageobject>
											<imagedata fileref="images/logger/bullet2.png"/>
										</imageobject>
									</inlinemediaobject>
								</para>
							</entry>

							<entry>Stops logging the selected agent(s) from the Selection Agents Window.</entry>
						</row>

						<row>
							<entry>
								<para>
									<inlinemediaobject>
										<imageobject>
											<imagedata fileref="images/logger/filter.png"/>
										</imageobject>
									</inlinemediaobject>
								</para>
							</entry>

							<entry>Enables or disables the filter provided by the Filter Table.</entry>
						</row>

						<row>
							<entry>
								<para>
									<inlinemediaobject>
										<imageobject>
											<imagedata fileref="images/logger/editfilter.png"/>
										</imageobject>
									</inlinemediaobject>
								</para>
							</entry>

							<entry>Shows or hides the Filter Table to maximize the space for the Log Table.</entry>
						</row>

						<row>
							<entry>
								<para>
									<inlinemediaobject>
										<imageobject>
											<imagedata fileref="images/logger/removefilter.png"/>
										</imageobject>
									</inlinemediaobject>
								</para>
							</entry>

							<entry>Clears all the data appearing in the Filter Table.</entry>
						</row>

						<row>
							<entry>
								<para>
									<inlinemediaobject>
										<imageobject>
											<imagedata fileref="images/logger/pause.png"/>
										</imageobject>
									</inlinemediaobject>
								</para>
							</entry>

							<entry>
								Pauses or resumes the displaying of new log messages. If
								displaying is paused new log messages will be tracked and stored
								in memory. The new data will be added to the Log Table at once
								if displaying is resumed.
							</entry>
						</row>

						<row>
							<entry>
								<para>
									<inlinemediaobject>
										<imageobject>
											<imagedata fileref="images/logger/autoscroll.png"/>
										</imageobject>
									</inlinemediaobject>
								</para>
							</entry>

							<entry>
								If autoscroll is enabled every new log message added to
								the Log Table will be selected and the table will scroll to the
								region making the new data visible.
							</entry>
						</row>

						<row>
							<entry>
								<para>
									<inlinemediaobject>
										<imageobject>
											<imagedata fileref="images/logger/resize.png"/>
										</imageobject>
									</inlinemediaobject>
								</para>
							</entry>

							<entry>Automatically adjusts all column widths to fit the data in the table.</entry>
						</row>

						<row>
							<entry>
								<para>
									<inlinemediaobject>
										<imageobject>
											<imagedata fileref="images/logger/connect.png"/>
										</imageobject>
									</inlinemediaobject>
								</para>
							</entry>

							<entry>
								This action allows getting the description of a remote
								Agent Platform via the remote AMS. After that right click on the
								added platform in the Agent Selection Window and Refresh Agent
								List to view the agents on the target platform. This makes it
								possible to log agents even from a remote Platform.
							</entry>
						</row>

						<row>
							<entry>
								<para>
									<inlinemediaobject>
										<imageobject>
											<imagedata fileref="images/logger/exit.png"/>
										</imageobject>
									</inlinemediaobject>
								</para>
							</entry>

							<entry>Closes the GUI and kills the Logger Agent.</entry>
						</row>
					</tbody>
				</tgroup>
			</table>
		</para>
	</section>
</appendix>