<?xml version="1.0" encoding="UTF-8"?>
<!--<!DOCTYPE chapter PUBLIC "-//OASIS//DTD DocBook XML V4.1.2//EN"
"../docbook/dtd/docbookx.dtd" >-->
<appendix id="tools.rma">
	<title>JADE RMA Plugin<!-- Jadex Remote Monitoring Agent--></title>
	<para>
		<inlinemediaobject>
			<imageobject>
				<imagedata fileref="images/rma/rmalogo.png"/>
			</imageobject>
		</inlinemediaobject>
		The Jadex reasoning engine can be used in combination with the well-known
		open source agent platform JADE (see <ulink role="external" url="http://jade.tilab.com/">JADE project page</ulink>). 
		When the JADE adapter is used in combination
		with Jadex the JCC offers besides the general Jadex tools the JADE RMA plugin.
		The Remote Monitoring Agent (RMA) of JADE is a system agent that offers several
		management possiblities. It contains besides other things a Sniffer tool for
		observing conversations between agents and an introspector tool for debugging
		JADE agents. The JADE RMA plugin make the RMA user interface available from
		within the JCC. When the RMA plugin is activated a JADE RMA agent ist started
		and its user interface is shown in the plugin view.
		Below a screenshot of the RMA plugin is shown:
	</para>
	
	<figure id="rma.rma_overview">
		<title>JADE RMA Overview</title>
		<screenshot>
			<mediaobject>
				<imageobject>
					<imagedata fileref="images/rma/rma_overview.png"/>
				</imageobject>
			</mediaobject>
		</screenshot>
	</figure>
	
	<para>
		Basically the RMA view consists of three different areas. On top the JADE
		tool bar offers a quick access to many of the JADE actions such as agent
		staring, stopping and launching tool agents.
		Below the tool bar on the left hand side the agent tree table shows the
		platforms, containers and the currently alive agents. Clicking on an agent
		causes the details of its state being displayed in the content panel at the
		right. Detailed information about the RMA and its associated tools can be
		found in the (see <ulink role="external" url="http://jade.tilab.com/doc/tools/rma/html/intro.htm">
		JADE RMA documentation</ulink>).
	</para>
	
	<!-- <para>
        JADE is distributed with a graphical control center called Remote Monitoring Agent (RMA).
		An extended version of the RMA is included with Jadex.
		The class of the agent is<classname>jadex.adapter.jade.tools.rma.rma</classname>.
		The Jadex RMA is mainly a clone of the JADE RMA (cf. <xref linkend="rma.fig_main_frame"/>).
		The extended RMA provides shortcut icons for starting the new tool agents:

		<itemizedlist>
			<listitem>
				<para>
					<inlinemediaobject>
						<imageobject>
							<imagedata fileref="images/rma/jcc.png"/>
						</imageobject>
					</inlinemediaobject>
					<link linkend="tools.controlcenter">Jadex Control Center</link>
				</para>
			</listitem>
			<listitem>
				<para>
					<inlinemediaobject>
						<imageobject>
							<imagedata fileref="images/rma/logger.png"/>
						</imageobject>
					</inlinemediaobject>
					<link linkend="tools.logger">Logger</link>
				</para>
			</listitem>
		</itemizedlist>
	</para>

	<figure id="rma.fig_main_frame">
		<title>Jadex RMA Main Window</title>
		<screenshot>
			<mediaobject>
				<imageobject>
					<imagedata fileref="images/rma/rma.jpg"/>
				</imageobject>
			</mediaobject>
		</screenshot>
	</figure>

	<section id="rma.starter">
		<title>Start New Agent Dialog</title>
		<para>
         	The main difference to the JADE RMA is the new dialog for starting agents
         	(see<xref linkend="rma.fig_starter"/>).
         	With the Jadex RMA, an agent definition file (ADF) can be selected for execution.
         	This ADF is supplied either by entering the file name in the
			"Model (ADF)" textfield, or by selecting the file from a file requester (
			"Browse..." button).
			The configuration choice box contains all available start configuration of the loaded
			agent. After loading the default configuration is automatically selected.
    	    The other start parameters (
			"Agent Name",
			"Class Name",
			"Arguments",
			"Container") are the same as in the JADE RMA.
		</para>

		<figure id="rma.fig_starter">
			<title>Agent Start Dialog</title>
			<screenshot>
				<mediaobject>
					<imageobject>
						<imagedata fileref="images/rma/rma_start_dialog.jpg"/>
					</imageobject>
				</mediaobject>
			</screenshot>
		</figure>
		<para>
        	When loading an agent model from an ADF, the agent name and agent class values are
 			filled in automatically. In addition to the <guibutton>Ok</guibutton> and
			<guibutton>Cancel</guibutton> buttons for starting the agent or aborting the dialog,
        	the Jadex RMA has three more buttons: <guibutton>Reload</guibutton>
         	will read again the currently specified agent model (ADF),
         	e.g. after you have edited the file to correct errors.
         	The Jadex RMA keeps a list of recently loaded agents (stored in a file called rma.properties).
         	This list can be cleared with the <guibutton>Reset</guibutton> button. The
			<guibutton>Description &gt;</guibutton> button allows viewing a description
 			(see below) of the loaded agent model, before launching the agent.
		</para>
		<para>
			When an error occurs while loading an agent model,
			the error message is also displayed below the start parameters in the Description panel.
			In addition, the panel keeps available the tabs of the last loaded agent models.
		</para>

	</section>

	<section id="rma.jar_select">
		<title>Loading Agents from Jar Files</title>
		<para>
        	Since release 0.92 the Jadex RMA is capable of directly loading agent models from jar files.
        	Use the file requester opened by the <guibutton>Browse...</guibutton> button to select a jar file.
        	The RMA will inspect the jar file and allow to choose one of the ADFs that are contained in the
 			jar file (see <xref linkend="rma.fig_jar_select"/>).
        	The RMA will also add the jar file to the class loader used by Jadex,
        	so any resources from this jar (classes, images, etc.) can be used by the loaded agent,
        	even if the jar file is not contained in the class path.
        	If you want to clean the classpath used by the rma,
        	you can either manually edit the rma properties or just hit the start dialog's reset button.
		</para>

		<figure id="rma.fig_jar_select">
			<title>
				<acronym>JAR</acronym> Selection Dialog
			</title>
			<screenshot>
				<mediaobject>
					<imageobject>
						<imagedata fileref="images/rma/rma_jar_selection.jpg"/>
					</imageobject>
				</mediaobject>
			</screenshot>
		</figure>
	</section>-->

</appendix>
