<?xml version="1.0" encoding="UTF-8"?>
<!--<!DOCTYPE chapter PUBLIC "-//OASIS//DTD DocBook XML V4.1.2//EN"
"../docbook/dtd/docbookx.dtd" >-->
<chapter id="tools.starter">
	<title>Jadex Starter</title>
	
	<para>
		<inlinemediaobject>
			<imageobject>
				<imagedata fileref="images/starter/new_starter.png"/>
			</imageobject>
		</inlinemediaobject>
	
		The Starter is a central administration tool for managing Jadex agents.
		It offers basic functionalities for starting and stopping agents as well
		as more advanced ones such as integrity checking
		of agent and capability models. In <xref linkend="tools.starter_pic"/>
		a screenshot of the Starter tool is depicted. The tool mainly consists
		of three different panels. On the upper left hand side the
		<emphasis>Model Tree</emphasis> is located. Below the Model Tree the
		<emphasis>Running Agents</emphasis> of the platform are shown. On the
		right hand side the <emphasis>Model Panel</emphasis> shows details of
		the currently selected agent or capability model.
	</para>

	<para>
		<figure id="tools.starter_pic">
			<title>Starter perspective</title>
			<inlinemediaobject>
				<imageobject>
					<imagedata fileref="images/starter/starter.jpg"/>
				</imageobject>
			</inlinemediaobject>
		</figure>
	</para>

	<section id="tools.starter.modeltree">
		<title>Model Tree</title>
 		The model tree allows for easy navigation of Jadex agent and capability
		models. Each direct child of the root-node represent a <emphasis>classpath</emphasis>
 		entry of the current project. Initially the model tree is empty.
 		<itemizedlist>
 			<listitem>
				 <para>
				 	<inlinemediaobject>
						<imageobject>
							<imagedata fileref="images/starter/new_addfolder.png"/>
						</imageobject>
					</inlinemediaobject>
					can be used to add a new directory or jar file to the model tree
					and to the classpath from which models are loaded.
				 </para>
 			</listitem>
			<listitem>
				 <para>
				 	<inlinemediaobject>
						<imageobject>
							<imagedata fileref="images/starter/new_removefolder.png"/>
						</imageobject>
					</inlinemediaobject>
					can be used to remove a directory or jar file from the model tree
					and the classpath.
				 </para>
 			</listitem>
 		</itemizedlist>

 		Within the tree packages, agents and capability files are displayed according to
		the icons explained below:
		<itemizedlist>
			<listitem>
				 <para>
				 	<inlinemediaobject>
						<imageobject>
							<imagedata fileref="images/starter/new_package.png"/>
						</imageobject>
					</inlinemediaobject>
					represents a Java/Jadex package. All agents and capabilities
					should be placed in the same package hierarchy as their
					corresponding Java plans and other Java classes.
				 </para>
 			</listitem>
			<listitem>
				 <para>
				 	<inlinemediaobject>
						<imageobject>
							<imagedata fileref="images/starter/new_agent.png"/>
						</imageobject>
					</inlinemediaobject>
					represents a Jadex agent model file. By selecting the file in
					the tree the model will be loaded and displayed in the Model
					Panel.
				 </para>
 			</listitem>
			 <listitem>
				 <para>
				 	<inlinemediaobject>
						<imageobject>
							<imagedata fileref="images/starter/new_capability_small.png"/>
						</imageobject>
					</inlinemediaobject>
					represents a Jadex capability model file. By selecting the file in
					the tree the model will be loaded and displayed in the Model
					Panel.
				 </para>
 			</listitem>
		</itemizedlist>

		<formalpara>
			<title>View refresh</title>
			In addition to the standard start and stop functionalities the model tree also
			supports more advanced features. If not explicitly turned off in the "Model"
			menu the tree is automatically refreshed in certain time intervals. This means that
			changes on hard-disk are immediately reflected within the model tree. You can also
			initiate a refreshment directly by clicking the
			<inlinemediaobject>
				<imageobject>
					<imagedata fileref="images/starter/new_refresh_small.png"/>
				</imageobject>
			</inlinemediaobject>
			button.
		</formalpara>

 		<formalpara>
			<title>Integrity checking</title>
			In addition all models found in the tree are automatically checked for integrity if
			this feature isn't turned off in the "Model" menu. This feature allows
			to effortlessly locate corrupt agent and capability files in the project. If
			a corrupt file is found, the file as well as all packages up to the root are marked
			as corrupt. A corrupt entity is displayed with a red bolt
			<inlinemediaobject>
				<imageobject>
					<imagedata fileref="images/starter/new_broken.png"/>
				</imageobject>
			</inlinemediaobject>.
		</formalpara>

		<!-- <formalpara>
			<title>Jadexdoc generation</title>
			The Jadexdoc tool allows to generate documentation
			for agents in a style similar to Javadoc for Java classes. You can invoke the
			Jadexdoc generation dialog directly from the starter perspective via the
			<inlinemediaobject>
				<imageobject>
					<imagedata fileref="images/starter/new_jadexdoc.png"/>
				</imageobject>
			</inlinemediaobject>
 			button from the toolbar. If you previously have selected
			an agent or capability model or a package in the model tree this information
			will be passed to the dialog. The dialog will show this entry as "selected package".
			After the generation process the HTML output can be opened automatically in a browser.
			For details about the available options please refer to <xref linkend="tools.jadexdoc"/>.
		</formalpara> -->

	</section>

	<section>
		<title>Running Agents</title>
		<para>
 			The Running Agents panel shows all currently alive agents of the platform. For each
			agent its name and the first transport address is shown. The following actions are
			available in this view:
			
			<itemizedlist>
				<listitem>
					 <para>
					 	<inlinemediaobject>
							<imageobject>
								<imagedata fileref="images/starter/new_killagent.png"/>
							</imageobject>
						</inlinemediaobject>
					 	To kill an agent it has first to be selected. Thereafter 
					 	the kill action can be invoked via the popup menu or the toolbar.
					 </para>
	 			</listitem>
	 			<listitem>
	 				<para>
		 				<inlinemediaobject>
							<imageobject>
								<imagedata fileref="images/starter/new_killplatform.png"/>
							</imageobject>
						</inlinemediaobject>
						With this action the whole platform can be shut down.
					</para>
	 			</listitem>
	 			<listitem>
	 				<para>
		 				<inlinemediaobject>
							<imageobject>
								<imagedata fileref="images/starter/new_suspendagent.png"/>
							</imageobject>
						</inlinemediaobject>
						This action will suspend the execution of an agent. This means the agent
						will not execute any further activities but will still be present on the
						platform and can be resumed later on. Its agent identifier remains valid
						and the agent will store incoming message in its buffer. 
					</para>
	 			</listitem>
	 			<listitem>
	 				<para>
		 				<inlinemediaobject>
							<imageobject>
								<imagedata fileref="images/starter/new_agent.png"/>
							</imageobject>
						</inlinemediaobject>
						This action allows to resume a formerly suspended agent.
					</para>
	 			</listitem>
	 		</itemizedlist>
	 	</para>
	</section>

	<section>
		<title>Model Panel</title>
		<para>
			In the Model Panel details of a loaded agent or capability are shown.
			A model can be loaded either by selecting a file from the Model Tree
			or by using the <guibutton>"..."</guibutton> button to browse for a certain
			file. For a selected model several properties are presented:
			<itemizedlist>
				<listitem>
					<formalpara>
						<title>Filename</title>
						The exact filename of the displayed model.
					</formalpara>
				</listitem>
				<listitem>
					<formalpara>
						<title>Configuration</title>
						This choice contains all available configurations
						of the agent or capability. The default configuration
 						of the agent or capability is selected.
					</formalpara>
				</listitem>
				<listitem>
					<formalpara>
						<title>Agent name</title>
						The agent name is a necessary parameter for starting
						an agent. It represents the instance name for a new
						created agent from the loaded model. If you don't care
						about the agent's exact name you can turn on the "auto
						generate" option which will cause the platform generating
						an unused agent name. Otherwise you will have to supply
						a custom name via the offered textfield.  
					</formalpara>
				</listitem>
				<listitem>
					<formalpara>
						<title>Arguments</title>
						The arguments are optional parameters for starting
						an agent. Input possibilities for arguments will only
						be available when the agent type includes declared
						arguments (i.e. exported beliefs). For each argument
						a separate row will be presented in which the name,
						type and default value of the argument are shown.
						(The default value may change depending on the chosen
						configuration). Additionally, a textfield per row will
						be presented that allows for entering a Java expression
						or value. The expression will be validated and incorrect
						inputs will be underlined in red. 
					</formalpara>
				</listitem>
				<listitem>
					<formalpara>
						<title>Description</title>
						In the lower part of the Model Panel the description
						of the agent or capability is shown. The description
						is the HTML rendered output of the initial agent resp.
						capability comment of the model file. If the model
						contains errors an error report of all discovered
						bugs is displayed instead of the description.
					</formalpara>
				</listitem>
			</itemizedlist>
		</para>

		<para>
			If an agent model could be loaded without errors you can start a new
			agent instance of this model simply by hitting the <guibutton>Start</guibutton>
			button. If you changed a model you can load it from model again with
			the <guibutton>Reload</guibutton> button. The <guibutton>Reset</guibutton>
			button can be used to clear all fields and discard all loaded models
			from cache. Finally, the <guibutton>help</guibutton> 
			button allows to invoke the online JavaHelp.
		</para>
	</section>
</chapter>