<?xml version="1.0" encoding="UTF-8"?>
<!--<!DOCTYPE chapter PUBLIC "-//OASIS//DTD DocBook XML V4.1.2//EN"
	"../docbook/dtd/docbookx.dtd" >-->
<chapter id="tools.tracer">
	<title>BDI Tracer</title>
	<para>
		<inlinemediaobject>
			<imageobject>
				<imagedata fileref="images/tracer/new_tracer.png" />
			</imageobject>
		</inlinemediaobject>

		The BDI Tracer is accessible from the Jadex Control Center tool
		bar. It is a tool inspired by
		<ulink role="external"
			url="http://dnaelam.googlepages.com/index.html">
			the Ph.D. work of Dung N. Lam
		</ulink>
		working on agent software comprehension with abductive
		reasoning.

		The tracer provides basically an interface and means to log the
		internal state of a BDI agent, and to analyze and visualize the
		logged information. It is made of two components. The first one
		is the TracerAdapter placed in front of an agent as a tool
		adapter. It is responsible for filtering messages concerning the
		tracing process away from the message queue of an agent and it
		collects the information about agent's internal state changes
		and other occurrences in the system. The information is then
		sent to the Tracer Agent, if an instance is present on the
		platform. The latter has the duty to analyze the traces, store
		them, and to present them to the user in a graphical form.
	</para>

	<section id="tracer.main_window">
		<title>Main Window</title>
		<para>
			The main window of the tracer agent may be seen in
			<xref linkend="tracer.fig_main_frame" />. 
		</para>
		
		<figure id="tracer.fig_main_frame">
			<title>Tracer Main Window</title>
			<screenshot>
				<mediaobject>
					<imageobject>
						<imagedata format="PNG" fileref="images/tracer/tracer_overview.png"/>
					</imageobject>
				</mediaobject>
			</screenshot>
		</figure>
		
		<para>
			The traces presented above are from the Blocksworld
			example. In order to indicate a type of traces, they are marked with icons
			and their different meaning is explained in <xref linkend="tracer.tbl_traces_types" />:		
		</para>	

		<table id="tracer.tbl_traces_types">
			<title>Information logged by the tracer</title>
			<tgroup cols="2">
				<colspec colnum="1" colwidth="1"/>
				<colspec colnum="2" colwidth="7"/>
				<tbody>
					<row>
						<entry>
							<para>
								<inlinemediaobject>
									<imageobject>
										<imagedata fileref="images/tracer/Action.png" />
									</imageobject>
								</inlinemediaobject>
							</para>
						</entry>
						<entry>
							<para>
								Actions describe internal processes (i.e.
								internal agenda meta actions) of an agent and are 
								by default ignored by the tracer.
							</para>
						</entry>
					</row>

					<row>
						<entry>
							<para>
								<inlinemediaobject>
									<imageobject>
										<imagedata fileref="images/tracer/bulb2.png" />
									</imageobject>
								</inlinemediaobject>
								<inlinemediaobject>
									<imageobject>
										<imagedata fileref="images/tracer/bulb1.png" />
									</imageobject>
								</inlinemediaobject>
							</para>
						</entry>
						<entry>
							<para>
								Beliefs are meta traces that collect
								all traces concerning the use of beliefs
								and their change.
								Belief read and write access indicate
								that an agent or one of its plans have accessed
								a belief and possibly changed it.
							</para>
						</entry>
					</row>

					<row>
						<entry>
							<para>
								<inlinemediaobject>
									<imageobject>
										<imagedata fileref="images/tracer/new_received_message.png" />
									</imageobject>
								</inlinemediaobject>
								<inlinemediaobject>
									<imageobject>
										<imagedata fileref="images/tracer/new_sent_message.png" />
									</imageobject>
								</inlinemediaobject>
							</para>
						</entry>
						<entry>
							<para>
								The icons stand for message reception or
								send events respectively.
							</para>
						</entry>
					</row>

					<row>
						<entry>
							<para>
								<!-- <inlinemediaobject>
									<imageobject>
										<imagedata fileref="images/tracer/cloud2.png" />
									</imageobject>
								</inlinemediaobject>-->
								<inlinemediaobject>
									<imageobject>
										<imagedata fileref="images/tracer/cloud2a.png" />
									</imageobject>
								</inlinemediaobject>
								<inlinemediaobject>
									<imageobject>
										<imagedata fileref="images/tracer/cloud2p.png" />
									</imageobject>
								</inlinemediaobject>
								<inlinemediaobject>
									<imageobject>
										<imagedata fileref="images/tracer/cloud2q.png" />
									</imageobject>
								</inlinemediaobject>
								<inlinemediaobject>
									<imageobject>
										<imagedata fileref="images/tracer/cloud2m.png" />
									</imageobject>
								</inlinemediaobject>
								<inlinemediaobject>
									<imageobject>
										<imagedata fileref="images/tracer/cloud2meta.png" />
									</imageobject>
								</inlinemediaobject>
							</para>
						</entry>
						<entry>
							<para>
								Goals are traced when they are adopted
								by the agent. The icons on the left side represent different goals: 
								achieve goal, perform goal, query goal, maintain goal, meta goal.
							</para>
						</entry>
					</row>

					<row>
						<entry>
							<para>
								<inlinemediaobject>
									<imageobject>
										<imagedata fileref="images/tracer/plan2.png" />
									</imageobject>
								</inlinemediaobject>
							</para>
						</entry>
						<entry>
							<para>
								Plans are shown, when created in
								response to a goal or event.
							</para>
						</entry>
					</row>

					<row>
						<entry>
							<para>
								<inlinemediaobject>
									<imageobject>
										<imagedata fileref="images/tracer/Event.png" />
									</imageobject>
								</inlinemediaobject>
							</para>
						</entry>
						<entry>
							<para>
								Internal events are traced whenever they are dispatched
								within the agent.
							</para>
						</entry>
					</row>
				</tbody>
			</tgroup>
		</table>
		
		<para>
			The tracer perspective is split into four views
			including a tree view of agents and traces, a tabular view of
			traces, tracing settings and a 2D trace space exploring panel.
		</para>
			
		<section id="tracer.tree">	
			<title>Trace Tree</title>
			
			<para>
				At the left there is a tree view showing all agents 
				known to the tracer. The meaning of a particular
				icon depicting an agent is shown in
				<xref linkend="tracer.tbl_agent_icons" />. 
				Descending from the BDI agents, all traces are linked
				beneath nodes identified to be their cause.

				<table id="tracer.tbl_agent_icons">
					<title>State of an agent</title>
					<tgroup cols="2">
						<colspec colnum="1" colwidth="1"/>
						<colspec colnum="2" colwidth="7"/>
						<tbody>
							<row>
								<entry>
									<para>
										<inlinemediaobject>
											<imageobject>
												<imagedata fileref="images/tracer/new_agent.png" />
											</imageobject>
										</inlinemediaobject>
									</para>
								</entry>
								<entry>
									<para>
										The agent is ignored by the tracer.
									</para>
								</entry>
							</row>
							<row>
								<entry>
									<para>
										<inlinemediaobject>
											<imageobject>
												<imagedata fileref="images/tracer/new_agent_introspected.png" />
											</imageobject>
										</inlinemediaobject>
									</para>
								</entry>
								<entry>
									<para>
										The agent sends its traces to the tracer.
									</para>
								</entry>
							</row>
							<row>
								<entry>
									<para>
										<inlinemediaobject>
											<imageobject>
												<imagedata fileref="images/tracer/new_agent_broken.png" />
											</imageobject>
										</inlinemediaobject>
									</para>
								</entry>
								<entry>
									<para>The agent has died.</para>
								</entry>
							</row>
						</tbody>
					</tgroup>
				</table>
			</para>
		
			<para id="tracer.tree_popup">
				The functionality provided by the
				<link linkend="tracer.fig_tree_popup">
					tree popup menu
				</link>
				is similar to the functionality from the <guimenu>Agent</guimenu> menu
				(<xref linkend="tracer.menu_agent" />) and
				concerns the currently selected trace or agent. In
				the case of an agent the user may choose to observe it
				and to adjust the trace filter and history limit 
				(<guimenuitem>Filter</guimenuitem>). 
				The other options allow to show or hide traces in the
				graph or table. With the last menu item the trace or the
				agent may be removed from the tracer perspective.
			</para>

			<figure id="tracer.fig_tree_popup">
				<title>Tree Popup Menu</title>
				<screenshot>
					<mediaobject>
						<imageobject>
							<imagedata fileref="images/tracer/tracer_tree_popup.png" />
						</imageobject>
					</mediaobject>
				</screenshot>
			</figure>
		</section>
		
		
		<section id="tracer.table">
			<title>Trace Table</title>
			<para>
				On the right side there are three views. The upper one in the middle shows a tabular view of
				the traces, as can be seen in <xref linkend="tracer.trace_table"/>:
				
				<figure id="tracer.trace_table">
					<title>Trace Table</title>
					<screenshot>
						<mediaobject>
							<imageobject>
								<imagedata fileref="images/tracer/trace_table.png" />
							</imageobject>
						</mediaobject>
					</screenshot>
				</figure>
				
				The traces are ordered in the sequence they arrive. The table shows
				information like a unique trace id, the agent name, the event name,
				The event name and the content are closely related and explain
				which kind of event occurrence has happened. The cause describes
				the reason for the event occurrence and the time shows when the
				event has happened.
				
				<!--The content here is a short description of the traced instance and
				the cause represents the 
				For plans and goals this is the instance name.
				For beliefs it is the name of the belief. 
				Also shown is the value, causes and the time this trace happened.
				The value shows the content of a specific trace. For beliefs it is the value of the
				beliefs. For plans and goals, the string representation of the runtime instance.-->
			</para>
			<para>
				The user may select traces in the table based on different criteria, remove them
				from the table, show them in the graph panel or delete from the tracer perspective.
				All the fuctionality is accessible under the <guimenu>Table Menu</guimenu>
				(<xref linkend="tracer.menu_table"/>) and a corresponding popup menu.
			</para>
			<para>
				The view on the upper right side, offers some tracing settings, as can be seen in 
				<xref linkend="tracer.fig_tracing_settings"/>:
				<figure id="tracer.fig_tracing_settings">
				<title>Tracing Settings</title>
					<screenshot>
						<mediaobject>
							<imageobject>
								<imagedata fileref="images/tracer/tracing_settings.png" />
							</imageobject>
						</mediaobject>
					</screenshot>
				</figure>
				
				Check boxes let the user specify what to trace and above the number of traces to show 
				can be chosen from a pull down menu. The changes can be applied by the button 
				<quote>apply</quote> and the other button labled with 
				<quote>clear</quote> clears the trace table.
			</para>			
		</section>
		
		<section id="tracer.graph">
			<title>Trace Exploration Graph</title>	
			<para>
				The lower one of the three right views is the graph panel allowing to explore the space of traces.
				It also provides multiple presentation options e.g. for selection of and correletion and between the traces.
				All this functionality may be accessed  from the "Graph" and the graph popup menu.
				(see <xref linkend="tracer.menu_graph" />).
			</para>	
		</section>
	</section>

	<section id="tracer.menus">
		<title>Menus</title>
		<para>
			The menu provides access to functions concerning the tracer
			agent itself and the BDI agents analyzed. Functions
			corresponding to the tabular view and the 2D graph view are
			also accessible from here.
		</para>

		<section id="tracer.menu_agent">
			<title>Agent Menu</title>
			<para>
				Under this menu (cf.
				<xref linkend="tracer.fig_menu_agent" />
				concerning agents the user has the option to:
				<itemizedlist>
					<listitem>
						<para>
							<guimenuitem>Observe</guimenuitem>
							- an agent. This will tell the agent to send
							its traces to the tracer.
						</para>
					</listitem>
					<listitem>
						<para>
							<guimenuitem>Observe all</guimenuitem>
							- will cause all BDI agents (known to the
							tracer) to send their data.
						</para>
					</listitem>
					<listitem>
						<para>
							<guimenuitem>Ignore</guimenuitem>
							- an agent. Has the complementary effect to
							Observe.
						</para>
					</listitem>
					<listitem>
						<para>
							<guimenuitem>Ignore all</guimenuitem>
							- is the reverse of Observe all.
						</para>
					</listitem>
					<listitem>
						<para>
							<guimenuitem>Ignore at first</guimenuitem>
							- causes the tracer to ignore all newly
							occurring agents.
						</para>
					</listitem>
					<listitem>
						<para>
							<guimenuitem>Show in graph</guimenuitem>
							- tells the tracer to show the traces of an
							agent in the 2D graph as soon as they
							arrive.
						</para>
					</listitem>
					<listitem>
						<para>
							<guimenuitem>Hide from graph</guimenuitem>
							- removes all agent traces from the 2D
							graph.
						</para>
					</listitem>
					<listitem>
						<para>
							<guimenuitem>Show in table</guimenuitem>
							- tells the tracer to show the traces of an
							agent in the table.
						</para>
					</listitem>
					<listitem>
						<para>
							<guimenuitem>Hide from table</guimenuitem>
							- removes all agent traces from the table.
						</para>
					</listitem>
					<listitem>
						<para>
							<guimenuitem>Delete</guimenuitem>
							- removes the agent and corresponding traces
							from all views.
						</para>
					</listitem>
					<listitem>
						<para>
							<guimenuitem>
								Delete dead agents
							</guimenuitem>
							- removes all dead agents and their traces
							from all views.
						</para>
					</listitem>
					<listitem>
						<para>
							<guimenuitem>Filter</guimenuitem>
							- shows a filter dialog for the current
							selected agent.
						</para>
					</listitem>
					<listitem>
						<para>
							<guimenuitem>Default filter</guimenuitem>
							- shows a filter dialog for a prototypical
							agent all new agents will inherit their
							properties from.
						</para>
					</listitem>
				</itemizedlist>
			</para>

			<figure id="tracer.fig_menu_agent">
				<title>Agent Menu</title>
				<screenshot>
					<mediaobject>
						<imageobject>
							<imagedata fileref="images/tracer/tracer_agent_menu.png" />
						</imageobject>
					</mediaobject>
				</screenshot>
			</figure>
		</section>


		<section id="tracer.menu_table">
			<title>Table Menu and Tracing Settings</title>
			<para>
				The <guimenu>Table</guimenu> 	menu	(cf.
				<xref linkend="tracer.fig_menu_table" />
				) provides functionality concerning the table view.
				Following options are available to the user:
				<itemizedlist>
					<listitem>
						<para>
							<guimenuitem>Select causes</guimenuitem>
							- selects immediate causes of selected
							traces.
						</para>
					</listitem>
					<listitem>
						<para>
							<guimenuitem>Select effects</guimenuitem>
							- selects the immediate effects.
						</para>
					</listitem>
					<listitem>
						<para>
							<guimenuitem>Show in graph</guimenuitem>
							- shows all selected traces in the 2D graph.
						</para>
					</listitem>
					<listitem>
						<para>
							<guimenuitem>Hide in graph</guimenuitem>
							- hides selected traces from the 2D graph.
						</para>
					</listitem>
					<listitem>
						<para>
							<guimenuitem>Remove</guimenuitem>
							- removes traces from the table.
						</para>
					</listitem>
					<listitem>
						<para>
							<guimenuitem>Delete</guimenuitem>
							- deletes the traces and removes them from
							all views.
						</para>
					</listitem>
					<listitem>
						<para>
							<guimenuitem>Scroll</guimenuitem>
							- tells if the table should be scrolled,
							when new traces arrive.
						</para>
					</listitem>
				</itemizedlist>
			</para>

			<figure id="tracer.fig_menu_table">
				<title>Table Menu</title>
				<screenshot>
					<mediaobject>
						<imageobject>
							<imagedata fileref="images/tracer/tracer_table_menu.png" />
						</imageobject>
					</mediaobject>
				</screenshot>
			</figure>
		</section>

		<section id="tracer.menu_graph">
			<title>Graph Menu</title>
			<para>
				The tracer graph menu is accessible from the main menu
				and as popup in the graph view (cf.
				<xref linkend="tracer.fig_popup_menu_graph" />
				). It provides access to following functions:
				<itemizedlist>
					<listitem>
						<para>
							<guimenuitem>Show</guimenuitem>
							- is used to show actions, beliefs or
							messages connected to trace nodes already
							shown in the graph. If a trace is selected,
							the user may choose to show the causes and
							effects of that trace.
						</para>
					</listitem>
					<listitem>
						<para>
							<guimenuitem>Hide</guimenuitem>
							- hides actions, beliefs or messages from
							the graph view. A single trace, its causes
							or its effects may be removed from the view.
						</para>
					</listitem>
					<listitem>
						<para>
							<guimenuitem>Expand</guimenuitem>
							- will expand the trace by one level of the
							causes or effects.
						</para>
					</listitem>
					<listitem>
						<para>
							<guimenuitem>Collapse</guimenuitem>
							- will shrink and hide the traces around the
							selected one.
						</para>
					</listitem>
					<listitem>
						<para>
							<guimenuitem>Delete</guimenuitem>
							- will remove the trace from all views in
							the tracer.
						</para>
					</listitem>
					<listitem>
						<para>
							<guimenuitem>Join Beliefs</guimenuitem>
							- may be used to collapse all belief access
							nodes into a single one.
						</para>
					</listitem>
					<listitem>
						<para>
							<guimenuitem>Join Messages</guimenuitem>
							- will join the send and receive events of a
							message with an edge, therefore establishing
							connections between agents.
						</para>
					</listitem>
					<listitem>
						<para>
							<guimenuitem>Labels</guimenuitem>
							- this check-box indicates that the traces
							in the graph should be shown with thier
							corresponding labels instead of an anonymous
							icon. The labels are truncated by length and a
							selected trace is always shown with its
							label.
						</para>
					</listitem>
				</itemizedlist>
			</para>

			<figure id="tracer.fig_popup_menu_graph">
				<title>Graph Popup Menu</title>
				<screenshot>
					<mediaobject>
						<imageobject>
							<imagedata fileref="images/tracer/tracer_graph_popup.png" />
						</imageobject>
					</mediaobject>
				</screenshot>
			</figure>

		</section>
	</section>
</chapter>
