<?xml version="1.0" encoding="UTF-8"?>

<xwikidoc>
<web>Panels</web>
<name>AddClassProperty</name>
<language></language>
<defaultLanguage>en</defaultLanguage>
<translation>0</translation>
<parent>Panels.WebHome</parent>
<creator>XWiki.Admin</creator>
<author>XWiki.Admin</author>
<customClass></customClass>
<contentAuthor>XWiki.Admin</contentAuthor>
<creationDate>1154076115000</creationDate>
<date>1206017164000</date>
<contentUpdateDate>1206017164000</contentUpdateDate>
<version>1.1</version>
<title></title>
<template></template>
<defaultTemplate></defaultTemplate>
<validationScript></validationScript>
<comment></comment>
<minorEdit>false</minorEdit>
<syntaxId>xwiki/1.0</syntaxId>
<hidden>false</hidden>
<object>
<class>
<name>Panels.PanelClass</name>
<customClass></customClass>
<customMapping></customMapping>
<defaultViewSheet></defaultViewSheet>
<defaultEditSheet></defaultEditSheet>
<defaultWeb></defaultWeb>
<nameField></nameField>
<validationScript></validationScript>
<category>
<cache>0</cache>
<displayType>select</displayType>
<multiSelect>0</multiSelect>
<name>category</name>
<number>5</number>
<prettyName>Category</prettyName>
<relationalStorage>0</relationalStorage>
<separator> </separator>
<separators> ,|</separators>
<size>1</size>
<unmodifiable>0</unmodifiable>
<values>Information|Navigation|Tools|Administration|Other</values>
<classType>com.xpn.xwiki.objects.classes.StaticListClass</classType>
</category>
<content>
<editor>Text</editor>
<name>content</name>
<number>4</number>
<prettyName>Content</prettyName>
<rows>25</rows>
<size>60</size>
<unmodifiable>0</unmodifiable>
<classType>com.xpn.xwiki.objects.classes.TextAreaClass</classType>
</content>
<description>
<editor>Text</editor>
<name>description</name>
<number>3</number>
<prettyName>Description</prettyName>
<rows>5</rows>
<size>40</size>
<unmodifiable>0</unmodifiable>
<classType>com.xpn.xwiki.objects.classes.TextAreaClass</classType>
</description>
<name>
<name>name</name>
<number>1</number>
<prettyName>Name</prettyName>
<size>40</size>
<unmodifiable>0</unmodifiable>
<classType>com.xpn.xwiki.objects.classes.StringClass</classType>
</name>
<type>
<cache>0</cache>
<displayType>select</displayType>
<multiSelect>0</multiSelect>
<name>type</name>
<number>2</number>
<prettyName>Panel type</prettyName>
<relationalStorage>0</relationalStorage>
<separator> </separator>
<separators> ,|</separators>
<size>1</size>
<unmodifiable>0</unmodifiable>
<values>view|edit</values>
<classType>com.xpn.xwiki.objects.classes.StaticListClass</classType>
</type>
</class>
<name>Panels.AddClassProperty</name>
<number>0</number>
<className>Panels.PanelClass</className>
<guid>c64c99a4-2b29-4a5d-b828-910b5853186b</guid>
<property>
<category>Tools</category>
</property>
<property>
<content>#largepanelheader($msg.get("addproperty"))
&lt;form id="propadd" method="post" action="$doc.getURL("propadd")" onsubmit="cancelCancelEdit()"&gt;
&lt;div class="padded"&gt;
&lt;input type="hidden" name="xredirect" value="$doc.getURL("edit", "editor=class")"/&gt;
&lt;label for="propname"&gt;$msg.get("propname"):&lt;/label&gt;&lt;br /&gt;
&lt;input type="text" id="propname" name="propname" value="" size="20" /&gt;&lt;br /&gt;
&lt;label for="proptype"&gt;$msg.get("proptype"):&lt;/label&gt;&lt;br /&gt;
&lt;select id="proptype" name="proptype" size="1"&gt;
&lt;option value="---"&gt;$msg.get("selectproptype")&lt;/option&gt;
#foreach($prop in $xwiki.metaclass.properties)
&lt;option value="$prop.name"&gt;$prop.prettyName&lt;/option&gt;
#end
&lt;/select&gt;
&lt;span class="buttonwrapper"&gt;
&lt;input type="submit" class="button" value="$msg.get("addproperty")"/&gt;&lt;/span&gt;
&lt;/div&gt;
&lt;/form&gt;
#panelfooter()</content>
</property>
<property>
<description>Form which allows adding a class property.</description>
</property>
<property>
<name>Add Class Property</name>
</property>
<property>
<type>edit</type>
</property>
</object>
<content>#includeForm("Panels.PanelSheet")</content>
</xwikidoc>
