<?xml version="1.0" encoding="UTF-8"?>

<xwikidoc>
<web>Panels</web>
<name>AddObject</name>
<language></language>
<defaultLanguage>en</defaultLanguage>
<translation>0</translation>
<parent>Panels.WebHome</parent>
<creator>XWiki.Admin</creator>
<author>XWiki.Admin</author>
<customClass></customClass>
<contentAuthor>XWiki.Admin</contentAuthor>
<creationDate>1154195460000</creationDate>
<date>1166177445000</date>
<contentUpdateDate>1169801141000</contentUpdateDate>
<version>1.1</version>
<title></title>
<template></template>
<defaultTemplate></defaultTemplate>
<validationScript></validationScript>
<comment></comment>
<minorEdit>false</minorEdit>
<syntaxId>xwiki/1.0</syntaxId>
<hidden>false</hidden>
<object>
<class>
<name>Panels.PanelClass</name>
<customClass></customClass>
<customMapping></customMapping>
<defaultViewSheet></defaultViewSheet>
<defaultEditSheet></defaultEditSheet>
<defaultWeb></defaultWeb>
<nameField></nameField>
<validationScript></validationScript>
<category>
<cache>0</cache>
<displayType>select</displayType>
<multiSelect>0</multiSelect>
<name>category</name>
<number>5</number>
<prettyName>Category</prettyName>
<relationalStorage>0</relationalStorage>
<separator> </separator>
<separators> ,|</separators>
<size>1</size>
<unmodifiable>0</unmodifiable>
<values>Information|Navigation|Tools|Administration|Other</values>
<classType>com.xpn.xwiki.objects.classes.StaticListClass</classType>
</category>
<content>
<editor>Text</editor>
<name>content</name>
<number>4</number>
<prettyName>Content</prettyName>
<rows>25</rows>
<size>60</size>
<unmodifiable>0</unmodifiable>
<classType>com.xpn.xwiki.objects.classes.TextAreaClass</classType>
</content>
<description>
<editor>Text</editor>
<name>description</name>
<number>3</number>
<prettyName>Description</prettyName>
<rows>5</rows>
<size>40</size>
<unmodifiable>0</unmodifiable>
<classType>com.xpn.xwiki.objects.classes.TextAreaClass</classType>
</description>
<name>
<name>name</name>
<number>1</number>
<prettyName>Name</prettyName>
<size>40</size>
<unmodifiable>0</unmodifiable>
<classType>com.xpn.xwiki.objects.classes.StringClass</classType>
</name>
<type>
<cache>0</cache>
<displayType>select</displayType>
<multiSelect>0</multiSelect>
<name>type</name>
<number>2</number>
<prettyName>Panel type</prettyName>
<relationalStorage>0</relationalStorage>
<separator> </separator>
<separators> ,|</separators>
<size>1</size>
<unmodifiable>0</unmodifiable>
<values>view|edit</values>
<classType>com.xpn.xwiki.objects.classes.StaticListClass</classType>
</type>
</class>
<name>Panels.AddObject</name>
<number>0</number>
<className>Panels.PanelClass</className>
<guid>5573abfe-8fad-437a-ba73-b03531d77d98</guid>
<property>
<category>Tools</category>
</property>
<property>
<content>#largepanelheader($msg.get("addobject"))
&lt;form id="objectadd" method="post" action="$doc.getURL("objectadd")" onsubmit="cancelCancelEdit()"&gt;
&lt;p&gt;
&lt;input type="hidden" name="xredirect" value="$doc.getURL("edit", "editor=object")" /&gt;
&lt;select name="classname" size="1"&gt;
&lt;option value="---"&gt;$msg.get("selectclass")&lt;/option&gt;
##
## Existing classes are enumerated, grouped by space name.
## The list is already sorted alphabetically
##
#set($prevSpace = "")
#set($optGroupOpen = false)
#foreach ($classname in $xwiki.classList)
  #set($classdoc = $xwiki.getDocument($classname))
  #if($classdoc.space != $prevSpace)
    #if($optGroupOpen)
      &lt;/optgroup&gt;
    #else
      #set($optGroupOpen = true)
    #end
        &lt;optgroup label="$classdoc.space"&gt;
    #set($prevSpace = $classdoc.space)
  #end
  &lt;option value="$classdoc.fullName"&gt;$classdoc.name&lt;/option&gt;
#end
#if($optGroupOpen)
        &lt;/optgroup&gt;
#end
&lt;/select&gt;
&lt;/p&gt;
&lt;p&gt;
&lt;span class="buttonwrapper"&gt;&lt;input type="submit" value="$msg.get("addobjectfromclass")" class="button"/&gt;&lt;/span&gt;
&lt;/p&gt;
&lt;/form&gt;
#panelfooter()</content>
</property>
<property>
<description>Form which allows adding an object to a document.</description>
</property>
<property>
<name>Add Object</name>
</property>
<property>
<type>edit</type>
</property>
</object>
<content>#includeForm("Panels.PanelSheet")</content>
</xwikidoc>
