<?xml version="1.0" encoding="UTF-8"?>

<xwikidoc>
<web>Panels</web>
<name>ClassEditorWelcome</name>
<language></language>
<defaultLanguage>en</defaultLanguage>
<translation>0</translation>
<parent>Panels.WebHome</parent>
<creator>XWiki.Admin</creator>
<author>XWiki.Admin</author>
<customClass></customClass>
<contentAuthor>XWiki.Admin</contentAuthor>
<creationDate>1154086211000</creationDate>
<date>1166177444000</date>
<contentUpdateDate>1169801141000</contentUpdateDate>
<version>1.1</version>
<title></title>
<template></template>
<defaultTemplate></defaultTemplate>
<validationScript></validationScript>
<comment></comment>
<minorEdit>false</minorEdit>
<syntaxId>xwiki/1.0</syntaxId>
<hidden>false</hidden>
<object>
<class>
<name>Panels.PanelClass</name>
<customClass></customClass>
<customMapping></customMapping>
<defaultViewSheet></defaultViewSheet>
<defaultEditSheet></defaultEditSheet>
<defaultWeb></defaultWeb>
<nameField></nameField>
<validationScript></validationScript>
<category>
<cache>0</cache>
<displayType>select</displayType>
<multiSelect>0</multiSelect>
<name>category</name>
<number>5</number>
<prettyName>Category</prettyName>
<relationalStorage>0</relationalStorage>
<separator> </separator>
<separators> ,|</separators>
<size>1</size>
<unmodifiable>0</unmodifiable>
<values>Information|Navigation|Tools|Administration|Other</values>
<classType>com.xpn.xwiki.objects.classes.StaticListClass</classType>
</category>
<content>
<editor>Text</editor>
<name>content</name>
<number>4</number>
<prettyName>Content</prettyName>
<rows>25</rows>
<size>60</size>
<unmodifiable>0</unmodifiable>
<classType>com.xpn.xwiki.objects.classes.TextAreaClass</classType>
</content>
<description>
<editor>Text</editor>
<name>description</name>
<number>3</number>
<prettyName>Description</prettyName>
<rows>5</rows>
<size>40</size>
<unmodifiable>0</unmodifiable>
<classType>com.xpn.xwiki.objects.classes.TextAreaClass</classType>
</description>
<name>
<name>name</name>
<number>1</number>
<prettyName>Name</prettyName>
<size>40</size>
<unmodifiable>0</unmodifiable>
<classType>com.xpn.xwiki.objects.classes.StringClass</classType>
</name>
<type>
<cache>0</cache>
<displayType>select</displayType>
<multiSelect>0</multiSelect>
<name>type</name>
<number>2</number>
<prettyName>Panel type</prettyName>
<relationalStorage>0</relationalStorage>
<separator> </separator>
<separators> ,|</separators>
<size>1</size>
<unmodifiable>0</unmodifiable>
<values>view|edit</values>
<classType>com.xpn.xwiki.objects.classes.StaticListClass</classType>
</type>
</class>
<name>Panels.ClassEditorWelcome</name>
<number>0</number>
<className>Panels.PanelClass</className>
<guid>5f54f197-af72-47c8-879a-c602defc559b</guid>
<property>
<category>Information</category>
</property>
<property>
<content>#largepanelheader($msg.get("classEditorIntro"))
$xwiki.jsx.use('Panels.ClassSwitcher')##
&lt;p&gt;$msg.get("xe.panels.classedit.youare") &lt;strong&gt;${doc.fullName}&lt;/strong&gt;. $msg.get("xe.panels.classedit.chooseproperty")&lt;/p&gt;
&lt;div&gt;
&lt;form id="changeclass" method="post" action="$doc.getURL("redirect")"&gt;
&lt;div&gt;
&lt;select id="classname" name="xredirect" size="1"&gt;
&lt;option value="-"&gt;Edit another class&lt;/option&gt;
##
## Existing classes are enumerated, grouped by space name.
## The list is already sorted alphabetically
##
#set($prevSpace = "")
#set($optGroupOpen = false)
#foreach ($classname in $xwiki.classList)
  #if($!xwiki.hasAccessLevel("edit", $classname))
    #set($classdoc = $xwiki.getDocument($classname))
    #if($classdoc.space != $prevSpace)
      #if($optGroupOpen)
        &lt;/optgroup&gt;
      #else
        #set($optGroupOpen = true)
      #end
          &lt;optgroup label="$classdoc.space"&gt;
      #set($prevSpace = $classdoc.space)
    #end
    &lt;option value="$classdoc.getURL("edit", "editor=class")"&gt;$classdoc.name&lt;/option&gt;
  #end
#end
#if($optGroupOpen)
        &lt;/optgroup&gt;
#end
&lt;/select&gt;
&lt;span class="buttonwrapper"&gt;&lt;input class="button" type="submit" value="$msg.get("changeclass")"/&gt;&lt;/span&gt;&lt;/div&gt;
#warning($msg.get('xe.panels.classedit.unsavedchanges'))
&lt;/form&gt;
&lt;/div&gt;
#panelfooter()</content>
</property>
<property>
<description>Class Editor welcome and brief information message.</description>
</property>
<property>
<name>Class Editor Welcome</name>
</property>
<property>
<type>edit</type>
</property>
</object>
<content>#includeForm("Panels.PanelSheet")</content>
</xwikidoc>
