<?xml version="1.0" encoding="UTF-8"?>

<xwikidoc>
<web>Panels</web>
<name>ClassSwitcher</name>
<language></language>
<defaultLanguage>en</defaultLanguage>
<translation>0</translation>
<parent>Panels.WebHome</parent>
<creator>XWiki.Admin</creator>
<author>XWiki.Admin</author>
<customClass></customClass>
<contentAuthor>XWiki.Admin</contentAuthor>
<creationDate>1154079605000</creationDate>
<date>1166177444000</date>
<contentUpdateDate>1169801141000</contentUpdateDate>
<version>1.1</version>
<title></title>
<template></template>
<defaultTemplate></defaultTemplate>
<validationScript></validationScript>
<comment></comment>
<minorEdit>false</minorEdit>
<syntaxId>xwiki/1.0</syntaxId>
<hidden>false</hidden>
<object>
<class>
<name>Panels.PanelClass</name>
<customClass></customClass>
<customMapping></customMapping>
<defaultViewSheet></defaultViewSheet>
<defaultEditSheet></defaultEditSheet>
<defaultWeb></defaultWeb>
<nameField></nameField>
<validationScript></validationScript>
<category>
<cache>0</cache>
<displayType>select</displayType>
<multiSelect>0</multiSelect>
<name>category</name>
<number>5</number>
<prettyName>Category</prettyName>
<relationalStorage>0</relationalStorage>
<separator> </separator>
<separators> ,|</separators>
<size>1</size>
<unmodifiable>0</unmodifiable>
<values>Information|Navigation|Tools|Administration|Other</values>
<classType>com.xpn.xwiki.objects.classes.StaticListClass</classType>
</category>
<content>
<editor>Text</editor>
<name>content</name>
<number>4</number>
<prettyName>Content</prettyName>
<rows>25</rows>
<size>60</size>
<unmodifiable>0</unmodifiable>
<classType>com.xpn.xwiki.objects.classes.TextAreaClass</classType>
</content>
<description>
<editor>Text</editor>
<name>description</name>
<number>3</number>
<prettyName>Description</prettyName>
<rows>5</rows>
<size>40</size>
<unmodifiable>0</unmodifiable>
<classType>com.xpn.xwiki.objects.classes.TextAreaClass</classType>
</description>
<name>
<name>name</name>
<number>1</number>
<prettyName>Name</prettyName>
<size>40</size>
<unmodifiable>0</unmodifiable>
<classType>com.xpn.xwiki.objects.classes.StringClass</classType>
</name>
<type>
<cache>0</cache>
<displayType>select</displayType>
<multiSelect>0</multiSelect>
<name>type</name>
<number>2</number>
<prettyName>Panel type</prettyName>
<relationalStorage>0</relationalStorage>
<separator> </separator>
<separators> ,|</separators>
<size>1</size>
<unmodifiable>0</unmodifiable>
<values>view|edit</values>
<classType>com.xpn.xwiki.objects.classes.StaticListClass</classType>
</type>
</class>
<name>Panels.ClassSwitcher</name>
<number>0</number>
<className>Panels.PanelClass</className>
<guid>32c7090e-d98d-415f-965d-b3319b10cca7</guid>
<property>
<category>Tools</category>
</property>
<property>
<content>#largepanelheader('Class Switcher')
$xwiki.jsx.use('Panels.ClassSwitcher')##
&lt;div&gt;
&lt;form id="changeclass" method="post" action="$doc.getURL("redirect")"&gt;
&lt;div&gt;
&lt;select id="classname" name="xredirect" size="1"&gt;
&lt;option value="-"&gt;Edit another class&lt;/option&gt;
##
## Existing classes are enumerated, grouped by space name.
## The list is already sorted alphabetically
##
#set($prevSpace = "")
#set($optGroupOpen = false)
#foreach ($classname in $xwiki.classList)
  #if($!xwiki.hasAccessLevel("edit", $classname))
    #set($classdoc = $xwiki.getDocument($classname))
    #if($classdoc.space != $prevSpace)
      #if($optGroupOpen)
        &lt;/optgroup&gt;
      #else
        #set($optGroupOpen = true)
      #end
          &lt;optgroup label="$classdoc.space"&gt;
      #set($prevSpace = $classdoc.space)
    #end
    &lt;option value="$classdoc.getURL("edit", "editor=class")"&gt;$classdoc.name&lt;/option&gt;
  #end
#end
#if($optGroupOpen)
        &lt;/optgroup&gt;
#end
&lt;/select&gt;
&lt;span class="buttonwrapper"&gt;&lt;input class="button" type="submit" value="$msg.get("changeclass")"/&gt;&lt;/span&gt;&lt;/div&gt;
#warning($msg.get('xe.panels.classedit.unsavedchanges'))
&lt;/form&gt;
&lt;/div&gt;
#panelfooter()</content>
</property>
<property>
<description>Form that allows choosing the class for the object to be added to the current document.</description>
</property>
<property>
<name>Class Switcher</name>
</property>
<property>
<type>edit</type>
</property>
</object>
<object>
<class>
<name>XWiki.JavaScriptExtension</name>
<customClass></customClass>
<customMapping></customMapping>
<defaultViewSheet></defaultViewSheet>
<defaultEditSheet></defaultEditSheet>
<defaultWeb></defaultWeb>
<nameField></nameField>
<validationScript></validationScript>
<cache>
<cache>0</cache>
<displayType>select</displayType>
<multiSelect>0</multiSelect>
<name>cache</name>
<number>5</number>
<prettyName>Caching policy</prettyName>
<relationalStorage>0</relationalStorage>
<separator> </separator>
<separators> ,|</separators>
<size>1</size>
<unmodifiable>0</unmodifiable>
<values>long|short|default|forbid</values>
<classType>com.xpn.xwiki.objects.classes.StaticListClass</classType>
</cache>
<code>
<name>code</name>
<number>2</number>
<prettyName>Code</prettyName>
<rows>20</rows>
<size>50</size>
<unmodifiable>0</unmodifiable>
<classType>com.xpn.xwiki.objects.classes.TextAreaClass</classType>
</code>
<name>
<name>name</name>
<number>1</number>
<prettyName>Name</prettyName>
<size>30</size>
<unmodifiable>0</unmodifiable>
<classType>com.xpn.xwiki.objects.classes.StringClass</classType>
</name>
<parse>
<displayFormType>select</displayFormType>
<displayType>yesno</displayType>
<name>parse</name>
<number>4</number>
<prettyName>Parse content</prettyName>
<unmodifiable>0</unmodifiable>
<classType>com.xpn.xwiki.objects.classes.BooleanClass</classType>
</parse>
<use>
<cache>0</cache>
<displayType>select</displayType>
<multiSelect>0</multiSelect>
<name>use</name>
<number>3</number>
<prettyName>Use this extension</prettyName>
<relationalStorage>0</relationalStorage>
<separator> </separator>
<separators> ,|</separators>
<size>1</size>
<unmodifiable>0</unmodifiable>
<values>onDemand=On demand|always=Always</values>
<classType>com.xpn.xwiki.objects.classes.StaticListClass</classType>
</use>
</class>
<name>Panels.ClassSwitcher</name>
<number>0</number>
<className>XWiki.JavaScriptExtension</className>
<guid>951b5864-df3e-46d0-bdbe-bac923e58dc8</guid>
<property>
<cache>long</cache>
</property>
<property>
<code>document.observe('dom:loaded', function() {
  var switcher = $('classname');
  if(typeof (switcher) != 'undefined') {
    switcher.observe('change', function() {
      var value = this.options[this.selectedIndex].value;
      if (value != '-') {
        window.self.location = value;
      }
    }.bindAsEventListener(switcher));
    switcher.up('form').down("input[type='submit']").hide();
  }
});
</code></property><property><name>Instant class switcher</name>
</property>
<property>
<parse>0</parse>
</property>
<property>
<use>onDemand</use>
</property>
</object>
<content>#includeForm("Panels.PanelSheet")</content>
</xwikidoc>
