<?xml version="1.0" encoding="UTF-8"?>

<xwikidoc>
<web>Panels</web>
<name>EditTranslations</name>
<language></language>
<defaultLanguage>en</defaultLanguage>
<translation>0</translation>
<parent>Panels.WebHome</parent>
<creator>XWiki.Admin</creator>
<author>XWiki.Admin</author>
<customClass></customClass>
<contentAuthor>XWiki.Admin</contentAuthor>
<creationDate>1154089417000</creationDate>
<date>1166177445000</date>
<contentUpdateDate>1169801141000</contentUpdateDate>
<version>1.1</version>
<title></title>
<template></template>
<defaultTemplate></defaultTemplate>
<validationScript></validationScript>
<comment></comment>
<minorEdit>false</minorEdit>
<syntaxId>xwiki/1.0</syntaxId>
<hidden>false</hidden>
<object>
<class>
<name>Panels.PanelClass</name>
<customClass></customClass>
<customMapping></customMapping>
<defaultViewSheet></defaultViewSheet>
<defaultEditSheet></defaultEditSheet>
<defaultWeb></defaultWeb>
<nameField></nameField>
<validationScript></validationScript>
<category>
<cache>0</cache>
<displayType>select</displayType>
<multiSelect>0</multiSelect>
<name>category</name>
<number>5</number>
<prettyName>Category</prettyName>
<relationalStorage>0</relationalStorage>
<separator> </separator>
<separators> ,|</separators>
<size>1</size>
<unmodifiable>0</unmodifiable>
<values>Information|Navigation|Tools|Administration|Other</values>
<classType>com.xpn.xwiki.objects.classes.StaticListClass</classType>
</category>
<content>
<editor>Text</editor>
<name>content</name>
<number>4</number>
<prettyName>Content</prettyName>
<rows>25</rows>
<size>60</size>
<unmodifiable>0</unmodifiable>
<classType>com.xpn.xwiki.objects.classes.TextAreaClass</classType>
</content>
<description>
<editor>Text</editor>
<name>description</name>
<number>3</number>
<prettyName>Description</prettyName>
<rows>5</rows>
<size>40</size>
<unmodifiable>0</unmodifiable>
<classType>com.xpn.xwiki.objects.classes.TextAreaClass</classType>
</description>
<name>
<name>name</name>
<number>1</number>
<prettyName>Name</prettyName>
<size>40</size>
<unmodifiable>0</unmodifiable>
<classType>com.xpn.xwiki.objects.classes.StringClass</classType>
</name>
<type>
<cache>0</cache>
<displayType>select</displayType>
<multiSelect>0</multiSelect>
<name>type</name>
<number>2</number>
<prettyName>Panel type</prettyName>
<relationalStorage>0</relationalStorage>
<separator> </separator>
<separators> ,|</separators>
<size>1</size>
<unmodifiable>0</unmodifiable>
<values>view|edit</values>
<classType>com.xpn.xwiki.objects.classes.StaticListClass</classType>
</type>
</class>
<name>Panels.EditTranslations</name>
<number>0</number>
<className>Panels.PanelClass</className>
<guid>ea2bdd33-1116-457d-890d-5521d429ac2f</guid>
<property>
<category>Information</category>
</property>
<property>
<content>#if($xwiki.isMultiLingual()==true || $showEmptyPanels)
  #largepanelheader($msg.get("panels.translation.title"))
  #if(($request.language)&amp;&amp;($request.language!="default")&amp;&amp;($doc.defaultLanguage!=$request.language))
    #set($forcetrans = $request.language)
    #set($rlanguage = $request.language)
  #else
    #set($forcetrans = "")
    #set($rlanguage = $tdoc.language)
  #end
  #if((!$tdoc.language || $tdoc.language == "" || $tdoc.language == $doc.defaultLanguage)&amp;&amp;($forcetrans==""))
    &lt;div class="important"&gt;&lt;strong&gt;$msg.get("panels.translation.editingOriginal", [${doc.defaultLanguage}])&lt;/strong&gt;&lt;/div&gt;
    #if($!doc.translationList.size() &gt; 0)
      &lt;div&gt;$msg.get("panels.translation.existingTranslations")
      #foreach($translation in $doc.translationList)
        &lt;a href="$doc.getURL("edit", "editor=${editor}&amp;amp;language=${translation}")"&gt;$translation&lt;/a&gt;
      #end
      &lt;/div&gt;
    #end
  #else
    &lt;div class="important"&gt;&lt;strong&gt;$msg.get("panels.translation.editingTranslation", [${rlanguage}])&lt;/strong&gt;&lt;/div&gt;
    &lt;div&gt;$msg.get("panels.translation.originalLanguage", [$doc.getURL("edit", "editor=${editor}&amp;amp;language=${doc.defaultLanguage}"), ${doc.defaultLanguage}])&lt;/div&gt;
    #if($doc.translationList.size() &gt; 1)
      &lt;div&gt;$msg.get("panels.translation.otherTranslations")
      #foreach($translation in $doc.translationList)
        #if($translation != $tdoc.language)
          &lt;a href="$doc.getURL("edit", "editor=${editor}&amp;amp;language=${translation}")"&gt;$translation&lt;/a&gt;
        #end
      #end
      &lt;/div&gt;
    #end
  #end
  &lt;div&gt;
  $msg.get("panels.translation.translate")
  #set($elangs = ",")
  #foreach($elang in $doc.translationList)
    #set($elangs = "${elangs}$elang,")
  #end
  #foreach($olang in $xwiki.getXWikiPreference("languages").split("[|, ]"))
    #if(($elangs.indexOf(",$olang,") == -1) &amp;&amp; ($olang != $doc.defaultLanguage) &amp;&amp; ($olang != $forcetrans))
      &lt;a href="$doc.getURL("edit", "editor=${editor}&amp;amp;language=${olang}")"&gt;$olang&lt;/a&gt;
    #end
  #end
  &lt;/div&gt;
  #panelfooter()
#end</content>
</property>
<property>
<description>Information about the translation being edited and links to other translations.</description>
</property>
<property>
<name>Edit Translations</name>
</property>
<property>
<type>edit</type>
</property>
</object>
<content>#includeForm("Panels.PanelSheet")</content>
</xwikidoc>
