<?xml version="1.0" encoding="UTF-8"?>

<xwikidoc>
<web>Panels</web>
<name>EditModes</name>
<language></language>
<defaultLanguage>en</defaultLanguage>
<translation>0</translation>
<parent>Panels.WebHome</parent>
<creator>XWiki.Admin</creator>
<author>XWiki.Admin</author>
<customClass></customClass>
<contentAuthor>XWiki.Admin</contentAuthor>
<creationDate>1194554016000</creationDate>
<date>1194558497000</date>
<contentUpdateDate>1194558497000</contentUpdateDate>
<version>1.1</version>
<title></title>
<template></template>
<defaultTemplate></defaultTemplate>
<validationScript></validationScript>
<comment></comment>
<minorEdit>false</minorEdit>
<syntaxId>xwiki/1.0</syntaxId>
<hidden>false</hidden>
<object>
<class>
<name>Panels.PanelClass</name>
<customClass></customClass>
<customMapping></customMapping>
<defaultViewSheet></defaultViewSheet>
<defaultEditSheet></defaultEditSheet>
<defaultWeb></defaultWeb>
<nameField></nameField>
<validationScript></validationScript>
<category>
<cache>0</cache>
<displayType>select</displayType>
<multiSelect>0</multiSelect>
<name>category</name>
<number>5</number>
<prettyName>Category</prettyName>
<relationalStorage>0</relationalStorage>
<separator> </separator>
<separators> ,|</separators>
<size>1</size>
<unmodifiable>0</unmodifiable>
<values>Information|Navigation|Tools|Administration|Other</values>
<classType>com.xpn.xwiki.objects.classes.StaticListClass</classType>
</category>
<content>
<editor>Text</editor>
<name>content</name>
<number>4</number>
<prettyName>Content</prettyName>
<rows>25</rows>
<size>60</size>
<unmodifiable>0</unmodifiable>
<classType>com.xpn.xwiki.objects.classes.TextAreaClass</classType>
</content>
<description>
<editor>Text</editor>
<name>description</name>
<number>3</number>
<prettyName>Description</prettyName>
<rows>5</rows>
<size>40</size>
<unmodifiable>0</unmodifiable>
<classType>com.xpn.xwiki.objects.classes.TextAreaClass</classType>
</description>
<name>
<name>name</name>
<number>1</number>
<prettyName>Name</prettyName>
<size>40</size>
<unmodifiable>0</unmodifiable>
<classType>com.xpn.xwiki.objects.classes.StringClass</classType>
</name>
<type>
<cache>0</cache>
<displayType>select</displayType>
<multiSelect>0</multiSelect>
<name>type</name>
<number>2</number>
<prettyName>Panel type</prettyName>
<relationalStorage>0</relationalStorage>
<separator> </separator>
<separators> ,|</separators>
<size>1</size>
<unmodifiable>0</unmodifiable>
<values>view|edit</values>
<classType>com.xpn.xwiki.objects.classes.StaticListClass</classType>
</type>
</class>
<name>Panels.EditModes</name>
<number>0</number>
<className>Panels.PanelClass</className>
<guid>ad355116-56f2-4641-afda-7c8827272368</guid>
<property>
<category>Navigation</category>
</property>
<property>
<content>#largepanelheader($msg.get("chooseeditor"))
###
### Edit mode tabs
###
###
&lt;ul&gt;
&lt;li id="xwikieditwysiwyg"#if($editor &amp;&amp; $editor == "wysiwyg") class="active"#end&gt;&lt;a href="$doc.getURL("edit", "editor=wysiwyg&amp;amp;$param")" onclick="if (checkAdvancedContent('$msg.get("checkadvancedcontent")')==false) return false; return Try.these(function() {document.forms.${formname}.action='$doc.getURL("edit", "editor=wysiwyg&amp;amp;$languageparams&amp;amp;$param")'; document.forms.${formname}.submit(); return false;});"&gt;$msg.get("editVisual")&lt;/a&gt;&lt;/li&gt;
&lt;li id="xwikieditwiki"#if($editor &amp;&amp; $editor == "wiki") class="active"#end&gt;&lt;a href="$doc.getURL("edit", "editor=wiki&amp;amp;$param")" onclick="return Try.these(function() {document.forms.${formname}.action='$doc.getURL("edit", "editor=wiki&amp;amp;$languageparams&amp;amp;$param")'; document.forms.${formname}.submit(); return false;});"&gt;$msg.get("editWiki")&lt;/a&gt;&lt;/li&gt;
#if($isAdvancedUser)&lt;li id="xwikieditobject"#if($editor &amp;&amp; $editor == "object") class="active"#end&gt;&lt;a href="$doc.getURL("edit", "editor=object&amp;amp;$param")"&gt;$msg.get("editObject")&lt;/a&gt;&lt;/li&gt; #end
#if($isAdvancedUser)&lt;li id="xwikieditclass"#if($editor &amp;&amp; $editor == "class") class="active"#end&gt;&lt;a href="$doc.getURL("edit", "editor=class&amp;amp;$param")"&gt;$msg.get("editClass")&lt;/a&gt;&lt;/li&gt; #end
&lt;li id="xwikieditrights"#if($editor &amp;&amp; $editor == "rights") class="active"#end&gt;&lt;a href="$doc.getURL("edit", "editor=rights&amp;amp;$param")"&gt;$msg.get("editRights")&lt;/a&gt;&lt;/li&gt;
&lt;/ul&gt;
#panelfooter()</content>
</property>
<property>
<description>Panel Description</description>
</property>
<property>
<name>EditModes</name>
</property>
<property>
<type>edit</type>
</property>
</object>
<object>
<class>
<name>XWiki.TagClass</name>
<customClass></customClass>
<customMapping></customMapping>
<defaultViewSheet></defaultViewSheet>
<defaultEditSheet></defaultEditSheet>
<defaultWeb></defaultWeb>
<nameField></nameField>
<validationScript></validationScript>
<tags>
<cache>0</cache>
<displayType>checkbox</displayType>
<multiSelect>1</multiSelect>
<name>tags</name>
<number>1</number>
<prettyName>Tags</prettyName>
<relationalStorage>1</relationalStorage>
<separator> </separator>
<separators> ,|</separators>
<size>30</size>
<unmodifiable>0</unmodifiable>
<values></values>
<classType>com.xpn.xwiki.objects.classes.StaticListClass</classType>
</tags>
</class>
<name>Panels.EditModes</name>
<number>0</number>
<className>XWiki.TagClass</className>
<guid>5982e70c-0ab8-4637-a912-372c1453e380</guid>
<property>
<tags/>
</property>
</object>
<content>#includeForm("Panels.PanelSheet")</content>
</xwikidoc>
