<?xml version="1.0" encoding="UTF-8"?>

<xwikidoc>
<web>Panels</web>
<name>IncludedDocuments</name>
<language></language>
<defaultLanguage>en</defaultLanguage>
<translation>0</translation>
<parent>Panels.WebHome</parent>
<creator>XWiki.Admin</creator>
<author>XWiki.Admin</author>
<customClass></customClass>
<contentAuthor>XWiki.Admin</contentAuthor>
<creationDate>1153917315000</creationDate>
<date>1166177444000</date>
<contentUpdateDate>1169801141000</contentUpdateDate>
<version>1.1</version>
<title></title>
<template></template>
<defaultTemplate></defaultTemplate>
<validationScript></validationScript>
<comment></comment>
<minorEdit>false</minorEdit>
<syntaxId>xwiki/1.0</syntaxId>
<hidden>false</hidden>
<object>
<class>
<name>Panels.PanelClass</name>
<customClass></customClass>
<customMapping></customMapping>
<defaultViewSheet></defaultViewSheet>
<defaultEditSheet></defaultEditSheet>
<defaultWeb></defaultWeb>
<nameField></nameField>
<validationScript></validationScript>
<category>
<cache>0</cache>
<displayType>select</displayType>
<multiSelect>0</multiSelect>
<name>category</name>
<number>5</number>
<prettyName>Category</prettyName>
<relationalStorage>0</relationalStorage>
<separator> </separator>
<separators> ,|</separators>
<size>1</size>
<unmodifiable>0</unmodifiable>
<values>Information|Navigation|Tools|Administration|Other</values>
<classType>com.xpn.xwiki.objects.classes.StaticListClass</classType>
</category>
<content>
<editor>Text</editor>
<name>content</name>
<number>4</number>
<prettyName>Content</prettyName>
<rows>25</rows>
<size>60</size>
<unmodifiable>0</unmodifiable>
<classType>com.xpn.xwiki.objects.classes.TextAreaClass</classType>
</content>
<description>
<editor>Text</editor>
<name>description</name>
<number>3</number>
<prettyName>Description</prettyName>
<rows>5</rows>
<size>40</size>
<unmodifiable>0</unmodifiable>
<classType>com.xpn.xwiki.objects.classes.TextAreaClass</classType>
</description>
<name>
<name>name</name>
<number>1</number>
<prettyName>Name</prettyName>
<size>40</size>
<unmodifiable>0</unmodifiable>
<classType>com.xpn.xwiki.objects.classes.StringClass</classType>
</name>
<type>
<cache>0</cache>
<displayType>select</displayType>
<multiSelect>0</multiSelect>
<name>type</name>
<number>2</number>
<prettyName>Panel type</prettyName>
<relationalStorage>0</relationalStorage>
<separator> </separator>
<separators> ,|</separators>
<size>1</size>
<unmodifiable>0</unmodifiable>
<values>view|edit</values>
<classType>com.xpn.xwiki.objects.classes.StaticListClass</classType>
</type>
</class>
<name>Panels.IncludedDocuments</name>
<number>0</number>
<className>Panels.PanelClass</className>
<guid>e894b946-e534-41a8-80ec-c192f08c8e42</guid>
<property>
<category>Information</category>
</property>
<property>
<content>#set($pages = $tdoc.includedPages)
#if($pages.size() &gt; 0 || $showEmptyPanels)
#largepanelheader($msg.get("xe.panels.document.information"))
#if($pages.size() == 1)
$xwiki.parseMessage("editincludepagemsgone"):
#else
$xwiki.parseMessage("editincludepagemsgmore"):
#end
&lt;table summary="$msg.get("includeddocumentssummary")" id="xwikiincludeddocuments"&gt;
&lt;tbody&gt;
#foreach ($page in $pages)
&lt;tr&gt;&lt;td&gt;&lt;a href="$xwiki.getURL($page, "view")"&gt;$page&lt;/a&gt;&lt;/td&gt;
&lt;td class="xwikibuttonlink"&gt;&lt;a href="$xwiki.getURL($page, "edit")"&gt;$msg.get("edit")&lt;/a&gt;&lt;/td&gt;&lt;/tr&gt;
#end
&lt;/tbody&gt;
&lt;/table&gt;
#panelfooter()
#end</content>
</property>
<property>
<description>Displays the documents included in the curent document.</description>
</property>
<property>
<name>Included documents</name>
</property>
<property>
<type>edit</type>
</property>
</object>
<content>#includeForm("Panels.PanelSheet")</content>
</xwikidoc>
