<?xml version="1.0" encoding="UTF-8"?>

<xwikidoc>
<web>Panels</web>
<name>MyRecentModifications</name>
<language></language>
<defaultLanguage></defaultLanguage>
<translation>0</translation>
<parent>Panels.WebHome</parent>
<creator>XWiki.Admin</creator>
<author>XWiki.Admin</author>
<customClass></customClass>
<contentAuthor>XWiki.Admin</contentAuthor>
<creationDate>1158309516000</creationDate>
<date>1184494584000</date>
<contentUpdateDate>1184494584000</contentUpdateDate>
<version>1.1</version>
<title></title>
<template></template>
<defaultTemplate></defaultTemplate>
<validationScript></validationScript>
<comment></comment>
<minorEdit>false</minorEdit>
<syntaxId>xwiki/1.0</syntaxId>
<hidden>false</hidden>
<object>
<class>
<name>Panels.PanelClass</name>
<customClass></customClass>
<customMapping></customMapping>
<defaultViewSheet></defaultViewSheet>
<defaultEditSheet></defaultEditSheet>
<defaultWeb></defaultWeb>
<nameField></nameField>
<validationScript></validationScript>
<category>
<cache>0</cache>
<displayType>select</displayType>
<multiSelect>0</multiSelect>
<name>category</name>
<number>5</number>
<prettyName>Category</prettyName>
<relationalStorage>0</relationalStorage>
<separator> </separator>
<separators> ,|</separators>
<size>1</size>
<unmodifiable>0</unmodifiable>
<values>Information|Navigation|Tools|Administration|Other</values>
<classType>com.xpn.xwiki.objects.classes.StaticListClass</classType>
</category>
<content>
<editor>Text</editor>
<name>content</name>
<number>4</number>
<prettyName>Content</prettyName>
<rows>25</rows>
<size>60</size>
<unmodifiable>0</unmodifiable>
<classType>com.xpn.xwiki.objects.classes.TextAreaClass</classType>
</content>
<description>
<editor>Text</editor>
<name>description</name>
<number>3</number>
<prettyName>Description</prettyName>
<rows>5</rows>
<size>40</size>
<unmodifiable>0</unmodifiable>
<classType>com.xpn.xwiki.objects.classes.TextAreaClass</classType>
</description>
<name>
<name>name</name>
<number>1</number>
<prettyName>Name</prettyName>
<size>40</size>
<unmodifiable>0</unmodifiable>
<classType>com.xpn.xwiki.objects.classes.StringClass</classType>
</name>
<type>
<cache>0</cache>
<displayType>select</displayType>
<multiSelect>0</multiSelect>
<name>type</name>
<number>2</number>
<prettyName>Panel type</prettyName>
<relationalStorage>0</relationalStorage>
<separator> </separator>
<separators> ,|</separators>
<size>1</size>
<unmodifiable>0</unmodifiable>
<values>view|edit</values>
<classType>com.xpn.xwiki.objects.classes.StaticListClass</classType>
</type>
</class>
<name>Panels.MyRecentModifications</name>
<number>0</number>
<className>Panels.PanelClass</className>
<guid>a95f89ac-54b1-4c28-ba66-85da9024987a</guid>
<property>
<category>Information</category>
</property>
<property>
<content>#set($recentDocs = $xwiki.searchDocuments("where 1=1 and doc.author='$context.user' order by doc.date desc", 5, 0))
#if($recentDocs.size() &gt; 0 || $showEmptyPanels)
#panelheader($msg.get("xe.panels.modifications.my"))
#set($first = true)
#foreach($docname in $recentDocs)
#set($rdoc = $xwiki.getDocument($docname).getTranslatedDocument())
#if($first == true)
#set($first = false)
#else
&lt;span class="pitemseparator"&gt; | &lt;/span&gt;
#end
&lt;span class="panelitem"&gt;&lt;a href="$rdoc.getURL('view')"&gt;$xwiki.getXMLEncoded($rdoc.displayTitle)&lt;/a&gt;&lt;/span&gt;
#end
#panelfooter()
#end</content>
</property>
<property>
<description>List the last 5 documents modified by the current user.</description>
</property>
<property>
<name>My Recent Modifications</name>
</property>
<property>
<type>view</type>
</property>
</object>
<object>
<class>
<name>XWiki.TagClass</name>
<customClass></customClass>
<customMapping></customMapping>
<defaultViewSheet></defaultViewSheet>
<defaultEditSheet></defaultEditSheet>
<defaultWeb></defaultWeb>
<nameField></nameField>
<validationScript></validationScript>
<tags>
<cache>0</cache>
<displayType>checkbox</displayType>
<multiSelect>1</multiSelect>
<name>tags</name>
<number>1</number>
<prettyName>Tags</prettyName>
<relationalStorage>1</relationalStorage>
<separator> </separator>
<separators> ,|</separators>
<size>30</size>
<unmodifiable>0</unmodifiable>
<values></values>
<classType>com.xpn.xwiki.objects.classes.StaticListClass</classType>
</tags>
</class>
<name>Panels.MyRecentModifications</name>
<number>0</number>
<className>XWiki.TagClass</className>
<guid>ca1a8a1c-ef6a-4016-9398-742413666635</guid>
<property>
<tags/>
</property>
</object>
<content>#includeForm("Panels.PanelSheet")</content>
</xwikidoc>
