<?xml version="1.0" encoding="UTF-8"?>

<xwikidoc>
<web>Panels</web>
<name>Navigation</name>
<language></language>
<defaultLanguage>en</defaultLanguage>
<translation>0</translation>
<parent>Panels.WebHome</parent>
<creator>XWiki.Admin</creator>
<author>XWiki.Alex</author>
<customClass></customClass>
<contentAuthor>XWiki.Alex</contentAuthor>
<creationDate>1165426047000</creationDate>
<date>1276772613000</date>
<contentUpdateDate>1276772613000</contentUpdateDate>
<version>4.1</version>
<title></title>
<template></template>
<defaultTemplate></defaultTemplate>
<validationScript></validationScript>
<comment></comment>
<minorEdit>false</minorEdit>
<syntaxId>xwiki/1.0</syntaxId>
<hidden>false</hidden>
<object>
<class>
<name>Panels.PanelClass</name>
<customClass></customClass>
<customMapping></customMapping>
<defaultViewSheet></defaultViewSheet>
<defaultEditSheet></defaultEditSheet>
<defaultWeb></defaultWeb>
<nameField></nameField>
<validationScript></validationScript>
<category>
<cache>0</cache>
<displayType>select</displayType>
<multiSelect>0</multiSelect>
<name>category</name>
<number>5</number>
<prettyName>Category</prettyName>
<relationalStorage>0</relationalStorage>
<separator> </separator>
<separators> ,|</separators>
<size>1</size>
<unmodifiable>0</unmodifiable>
<values>Information|Navigation|Tools|Administration|Other</values>
<classType>com.xpn.xwiki.objects.classes.StaticListClass</classType>
</category>
<content>
<editor>Text</editor>
<name>content</name>
<number>4</number>
<prettyName>Content</prettyName>
<rows>25</rows>
<size>60</size>
<unmodifiable>0</unmodifiable>
<classType>com.xpn.xwiki.objects.classes.TextAreaClass</classType>
</content>
<description>
<editor>Text</editor>
<name>description</name>
<number>3</number>
<prettyName>Description</prettyName>
<rows>5</rows>
<size>40</size>
<unmodifiable>0</unmodifiable>
<classType>com.xpn.xwiki.objects.classes.TextAreaClass</classType>
</description>
<name>
<name>name</name>
<number>1</number>
<prettyName>Name</prettyName>
<size>40</size>
<unmodifiable>0</unmodifiable>
<classType>com.xpn.xwiki.objects.classes.StringClass</classType>
</name>
<type>
<cache>0</cache>
<displayType>select</displayType>
<multiSelect>0</multiSelect>
<name>type</name>
<number>2</number>
<prettyName>Panel type</prettyName>
<relationalStorage>0</relationalStorage>
<separator> </separator>
<separators> ,|</separators>
<size>1</size>
<unmodifiable>0</unmodifiable>
<values>view|edit</values>
<classType>com.xpn.xwiki.objects.classes.StaticListClass</classType>
</type>
</class>
<name>Panels.Navigation</name>
<number>0</number>
<className>Panels.PanelClass</className>
<guid>9f91c058-54cd-4e1a-8685-e0a00241e0f2</guid>
<property>
<category>Navigation</category>
</property>
<property>
<content>#panelheader($msg.get('xe.panels.navigation'))

#set ($hiddenPages = ['Main.WebRss', 'Main.WebSearch', 'Main.LuceneSearch', 'Main.WebSearchRss', 'Main.BlogRss', 'Blog.Macros', 'Main.TagsRss', 'Main.RegisterNewUserAction', 'Main.SpaceIndex', 'Blog.Category'])

#set ($hiddenSpaces = ['Blog', 'XWiki', 'Main', 'Colorthemes', 'Panels', 'Stats', 'Sandbox', 'Scheduler', 'Links to PDFs'])

#set ($blacklistedPages = ['WebPreferences'])

&lt;div id="xwikinavcontainer"&gt;
#set($spaces = $xwiki.spaces)
#set($i = 0)
#set($spacecount = 0)
&lt;div id="xwikinav" class="accordion"&gt;
#foreach($space in $spaces)
  #if ($hasAdmin || ($xwiki.hasAccessLevel('view', "${space}.WebHome") &amp;&amp; !$blacklistedSpaces.contains($space)
&amp;&amp; !$hiddenSpaces.contains($space)))
    #if ($doc.space == $space)
      #set ($spacecount = $i)
    #end
    #set($i = $i + 1)
    &lt;div id="xwikinav${space}"&gt;
    &lt;div id="xwikinav${space}Header" class="accordionTabTitleBar"&gt;&lt;h1&gt;$space&lt;/h1&gt;&lt;/div&gt;
    &lt;div id="xwikinav${space}Content" class="accordionTabContentBox"&gt;
    #set ($escapedSpace = $space.replaceAll("'", "''"))
    #set($hql = $xwiki.searchDocuments("doc.space='$escapedSpace' order by doc.name"))
    #foreach($page in $hql)
      #if (!$hiddenPages.contains($page) || $hasAdmin)
        #set($dotIndex = $page.indexOf('.')+1)
        #set($pageName = $page.substring($dotIndex))
        #if (!$blacklistedPages.contains($pageName) || $hasAdmin)
          #if ($doc.fullName == $page)
            - *${doc.name}*
          #else
            - [$page]
          #end
        #end
      #end
    #end
    &lt;/div&gt;
    &lt;/div&gt;
  #end
#end
&lt;/div&gt;
&lt;/div&gt;
$xwiki.jsfx.use('js/scriptaculous/scriptaculous.js')
$xwiki.jsfx.use('js/xwiki/accordion/accordion.js')
&lt;script type="text/javascript"&gt;
var obj = {div:'xwikinav',no:$spacecount,height:250};
var acc = createAccordion(obj);
&lt;/script&gt;
#panelfooter()</content>
</property>
<property>
<description>Lists all spaces and all documents in the spaces. Note that administration spaces and pages are only displayed for Administrators. This Panel provides a default automated navigation. However when your wiki grows you'll usually want to replace it with your own fixed navigation for which you'll create another Panel.</description>
</property>
<property>
<name>Navigation</name>
</property>
<property>
<type>view</type>
</property>
</object>
<object>
<class>
<name>XWiki.TagClass</name>
<customClass></customClass>
<customMapping></customMapping>
<defaultViewSheet></defaultViewSheet>
<defaultEditSheet></defaultEditSheet>
<defaultWeb></defaultWeb>
<nameField></nameField>
<validationScript></validationScript>
<tags>
<cache>0</cache>
<displayType>checkbox</displayType>
<multiSelect>1</multiSelect>
<name>tags</name>
<number>1</number>
<prettyName>Tags</prettyName>
<relationalStorage>1</relationalStorage>
<separator> </separator>
<separators> ,|</separators>
<size>30</size>
<unmodifiable>0</unmodifiable>
<values></values>
<classType>com.xpn.xwiki.objects.classes.StaticListClass</classType>
</tags>
</class>
<name>Panels.Navigation</name>
<number>0</number>
<className>XWiki.TagClass</className>
<guid>7267047f-1b30-46da-a922-1cb88cdf13cd</guid>
<property>
<tags/>
</property>
</object>
<content>#includeForm("Panels.PanelSheet")</content>
</xwikidoc>
