<?xml version="1.0" encoding="UTF-8"?>

<xwikidoc>
<web>Panels</web>
<name>NewPage</name>
<language></language>
<defaultLanguage>en</defaultLanguage>
<translation>0</translation>
<parent>Panels.WebHome</parent>
<creator>XWiki.Admin</creator>
<author>XWiki.XWikiGuest</author>
<customClass></customClass>
<contentAuthor>XWiki.Admin</contentAuthor>
<creationDate>1154962980000</creationDate>
<date>1344173982000</date>
<contentUpdateDate>1176301876000</contentUpdateDate>
<version>1.3</version>
<title></title>
<template></template>
<defaultTemplate></defaultTemplate>
<validationScript></validationScript>
<comment>Added comment</comment>
<minorEdit>true</minorEdit>
<syntaxId>xwiki/1.0</syntaxId>
<hidden>false</hidden>
<object>
<class>
<name>Panels.PanelClass</name>
<customClass></customClass>
<customMapping></customMapping>
<defaultViewSheet></defaultViewSheet>
<defaultEditSheet></defaultEditSheet>
<defaultWeb></defaultWeb>
<nameField></nameField>
<validationScript></validationScript>
<category>
<cache>0</cache>
<displayType>select</displayType>
<multiSelect>0</multiSelect>
<name>category</name>
<number>5</number>
<prettyName>Category</prettyName>
<relationalStorage>0</relationalStorage>
<separator> </separator>
<separators> ,|</separators>
<size>1</size>
<unmodifiable>0</unmodifiable>
<values>Information|Navigation|Tools|Administration|Other</values>
<classType>com.xpn.xwiki.objects.classes.StaticListClass</classType>
</category>
<content>
<editor>Text</editor>
<name>content</name>
<number>4</number>
<prettyName>Content</prettyName>
<rows>25</rows>
<size>60</size>
<unmodifiable>0</unmodifiable>
<classType>com.xpn.xwiki.objects.classes.TextAreaClass</classType>
</content>
<description>
<editor>Text</editor>
<name>description</name>
<number>3</number>
<prettyName>Description</prettyName>
<rows>5</rows>
<size>40</size>
<unmodifiable>0</unmodifiable>
<classType>com.xpn.xwiki.objects.classes.TextAreaClass</classType>
</description>
<name>
<name>name</name>
<number>1</number>
<prettyName>Name</prettyName>
<size>40</size>
<unmodifiable>0</unmodifiable>
<classType>com.xpn.xwiki.objects.classes.StringClass</classType>
</name>
<type>
<cache>0</cache>
<displayType>select</displayType>
<multiSelect>0</multiSelect>
<name>type</name>
<number>2</number>
<prettyName>Panel type</prettyName>
<relationalStorage>0</relationalStorage>
<separator> </separator>
<separators> ,|</separators>
<size>1</size>
<unmodifiable>0</unmodifiable>
<values>view|edit</values>
<classType>com.xpn.xwiki.objects.classes.StaticListClass</classType>
</type>
</class>
<name>Panels.NewPage</name>
<number>0</number>
<className>Panels.PanelClass</className>
<guid>d901d257-0a77-49ed-9706-809599538ae9</guid>
<property>
<category>Tools</category>
</property>
<property>
<content>#if($hasEdit || $showEmptyPanels)
#panelheader($msg.get("create"))
&lt;form method="post" action="$doc.getURL("view", "xpage=create")"&gt;
&lt;div class="padded centered"&gt;
&lt;select name="tocreate" class="panelselect"&gt;
  &lt;option value="page"&gt;$msg.get("xe.panels.new.page")&lt;/option&gt;
  &lt;option value="space"&gt;$msg.get("xe.panels.new.space")&lt;/option&gt;
&lt;/select&gt;
&lt;/div&gt;
&lt;div class="padded centered"&gt;
&lt;input type="hidden" name="template" value="" /&gt;
&lt;input type="text" name="title" value="$msg.get("xe.panels.new.name")" class="panelinput" style="margin:auto;" onfocus="if(this.value=='$msg.get("xe.panels.new.name")') this.value=''" onblur="if(this.value=='') this.value='$msg.get("xe.panels.new.name")'"/&gt;
&lt;/div&gt;
&lt;div class="padded centered" style="text-align:center;"&gt;
&lt;input type="submit" class="button" style="margin:auto;" value="$msg.get("create")"/&gt;
&lt;/div&gt;
&lt;p style="font-size:0.75em;padding-left:8px;"&gt;$msg.get("xe.panels.new.pageinfo")&lt;/p&gt;
&lt;/form&gt;
#panelfooter()
#end</content>
</property>
<property>
<description>Form for creating a new page in the wiki.</description>
</property>
<property>
<name>New Page</name>
</property>
<property>
<type>view</type>
</property>
</object>
<object>
<class>
<name>XWiki.TagClass</name>
<customClass></customClass>
<customMapping></customMapping>
<defaultViewSheet></defaultViewSheet>
<defaultEditSheet></defaultEditSheet>
<defaultWeb></defaultWeb>
<nameField></nameField>
<validationScript></validationScript>
<tags>
<cache>0</cache>
<displayType>checkbox</displayType>
<multiSelect>1</multiSelect>
<name>tags</name>
<number>1</number>
<prettyName>Tags</prettyName>
<relationalStorage>1</relationalStorage>
<separator> </separator>
<separators> ,|</separators>
<size>30</size>
<unmodifiable>0</unmodifiable>
<values></values>
<classType>com.xpn.xwiki.objects.classes.StaticListClass</classType>
</tags>
</class>
<name>Panels.NewPage</name>
<number>0</number>
<className>XWiki.TagClass</className>
<guid>7b7bfeeb-dbb0-4789-aaef-153e1256b786</guid>
<property>
<tags/>
</property>
</object>
<object>
<class>
<name>XWiki.XWikiComments</name>
<customClass></customClass>
<customMapping></customMapping>
<defaultViewSheet></defaultViewSheet>
<defaultEditSheet></defaultEditSheet>
<defaultWeb></defaultWeb>
<nameField></nameField>
<validationScript></validationScript>
<author>
<name>author</name>
<number>1</number>
<prettyName>Author</prettyName>
<size>30</size>
<unmodifiable>0</unmodifiable>
<classType>com.xpn.xwiki.objects.classes.StringClass</classType>
</author>
<comment>
<name>comment</name>
<number>5</number>
<prettyName>Comment</prettyName>
<rows>5</rows>
<size>40</size>
<unmodifiable>0</unmodifiable>
<classType>com.xpn.xwiki.objects.classes.TextAreaClass</classType>
</comment>
<date>
<dateFormat>dd/MM/yyyy HH:mm:ss</dateFormat>
<emptyIsToday>1</emptyIsToday>
<name>date</name>
<number>4</number>
<picker>1</picker>
<prettyName>Date</prettyName>
<size>20</size>
<unmodifiable>0</unmodifiable>
<classType>com.xpn.xwiki.objects.classes.DateClass</classType>
</date>
<highlight>
<name>highlight</name>
<number>2</number>
<prettyName>Highlighted Text</prettyName>
<rows>2</rows>
<size>40</size>
<unmodifiable>0</unmodifiable>
<classType>com.xpn.xwiki.objects.classes.TextAreaClass</classType>
</highlight>
<replyto>
<name>replyto</name>
<number>3</number>
<numberType>integer</numberType>
<prettyName>Reply To</prettyName>
<size>5</size>
<unmodifiable>0</unmodifiable>
<classType>com.xpn.xwiki.objects.classes.NumberClass</classType>
</replyto>
</class>
<name>Panels.NewPage</name>
<number>0</number>
<className>XWiki.XWikiComments</className>
<guid>94ea77c2-d649-4277-b14b-f450806b70f8</guid>
<property>
<author>nynscu</author>
</property>
<property>
<comment>IoV49E  &lt;a href="http://moscbyzyaciu.com/"&gt;moscbyzyaciu&lt;/a&gt;, [url=http://tqbuyoazymcy.com/]tqbuyoazymcy[/url], [link=http://wovrslhonfsi.com/]wovrslhonfsi[/link], http://ladudpotafwu.com/</comment>
</property>
<property>
<date>2012-08-04 18:26:03.0</date>
</property>
<property>
<replyto></replyto>
</property>
</object>
<object>
<class>
<name>XWiki.XWikiComments</name>
<customClass></customClass>
<customMapping></customMapping>
<defaultViewSheet></defaultViewSheet>
<defaultEditSheet></defaultEditSheet>
<defaultWeb></defaultWeb>
<nameField></nameField>
<validationScript></validationScript>
<author>
<name>author</name>
<number>1</number>
<prettyName>Author</prettyName>
<size>30</size>
<unmodifiable>0</unmodifiable>
<classType>com.xpn.xwiki.objects.classes.StringClass</classType>
</author>
<comment>
<name>comment</name>
<number>5</number>
<prettyName>Comment</prettyName>
<rows>5</rows>
<size>40</size>
<unmodifiable>0</unmodifiable>
<classType>com.xpn.xwiki.objects.classes.TextAreaClass</classType>
</comment>
<date>
<dateFormat>dd/MM/yyyy HH:mm:ss</dateFormat>
<emptyIsToday>1</emptyIsToday>
<name>date</name>
<number>4</number>
<picker>1</picker>
<prettyName>Date</prettyName>
<size>20</size>
<unmodifiable>0</unmodifiable>
<classType>com.xpn.xwiki.objects.classes.DateClass</classType>
</date>
<highlight>
<name>highlight</name>
<number>2</number>
<prettyName>Highlighted Text</prettyName>
<rows>2</rows>
<size>40</size>
<unmodifiable>0</unmodifiable>
<classType>com.xpn.xwiki.objects.classes.TextAreaClass</classType>
</highlight>
<replyto>
<name>replyto</name>
<number>3</number>
<numberType>integer</numberType>
<prettyName>Reply To</prettyName>
<size>5</size>
<unmodifiable>0</unmodifiable>
<classType>com.xpn.xwiki.objects.classes.NumberClass</classType>
</replyto>
</class>
<name>Panels.NewPage</name>
<number>1</number>
<className>XWiki.XWikiComments</className>
<guid>bf97cf9d-acba-4840-bcd7-f8ab7b2ef318</guid>
<property>
<author>omlrqexgr</author>
</property>
<property>
<comment>SEowpA  &lt;a href="http://jnqxounwajsf.com/"&gt;jnqxounwajsf&lt;/a&gt;, [url=http://llwbyutcdgup.com/]llwbyutcdgup[/url], [link=http://lbxeqmdkwchf.com/]lbxeqmdkwchf[/link], http://tltlkzyyical.com/</comment>
</property>
<property>
<date>2012-08-05 15:39:42.0</date>
</property>
<property>
<replyto></replyto>
</property>
</object>
<content>#includeForm("Panels.PanelSheet")</content>
</xwikidoc>
