<?xml version="1.0" encoding="UTF-8"?>

<xwikidoc>
<web>Panels</web>
<name>PanelSheet</name>
<language></language>
<defaultLanguage>en</defaultLanguage>
<translation>0</translation>
<parent>Panels.PanelClass</parent>
<creator>XWiki.Admin</creator>
<author>XWiki.Admin</author>
<customClass></customClass>
<contentAuthor>XWiki.Admin</contentAuthor>
<creationDate>1157353355000</creationDate>
<date>1166177445000</date>
<contentUpdateDate>1169801141000</contentUpdateDate>
<version>1.1</version>
<title></title>
<template></template>
<defaultTemplate></defaultTemplate>
<validationScript></validationScript>
<comment></comment>
<minorEdit>false</minorEdit>
<syntaxId>xwiki/1.0</syntaxId>
<hidden>true</hidden>
<object>
<class>
<name>XWiki.SheetClass</name>
<customClass></customClass>
<customMapping></customMapping>
<defaultViewSheet></defaultViewSheet>
<defaultEditSheet></defaultEditSheet>
<defaultWeb></defaultWeb>
<nameField></nameField>
<validationScript></validationScript>
<defaultEditMode>
<name>defaultEditMode</name>
<number>1</number>
<prettyName>Default Edit Mode</prettyName>
<size>15</size>
<unmodifiable>0</unmodifiable>
<classType>com.xpn.xwiki.objects.classes.StringClass</classType>
</defaultEditMode>
</class>
<name>Panels.PanelSheet</name>
<number>0</number>
<className>XWiki.SheetClass</className>
<guid>8784c1bf-9687-4172-8eeb-0d8597f4a1b4</guid>
<property>
<defaultEditMode></defaultEditMode>
</property>
</object>
<content>#macro(displayPropName $prop)
#if($msg.get("$class.getName()_$prop.name") == "$class.getName()_$prop.name")
$prop.prettyName#else
$msg.get($prop.name)#end
#end
#set($obj = "")
#set($obj = $doc.getObject("Panels.PanelClass"))
#set($class = $obj.xWikiClass)
&lt;table&gt;
  &lt;tr&gt;
    &lt;td class="label"&gt;&lt;label&gt;#displayPropName($class.get("name")):&lt;/label&gt;&lt;/td&gt;
    &lt;td&gt;$doc.display("name", $obj)&lt;/td&gt;
  &lt;/tr&gt;
  &lt;tr&gt;
    &lt;td class="label"&gt;&lt;label&gt;#displayPropName($class.get("type")):&lt;/label&gt;&lt;/td&gt;
    &lt;td&gt;$doc.display("type", $obj)&lt;/td&gt;
  &lt;/tr&gt;
  &lt;tr&gt;
    &lt;td class="label"&gt;&lt;label&gt;#displayPropName($class.get("category")):&lt;/label&gt;&lt;/td&gt;
    &lt;td&gt;$doc.display("category", $obj)&lt;/td&gt;
  &lt;/tr&gt;
  &lt;tr&gt;
    &lt;td class="label"&gt;&lt;label&gt;#displayPropName($class.get("description")):&lt;/label&gt;&lt;/td&gt;
    &lt;td&gt;$doc.display("description", $obj)&lt;/td&gt;
  &lt;/tr&gt;
  &lt;tr&gt;
    &lt;td class="label"&gt;&lt;label&gt;#displayPropName($class.get("content")):&lt;/label&gt;&lt;/td&gt;
##    &lt;td&gt;$doc.display("content", $obj)&lt;/td&gt;
##      &lt;td&gt;$doc.displayEdit($class.get("content"), "", $obj){/pre}&lt;/td&gt;
    &lt;td&gt;#displaypanelcontent($doc $obj)&lt;/td&gt;
  &lt;/tr&gt;
&lt;/table&gt;</content>
</xwikidoc>
