<?xml version="1.0" encoding="UTF-8"?>

<xwikidoc>
<web>Panels</web>
<name>QuickLinks</name>
<language></language>
<defaultLanguage></defaultLanguage>
<translation>0</translation>
<parent>Panels.WebHome</parent>
<creator>XWiki.Admin</creator>
<author>XWiki.Admin</author>
<customClass></customClass>
<contentAuthor>XWiki.Admin</contentAuthor>
<creationDate>1184164385000</creationDate>
<date>1184180501000</date>
<contentUpdateDate>1184180501000</contentUpdateDate>
<version>1.1</version>
<title></title>
<template></template>
<defaultTemplate></defaultTemplate>
<validationScript></validationScript>
<comment></comment>
<minorEdit>false</minorEdit>
<syntaxId>xwiki/1.0</syntaxId>
<hidden>false</hidden>
<object>
<class>
<name>Panels.PanelClass</name>
<customClass></customClass>
<customMapping></customMapping>
<defaultViewSheet></defaultViewSheet>
<defaultEditSheet></defaultEditSheet>
<defaultWeb></defaultWeb>
<nameField></nameField>
<validationScript></validationScript>
<category>
<cache>0</cache>
<displayType>select</displayType>
<multiSelect>0</multiSelect>
<name>category</name>
<number>5</number>
<prettyName>Category</prettyName>
<relationalStorage>0</relationalStorage>
<separator> </separator>
<separators> ,|</separators>
<size>1</size>
<unmodifiable>0</unmodifiable>
<values>Information|Navigation|Tools|Administration|Other</values>
<classType>com.xpn.xwiki.objects.classes.StaticListClass</classType>
</category>
<content>
<editor>Text</editor>
<name>content</name>
<number>4</number>
<prettyName>Content</prettyName>
<rows>25</rows>
<size>60</size>
<unmodifiable>0</unmodifiable>
<classType>com.xpn.xwiki.objects.classes.TextAreaClass</classType>
</content>
<description>
<editor>Text</editor>
<name>description</name>
<number>3</number>
<prettyName>Description</prettyName>
<rows>5</rows>
<size>40</size>
<unmodifiable>0</unmodifiable>
<classType>com.xpn.xwiki.objects.classes.TextAreaClass</classType>
</description>
<name>
<name>name</name>
<number>1</number>
<prettyName>Name</prettyName>
<size>40</size>
<unmodifiable>0</unmodifiable>
<classType>com.xpn.xwiki.objects.classes.StringClass</classType>
</name>
<type>
<cache>0</cache>
<displayType>select</displayType>
<multiSelect>0</multiSelect>
<name>type</name>
<number>2</number>
<prettyName>Panel type</prettyName>
<relationalStorage>0</relationalStorage>
<separator> </separator>
<separators> ,|</separators>
<size>1</size>
<unmodifiable>0</unmodifiable>
<values>view|edit</values>
<classType>com.xpn.xwiki.objects.classes.StaticListClass</classType>
</type>
</class>
<name>Panels.QuickLinks</name>
<number>0</number>
<className>Panels.PanelClass</className>
<guid>2c24a125-c62e-49bb-961e-9fc16a8293b9</guid>
<property>
<category>Information</category>
</property>
<property>
<content>#panelheader($msg.get("xe.panels.quicklinks"))
* [$msg.get("xe.panels.quicklinks.dashboard")&gt;Main.WebHome] &lt;a href="$xwiki.getURL('Main.WebRss', 'view', 'xpage=plain')"&gt;&lt;img src="$xwiki.getSkinFile('icons/xwiki/rss-medium.png')" alt="(RSS)" title="RSS feed for wiki updates" class="icon rss"/&gt;&lt;/a&gt;
* [$msg.get("xe.panels.quicklinks.index")&gt;Main.AllDocs]
* [$msg.get("xe.panels.quicklinks.blog")&gt;Blog.WebHome] &lt;a href="$xwiki.getURL('Blog.GlobalBlogRss', 'view', 'xpage=plain')"&gt;&lt;img src="$xwiki.getSkinFile('icons/xwiki/rss-medium.png')" alt="(RSS)" title="RSS feed for blog posts" class="icon rss"/&gt;&lt;/a&gt;
* [$msg.get("xe.panels.quicklinks.sandbox")&gt;Sandbox.WebHome]
#if ($xwiki.hasAdminRights())
&lt;p&gt;&lt;a href="$xwiki.getDocument("Panels.QuickLinks").getURL("inline")"&gt;$msg.get("xe.panels.edit")&lt;/a&gt;&lt;/p&gt;
#end
#panelfooter()</content>
</property>
<property>
<description>Important Navigation Links</description>
</property>
<property>
<name>QuickLinks</name>
</property>
<property>
<type>view</type>
</property>
</object>
<content>#includeForm("Panels.PanelSheet")</content>
</xwikidoc>
