<?xml version="1.0" encoding="UTF-8"?>

<xwikidoc>
<web>Panels</web>
<name>Recently Modified</name>
<language></language>
<defaultLanguage></defaultLanguage>
<translation>0</translation>
<parent>Panels.WebHome</parent>
<creator>XWiki.Admin</creator>
<author>XWiki.Admin</author>
<customClass></customClass>
<contentAuthor>XWiki.Admin</contentAuthor>
<creationDate>1180530469000</creationDate>
<date>1180533640000</date>
<contentUpdateDate>1180533640000</contentUpdateDate>
<version>1.1</version>
<title>Recently modified documents</title>
<template></template>
<defaultTemplate></defaultTemplate>
<validationScript></validationScript>
<comment></comment>
<minorEdit>false</minorEdit>
<syntaxId>xwiki/1.0</syntaxId>
<hidden>false</hidden>
<object>
<class>
<name>Panels.PanelClass</name>
<customClass></customClass>
<customMapping></customMapping>
<defaultViewSheet></defaultViewSheet>
<defaultEditSheet></defaultEditSheet>
<defaultWeb></defaultWeb>
<nameField></nameField>
<validationScript></validationScript>
<category>
<cache>0</cache>
<displayType>select</displayType>
<multiSelect>0</multiSelect>
<name>category</name>
<number>5</number>
<prettyName>Category</prettyName>
<relationalStorage>0</relationalStorage>
<separator> </separator>
<separators> ,|</separators>
<size>1</size>
<unmodifiable>0</unmodifiable>
<values>Information|Navigation|Tools|Administration|Other</values>
<classType>com.xpn.xwiki.objects.classes.StaticListClass</classType>
</category>
<content>
<editor>Text</editor>
<name>content</name>
<number>4</number>
<prettyName>Content</prettyName>
<rows>25</rows>
<size>60</size>
<unmodifiable>0</unmodifiable>
<classType>com.xpn.xwiki.objects.classes.TextAreaClass</classType>
</content>
<description>
<editor>Text</editor>
<name>description</name>
<number>3</number>
<prettyName>Description</prettyName>
<rows>5</rows>
<size>40</size>
<unmodifiable>0</unmodifiable>
<classType>com.xpn.xwiki.objects.classes.TextAreaClass</classType>
</description>
<name>
<name>name</name>
<number>1</number>
<prettyName>Name</prettyName>
<size>40</size>
<unmodifiable>0</unmodifiable>
<classType>com.xpn.xwiki.objects.classes.StringClass</classType>
</name>
<type>
<cache>0</cache>
<displayType>select</displayType>
<multiSelect>0</multiSelect>
<name>type</name>
<number>2</number>
<prettyName>Panel type</prettyName>
<relationalStorage>0</relationalStorage>
<separator> </separator>
<separators> ,|</separators>
<size>1</size>
<unmodifiable>0</unmodifiable>
<values>view|edit</values>
<classType>com.xpn.xwiki.objects.classes.StaticListClass</classType>
</type>
</class>
<name>Panels.Recently Modified</name>
<number>0</number>
<className>Panels.PanelClass</className>
<guid>bdea349e-7637-43cc-8431-cb08cbf9deeb</guid>
<property>
<category>Information</category>
</property>
<property>
<content>#set($recentlyModified = $xwiki.searchDocuments('where 1=1 order by doc.date desc', 5, 0))
#if($recentlyModified.size() &gt; 0 || $showEmptyPanels)
  #panelheader($msg.get('panels.recentlyModified.title'))
  #set($first = true)
  #foreach($docname in $recentlyModified)
    #if($xwiki.hasAccessLevel('view', $context.getUser(), $docname))
      #set($rdoc = $xwiki.getDocument($docname).getTranslatedDocument())
      #if($first == true)
        #set($first = false)
      #else
        &lt;span class="pitemseparator"&gt; | &lt;/span&gt;
      #end
      &lt;span class="panelitem"&gt;&lt;a href="$rdoc.getURL('view')"&gt;$xwiki.getXMLEncoded($rdoc.displayTitle)&lt;/a&gt;&lt;/span&gt;
    #end
  #end
  #panelfooter()
#end</content>
</property>
<property>
<description>List the last 5 documents modified.</description>
</property>
<property>
<name>Recently Modified</name>
</property>
<property>
<type>view</type>
</property>
</object>
<content>#includeForm("Panels.PanelSheet")</content>
</xwikidoc>
