<?xml version="1.0" encoding="UTF-8"?>

<xwikidoc>
<web>Panels</web>
<name>RightsEditorWelcome</name>
<language></language>
<defaultLanguage>en</defaultLanguage>
<translation>0</translation>
<parent>Panels.WebHome</parent>
<creator>XWiki.Admin</creator>
<author>XWiki.Admin</author>
<customClass></customClass>
<contentAuthor>XWiki.Admin</contentAuthor>
<creationDate>1154255594000</creationDate>
<date>1194360323000</date>
<contentUpdateDate>1194628393000</contentUpdateDate>
<version>1.1</version>
<title></title>
<template></template>
<defaultTemplate></defaultTemplate>
<validationScript></validationScript>
<comment></comment>
<minorEdit>false</minorEdit>
<syntaxId>xwiki/1.0</syntaxId>
<hidden>false</hidden>
<object>
<class>
<name>Panels.PanelClass</name>
<customClass></customClass>
<customMapping></customMapping>
<defaultViewSheet></defaultViewSheet>
<defaultEditSheet></defaultEditSheet>
<defaultWeb></defaultWeb>
<nameField></nameField>
<validationScript></validationScript>
<category>
<cache>0</cache>
<displayType>select</displayType>
<multiSelect>0</multiSelect>
<name>category</name>
<number>5</number>
<prettyName>Category</prettyName>
<relationalStorage>0</relationalStorage>
<separator> </separator>
<separators> ,|</separators>
<size>1</size>
<unmodifiable>0</unmodifiable>
<values>Information|Navigation|Tools|Administration|Other</values>
<classType>com.xpn.xwiki.objects.classes.StaticListClass</classType>
</category>
<content>
<editor>Text</editor>
<name>content</name>
<number>4</number>
<prettyName>Content</prettyName>
<rows>25</rows>
<size>60</size>
<unmodifiable>0</unmodifiable>
<classType>com.xpn.xwiki.objects.classes.TextAreaClass</classType>
</content>
<description>
<editor>Text</editor>
<name>description</name>
<number>3</number>
<prettyName>Description</prettyName>
<rows>5</rows>
<size>40</size>
<unmodifiable>0</unmodifiable>
<classType>com.xpn.xwiki.objects.classes.TextAreaClass</classType>
</description>
<name>
<name>name</name>
<number>1</number>
<prettyName>Name</prettyName>
<size>40</size>
<unmodifiable>0</unmodifiable>
<classType>com.xpn.xwiki.objects.classes.StringClass</classType>
</name>
<type>
<cache>0</cache>
<displayType>select</displayType>
<multiSelect>0</multiSelect>
<name>type</name>
<number>2</number>
<prettyName>Panel type</prettyName>
<relationalStorage>0</relationalStorage>
<separator> </separator>
<separators> ,|</separators>
<size>1</size>
<unmodifiable>0</unmodifiable>
<values>view|edit</values>
<classType>com.xpn.xwiki.objects.classes.StaticListClass</classType>
</type>
</class>
<name>Panels.RightsEditorWelcome</name>
<number>0</number>
<className>Panels.PanelClass</className>
<guid>7f694f10-ecc8-4562-a3d8-ea68387c7457</guid>
<property>
<category>Information</category>
</property>
<property>
<content>#largepanelheader($msg.get("welcome"))
&lt;div&gt;$msg.get("xe.panels.rights.welcome")&lt;/div&gt;
&lt;div&gt;$msg.get("xe.panels.rights.explanation")&lt;/div&gt;
&lt;div&gt;&lt;strong&gt;$msg.get("xe.panels.rights.warning")&lt;/strong&gt; $msg.get("xe.panels.rights.noauthentication")&lt;/div&gt;
#if($xwiki.rightsmanager.defaultUi == "stable")
&lt;form id="objectadd" method="post" action="$doc.getURL("objectadd")" onsubmit="cancelCancelEdit()"&gt;
&lt;div class="centered padded"&gt;
&lt;input type="hidden" name="xredirect" value="$doc.getURL("edit", "editor=rights")"/&gt;
&lt;input type="hidden" name="classname" value="$class.name"/&gt;
&lt;input type="submit" value="$msg.get("addrightentry")" class="button"/&gt;
&lt;/div&gt;
&lt;/form&gt;
#end
#panelfooter()</content>
</property>
<property>
<description>Rights Editor Welcome message and brief information.</description>
</property>
<property>
<name>Rights Editor Welcome</name>
</property>
<property>
<type>edit</type>
</property>
</object>
<object>
<class>
<name>XWiki.TagClass</name>
<customClass></customClass>
<customMapping></customMapping>
<defaultViewSheet></defaultViewSheet>
<defaultEditSheet></defaultEditSheet>
<defaultWeb></defaultWeb>
<nameField></nameField>
<validationScript></validationScript>
<tags>
<cache>0</cache>
<displayType>checkbox</displayType>
<multiSelect>1</multiSelect>
<name>tags</name>
<number>1</number>
<prettyName>Tags</prettyName>
<relationalStorage>1</relationalStorage>
<separator> </separator>
<separators> ,|</separators>
<size>30</size>
<unmodifiable>0</unmodifiable>
<values></values>
<classType>com.xpn.xwiki.objects.classes.StaticListClass</classType>
</tags>
</class>
<name>Panels.RightsEditorWelcome</name>
<number>0</number>
<className>XWiki.TagClass</className>
<guid>aa4da8d8-3301-4c47-a707-ccf80f280dda</guid>
<property>
<tags/>
</property>
</object>
<content>#includeForm("Panels.PanelSheet")</content>
</xwikidoc>
