<?xml version="1.0" encoding="UTF-8"?>

<xwikidoc>
<web>Panels</web>
<name>RightsTips</name>
<language></language>
<defaultLanguage>en</defaultLanguage>
<translation>0</translation>
<parent>Panels.WebHome</parent>
<creator>XWiki.Admin</creator>
<author>XWiki.Admin</author>
<customClass></customClass>
<contentAuthor>XWiki.Admin</contentAuthor>
<creationDate>1154257620000</creationDate>
<date>1204820838000</date>
<contentUpdateDate>1204820838000</contentUpdateDate>
<version>1.1</version>
<title></title>
<template></template>
<defaultTemplate></defaultTemplate>
<validationScript></validationScript>
<comment></comment>
<minorEdit>false</minorEdit>
<syntaxId>xwiki/1.0</syntaxId>
<hidden>false</hidden>
<object>
<class>
<name>Panels.PanelClass</name>
<customClass></customClass>
<customMapping></customMapping>
<defaultViewSheet></defaultViewSheet>
<defaultEditSheet></defaultEditSheet>
<defaultWeb></defaultWeb>
<nameField></nameField>
<validationScript></validationScript>
<category>
<cache>0</cache>
<displayType>select</displayType>
<multiSelect>0</multiSelect>
<name>category</name>
<number>5</number>
<prettyName>Category</prettyName>
<relationalStorage>0</relationalStorage>
<separator> </separator>
<separators> ,|</separators>
<size>1</size>
<unmodifiable>0</unmodifiable>
<values>Information|Navigation|Tools|Administration|Other</values>
<classType>com.xpn.xwiki.objects.classes.StaticListClass</classType>
</category>
<content>
<editor>Text</editor>
<name>content</name>
<number>4</number>
<prettyName>Content</prettyName>
<rows>25</rows>
<size>60</size>
<unmodifiable>0</unmodifiable>
<classType>com.xpn.xwiki.objects.classes.TextAreaClass</classType>
</content>
<description>
<editor>Text</editor>
<name>description</name>
<number>3</number>
<prettyName>Description</prettyName>
<rows>5</rows>
<size>40</size>
<unmodifiable>0</unmodifiable>
<classType>com.xpn.xwiki.objects.classes.TextAreaClass</classType>
</description>
<name>
<name>name</name>
<number>1</number>
<prettyName>Name</prettyName>
<size>40</size>
<unmodifiable>0</unmodifiable>
<classType>com.xpn.xwiki.objects.classes.StringClass</classType>
</name>
<type>
<cache>0</cache>
<displayType>select</displayType>
<multiSelect>0</multiSelect>
<name>type</name>
<number>2</number>
<prettyName>Panel type</prettyName>
<relationalStorage>0</relationalStorage>
<separator> </separator>
<separators> ,|</separators>
<size>1</size>
<unmodifiable>0</unmodifiable>
<values>view|edit</values>
<classType>com.xpn.xwiki.objects.classes.StaticListClass</classType>
</type>
</class>
<name>Panels.RightsTips</name>
<number>0</number>
<className>Panels.PanelClass</className>
<guid>8f3017b9-c46e-4ebc-96d3-fdd04cd317da</guid>
<property>
<category>Information</category>
</property>
<property>
<content>&lt;div id="xwikirightstipspanel"&gt;
#largepanelheader($msg.get("xe.panels.rights.tips"))
&lt;div id="xwikirightstips"&gt;
  &lt;div id="xwikitipspublic"&gt;
    &lt;div id="xwikitipspublicHeader" class="accordionTabTitleBar"&gt;&lt;h1&gt;$msg.get("xe.panels.rights.publicwiki")&lt;/h1&gt;&lt;/div&gt;
    &lt;div id="xwikitipspublicContent" class="accordionTabContentBox"&gt;
$msg.get("xe.panels.rights.openwiki")

* $msg.get("xe.panels.rights.opengroups")
* $msg.get("xe.panels.rights.openusers")
* $msg.get("xe.panels.rights.openaccess")
* $msg.get("xe.panels.rights.openallow")
    &lt;/div&gt;
  &lt;/div&gt;
  &lt;div id="xwikitipsregistered" class="accordion"&gt;
    &lt;div id="xwikitipsregisteredHeader" class="accordionTabTitleBar"&gt;&lt;h1&gt;$msg.get("xe.panels.rights.authenticate")&lt;/h1&gt;&lt;/div&gt;
    &lt;div id="xwikitipsregisteredContent" class="accordionTabContentBox"&gt;
$msg.get("xe.panels.rights.protectedwiki")

* $msg.get("xe.panels.rights.protectedgroups")
* $msg.get("xe.panels.rights.protectedusers") 
* $msg.get("xe.panels.rights.protectedaccess")
* $msg.get("xe.panels.rights.protectedallow")
    &lt;/div&gt;
  &lt;/div&gt;
  &lt;div id="xwikitipsbanned"&gt;
    &lt;div id="xwikitipsbannedHeader" class="accordionTabTitleBar"&gt;&lt;h1&gt;$msg.get("xe.panels.rights.banned")&lt;/h1&gt;&lt;/div&gt;
    &lt;div id="xwikitipsbannedContent" class="accordionTabContentBox"&gt;
$msg.get("xe.panels.rights.bannedgroup")

* $msg.get("xe.panels.rights.banedgroups")
* $msg.get("xe.panels.rights.bannedusers")
* $msg.get("xe.panels.rights.bannedaccess")
* $msg.get("xe.panels.rights.banneddeny")
    &lt;/div&gt;
  &lt;/div&gt;
&lt;/div&gt;
#panelfooter()
&lt;/div&gt;
$xwiki.jsfx.use("js/scriptaculous/scriptaculous.js")
$xwiki.jsfx.use("js/xwiki/accordion/accordion.js")
&lt;script type="text/javascript"&gt;
var obj = {div:'xwikirightstips',no:0,height:250};
var acc = createAccordion(obj);
togglePanelVisibility((document.getElementById('xwikirightstipspanel')).getElementsByTagName('div').item(0));&lt;/script&gt;</content>
</property>
<property>
<description>Extended help on Rights Editor Usage.</description>
</property>
<property>
<name>Rights Tips</name>
</property>
<property>
<type>edit</type>
</property>
</object>
<content>#includeForm("Panels.PanelSheet")</content>
</xwikidoc>
