<?xml version="1.0" encoding="UTF-8"?>

<xwikidoc>
<web>Panels</web>
<name>RightsHelp</name>
<language></language>
<defaultLanguage>en</defaultLanguage>
<translation>0</translation>
<parent>Panels.WebHome</parent>
<creator>XWiki.Admin</creator>
<author>XWiki.Admin</author>
<customClass></customClass>
<contentAuthor>XWiki.Admin</contentAuthor>
<creationDate>1154256788000</creationDate>
<date>1204820940000</date>
<contentUpdateDate>1204820940000</contentUpdateDate>
<version>1.1</version>
<title></title>
<template></template>
<defaultTemplate></defaultTemplate>
<validationScript></validationScript>
<comment></comment>
<minorEdit>false</minorEdit>
<syntaxId>xwiki/1.0</syntaxId>
<hidden>false</hidden>
<object>
<class>
<name>Panels.PanelClass</name>
<customClass></customClass>
<customMapping></customMapping>
<defaultViewSheet></defaultViewSheet>
<defaultEditSheet></defaultEditSheet>
<defaultWeb></defaultWeb>
<nameField></nameField>
<validationScript></validationScript>
<category>
<cache>0</cache>
<displayType>select</displayType>
<multiSelect>0</multiSelect>
<name>category</name>
<number>5</number>
<prettyName>Category</prettyName>
<relationalStorage>0</relationalStorage>
<separator> </separator>
<separators> ,|</separators>
<size>1</size>
<unmodifiable>0</unmodifiable>
<values>Information|Navigation|Tools|Administration|Other</values>
<classType>com.xpn.xwiki.objects.classes.StaticListClass</classType>
</category>
<content>
<editor>Text</editor>
<name>content</name>
<number>4</number>
<prettyName>Content</prettyName>
<rows>25</rows>
<size>60</size>
<unmodifiable>0</unmodifiable>
<classType>com.xpn.xwiki.objects.classes.TextAreaClass</classType>
</content>
<description>
<editor>Text</editor>
<name>description</name>
<number>3</number>
<prettyName>Description</prettyName>
<rows>5</rows>
<size>40</size>
<unmodifiable>0</unmodifiable>
<classType>com.xpn.xwiki.objects.classes.TextAreaClass</classType>
</description>
<name>
<name>name</name>
<number>1</number>
<prettyName>Name</prettyName>
<size>40</size>
<unmodifiable>0</unmodifiable>
<classType>com.xpn.xwiki.objects.classes.StringClass</classType>
</name>
<type>
<cache>0</cache>
<displayType>select</displayType>
<multiSelect>0</multiSelect>
<name>type</name>
<number>2</number>
<prettyName>Panel type</prettyName>
<relationalStorage>0</relationalStorage>
<separator> </separator>
<separators> ,|</separators>
<size>1</size>
<unmodifiable>0</unmodifiable>
<values>view|edit</values>
<classType>com.xpn.xwiki.objects.classes.StaticListClass</classType>
</type>
</class>
<name>Panels.RightsHelp</name>
<number>0</number>
<className>Panels.PanelClass</className>
<guid>45ce46c4-1e8f-46aa-ab4b-7e33871da7d1</guid>
<property>
<category>Information</category>
</property>
<property>
<content>&lt;div id="xwikirightshelppanel"&gt;
#largepanelheader($msg.get("xe.panels.rights.help"))
&lt;div id="xwikirightshelp"&gt;
  &lt;div id="xwikihelpusers"&gt;
    &lt;div id="xwikihelpusersHeader" class="accordionTabTitleBar"&gt;&lt;h1&gt;$msg.get("xe.panels.rights.users")&lt;/h1&gt;&lt;/div&gt;
    &lt;div id="xwikihelpusersContent" class="accordionTabContentBox"&gt;
$msg.get("xe.panels.rights.usersexplanation")
    &lt;/div&gt;
  &lt;/div&gt;
  &lt;div id="xwikihelpgroups"&gt;
    &lt;div id="xwikihelpgroupsHeader" class="accordionTabTitleBar"&gt;&lt;h1&gt;$msg.get("xe.panels.rights.groups")&lt;/h1&gt;&lt;/div&gt;
    &lt;div id="xwikihelpgroupsContent" class="accordionTabContentBox"&gt;
$msg.get("xe.panels.rights.groupsexplanation") #if($xwiki.isVirtualMode()) $msg.get("xe.panels.rights.groupsvirtualexplanation") #end
    &lt;/div&gt;
  &lt;/div&gt;
  &lt;div id="xwikihelplevels"&gt;
    &lt;div id="xwikihelplevelsHeader" class="accordionTabTitleBar"&gt;&lt;h1&gt;$msg.get("xe.panels.rights.accesslevels")&lt;/h1&gt;&lt;/div&gt;
    &lt;div id="xwikihelplevelsContent" class="accordionTabContentBox"&gt;
$msg.get("xe.panels.rights.accesslevelsexplanation")
    &lt;/div&gt;
  &lt;/div&gt;
  &lt;div id="xwikihelpallow"&gt;
    &lt;div id="xwikihelpallowHeader" class="accordionTabTitleBar"&gt;&lt;h1&gt;$msg.get("xe.panels.rights.allowdeny")&lt;/h1&gt;&lt;/div&gt;
    &lt;div id="xwikihelpallowContent" class="accordionTabContentBox"&gt;
$msg.get("xe.panels.rights.allowdenyexplanation")
    &lt;/div&gt;
  &lt;/div&gt;
&lt;/div&gt;
#panelfooter()
&lt;/div&gt;
$xwiki.jsfx.use("js/scriptaculous/scriptaculous.js")
$xwiki.jsfx.use("js/xwiki/accordion/accordion.js")
&lt;script type="text/javascript"&gt;
var obj = {div:'xwikirightshelp',no:0,height:512};
var acc = createAccordion(obj);
togglePanelVisibility((document.getElementById('xwikirightshelppanel')).getElementsByTagName('div').item(0));&lt;/script&gt;</content>
</property>
<property>
<description>Help on Rights Editor usage.</description>
</property>
<property>
<name>Rights Help</name>
</property>
<property>
<type>edit</type>
</property>
</object>
<content>#includeForm("Panels.PanelSheet")</content>
</xwikidoc>
