<?xml version="1.0" encoding="UTF-8"?>

<xwikidoc>
<web>Panels</web>
<name>WebHome</name>
<language></language>
<defaultLanguage>en</defaultLanguage>
<translation>0</translation>
<parent>Main.WebHome</parent>
<creator>XWiki.Admin</creator>
<author>XWiki.Admin</author>
<customClass></customClass>
<contentAuthor>XWiki.Admin</contentAuthor>
<creationDate>1252454400000</creationDate>
<date>1252454400000</date>
<contentUpdateDate>1252454400000</contentUpdateDate>
<version>1.1</version>
<title>$msg.get("xe.panels")</title>
<template></template>
<defaultTemplate></defaultTemplate>
<validationScript></validationScript>
<comment></comment>
<minorEdit>false</minorEdit>
<syntaxId>xwiki/2.0</syntaxId>
<hidden>false</hidden>
<content>{{velocity}}
#if($hasAdmin)

= $msg.get("xe.panels.create") =

{{include document="Panels.CreatePanel"/}}

#end

= $msg.get("xe.panels.viewer") =

#set ($sql = ", BaseObject as obj where obj.name=doc.fullName and obj.className='Panels.PanelClass' and doc.fullName!='Panels.PanelTemplate' order by doc.name")
#set($searchResults = $xwiki.searchDocuments($sql))
#foreach ($item in $searchResults)
#set($pdoc = $xwiki.getDocument($item))
#set($obj = $pdoc.getObject("Panels.PanelClass"))
#if($obj.type == 'view')
* [[$item]] #if($hasAdmin)[ [[$msg.get("edit")&gt;&gt;$pdoc.getExternalURL("inline")]] [[$msg.get("delete")&gt;&gt;$pdoc.getExternalURL("delete")]] ]#end: $obj.description
#end
#end

#if($hasAdmin) 
{{box}}
{{html}}&lt;img src="$xwiki.getSkinFile("icons/wiz.png")" alt=""/&gt;{{/html}} $msg.get("xe.panels.customize") [[$msg.get("panelwizard.panelwizard")&gt;&gt;Panels.PanelWizard]].
{{/box}}
#end

= $msg.get("xe.panels.editor") =

#foreach ($item in $searchResults)
#set($pdoc = $xwiki.getDocument($item))
#set($obj = $pdoc.getObject("Panels.PanelClass"))
#if($obj.type == 'edit')
* [[$item]] #if($hasAdmin)[ [[$msg.get("edit")&gt;&gt;$pdoc.getExternalURL("inline")]] [[$msg.get("delete")&gt;&gt;$pdoc.getExternalURL("delete")"]] ]#end: $obj.description
#end
#end
{{/velocity}}</content>
</xwikidoc>
