<?xml version="1.0" encoding="UTF-8"?>

<xwikidoc>
<web>ColorThemes</web>
<name>ColorThemeSheet</name>
<language></language>
<defaultLanguage>en</defaultLanguage>
<translation>0</translation>
<parent>ColorThemes.ColorThemeClass</parent>
<creator>XWiki.Admin</creator>
<author>XWiki.Admin</author>
<customClass></customClass>
<contentAuthor>XWiki.Admin</contentAuthor>
<creationDate>1251108485000</creationDate>
<date>1251108485000</date>
<contentUpdateDate>1251108485000</contentUpdateDate>
<version>1.1</version>
<title></title>
<template></template>
<defaultTemplate></defaultTemplate>
<validationScript></validationScript>
<comment></comment>
<minorEdit>false</minorEdit>
<syntaxId>xwiki/2.0</syntaxId>
<hidden>false</hidden>
<object>
<class>
<name>XWiki.JavaScriptExtension</name>
<customClass></customClass>
<customMapping></customMapping>
<defaultViewSheet></defaultViewSheet>
<defaultEditSheet></defaultEditSheet>
<defaultWeb></defaultWeb>
<nameField></nameField>
<validationScript></validationScript>
<cache>
<cache>0</cache>
<displayType>select</displayType>
<multiSelect>0</multiSelect>
<name>cache</name>
<number>5</number>
<prettyName>Caching policy</prettyName>
<relationalStorage>0</relationalStorage>
<separator> </separator>
<separators> ,|</separators>
<size>1</size>
<unmodifiable>0</unmodifiable>
<values>long|short|default|forbid</values>
<classType>com.xpn.xwiki.objects.classes.StaticListClass</classType>
</cache>
<code>
<name>code</name>
<number>2</number>
<prettyName>Code</prettyName>
<rows>20</rows>
<size>50</size>
<unmodifiable>0</unmodifiable>
<classType>com.xpn.xwiki.objects.classes.TextAreaClass</classType>
</code>
<name>
<name>name</name>
<number>1</number>
<prettyName>Name</prettyName>
<size>30</size>
<unmodifiable>0</unmodifiable>
<classType>com.xpn.xwiki.objects.classes.StringClass</classType>
</name>
<parse>
<displayFormType>select</displayFormType>
<displayType>yesno</displayType>
<name>parse</name>
<number>4</number>
<prettyName>Parse content</prettyName>
<unmodifiable>0</unmodifiable>
<classType>com.xpn.xwiki.objects.classes.BooleanClass</classType>
</parse>
<use>
<cache>0</cache>
<displayType>select</displayType>
<multiSelect>0</multiSelect>
<name>use</name>
<number>3</number>
<prettyName>Use this extension</prettyName>
<relationalStorage>0</relationalStorage>
<separator> </separator>
<separators> ,|</separators>
<size>1</size>
<unmodifiable>0</unmodifiable>
<values>onDemand=On demand|always=Always</values>
<classType>com.xpn.xwiki.objects.classes.StaticListClass</classType>
</use>
</class>
<name>ColorThemes.ColorThemeSheet</name>
<number>0</number>
<className>XWiki.JavaScriptExtension</className>
<guid>2fcb4790-0b18-41ad-8fdc-42f3062a8025</guid>
<property>
<cache>long</cache>
</property>
<property>
<code>document.observe("dom:loaded", function() {
  $$('input').each(function(item) {
    if (item.id.endsWith('Color')) {
      item.addClassName('procolor');
    }
  });
  $$('.color').each(function(item) {
    var bgColor = item.getStyle('background-color');
    var dbgColor = ProColor.prototype.decodeHexColor(item.innerHTML);
    var fgColor = ProColor.prototype.computeTextColor(ProColor.prototype.decodeHexColor(item.innerHTML));
    item.setStyle({'color': 'rgb(' + fgColor.r + ', ' + fgColor.g + ', ' + fgColor.b + ')'});
  });
});</code>
</property>
<property>
<name>Prepare the form for Procolor extension</name>
</property>
<property>
<parse>0</parse>
</property>
<property>
<use>onDemand</use>
</property>
</object>
<object>
<class>
<name>XWiki.SheetClass</name>
<customClass></customClass>
<customMapping></customMapping>
<defaultViewSheet></defaultViewSheet>
<defaultEditSheet></defaultEditSheet>
<defaultWeb></defaultWeb>
<nameField></nameField>
<validationScript></validationScript>
<defaultEditMode>
<name>defaultEditMode</name>
<number>1</number>
<prettyName>Default Edit Mode</prettyName>
<size>15</size>
<unmodifiable>0</unmodifiable>
<classType>com.xpn.xwiki.objects.classes.StringClass</classType>
</defaultEditMode>
</class>
<name>ColorThemes.ColorThemeSheet</name>
<number>0</number>
<className>XWiki.SheetClass</className>
<guid>2dfc610e-d131-438c-8e63-8313658a1a27</guid>
<property>
<defaultEditMode></defaultEditMode>
</property>
</object>
<object>
<class>
<name>XWiki.StyleSheetExtension</name>
<customClass></customClass>
<customMapping></customMapping>
<defaultViewSheet></defaultViewSheet>
<defaultEditSheet></defaultEditSheet>
<defaultWeb></defaultWeb>
<nameField></nameField>
<validationScript></validationScript>
<cache>
<cache>0</cache>
<displayType>select</displayType>
<multiSelect>0</multiSelect>
<name>cache</name>
<number>5</number>
<prettyName>Caching policy</prettyName>
<relationalStorage>0</relationalStorage>
<separator> </separator>
<separators> ,|</separators>
<size>1</size>
<unmodifiable>0</unmodifiable>
<values>long|short|default|forbid</values>
<classType>com.xpn.xwiki.objects.classes.StaticListClass</classType>
</cache>
<code>
<name>code</name>
<number>2</number>
<prettyName>Code</prettyName>
<rows>20</rows>
<size>50</size>
<unmodifiable>0</unmodifiable>
<classType>com.xpn.xwiki.objects.classes.TextAreaClass</classType>
</code>
<name>
<name>name</name>
<number>1</number>
<prettyName>Name</prettyName>
<size>30</size>
<unmodifiable>0</unmodifiable>
<classType>com.xpn.xwiki.objects.classes.StringClass</classType>
</name>
<parse>
<displayFormType>select</displayFormType>
<displayType>yesno</displayType>
<name>parse</name>
<number>4</number>
<prettyName>Parse content</prettyName>
<unmodifiable>0</unmodifiable>
<classType>com.xpn.xwiki.objects.classes.BooleanClass</classType>
</parse>
<use>
<cache>0</cache>
<displayType>select</displayType>
<multiSelect>0</multiSelect>
<name>use</name>
<number>3</number>
<prettyName>Use this extension</prettyName>
<relationalStorage>0</relationalStorage>
<separator> </separator>
<separators> ,|</separators>
<size>1</size>
<unmodifiable>0</unmodifiable>
<values>onDemand=On demand|always=Always</values>
<classType>com.xpn.xwiki.objects.classes.StaticListClass</classType>
</use>
</class>
<name>ColorThemes.ColorThemeSheet</name>
<number>0</number>
<className>XWiki.StyleSheetExtension</className>
<guid>bb54e5ea-3751-424b-b8dc-b3d7dee268f6</guid>
<property>
<cache>long</cache>
</property>
<property>
<code>.color-theme-category {
  border: 1px solid #999;
  margin: 8px 0px;
  padding: 8px;
}
.color-theme-category legend {
  font-size: 120%;
  background: #999;
  color: #FFF;
  padding: 2px 8px;
}

.color-theme-category .color{
  border: 1px solid #999;
  padding: 0 2px;
  font-family: monospace;
}

.color-theme-category dd {
  margin-bottom: 16px;
}</code>
</property>
<property>
<name>Color theme display style</name>
</property>
<property>
<parse></parse>
</property>
<property>
<use>onDemand</use>
</property>
</object>
<content>{{velocity}}
{{html clean="false" wiki="true"}}
##
$xwiki.jsx.use('ColorThemes.ColorThemeSheet')##
$xwiki.ssx.use('ColorThemes.ColorThemeSheet')##
$xwiki.jsfx.use('uicomponents/widgets/colorpicker/procolor.js', true)##
#set($obj = $doc.getObject('ColorThemes.ColorThemeClass'))
##
#macro(displayThemeCategory $title $properties)
  &lt;fieldset class='color-theme-category'&gt;
    &lt;legend&gt;$title&lt;/legend&gt;
    &lt;dl&gt;
    #foreach($propName in $properties)
      &lt;dt&gt;$doc.displayPrettyName($propName)&lt;/dt&gt;
      &lt;dd&gt;#if ($context.action != 'inline')&lt;span class="color" style="background-color: $obj.getProperty($propName).value"&gt;#end$doc.display($obj.getProperty($propName).getName())#if ($context.action != 'inline')&lt;/span&gt;#end&lt;/dd&gt;
    #end
    &lt;/dl&gt;
  &lt;/fieldset&gt;
#end
##
&lt;div style="width: 48%; float: left;"&gt;
#displayThemeCategory(
   'General', 
   [
     'pageBackgroundColor',
     'pageBackgroundImage',
     'pageBackgroundPosition',
     'pageHeaderBackgroundColor',
     'headerBackgroundImage',
     'headerBackgroundPosition',
     'pageContentBackgroundColor',
     'textColor',
     'textPrimaryColor',
     'textSecondaryColor',
     'linkColor',
     'titleColor'
   ]
)
&lt;/div&gt;
&lt;div style="width: 48%; margin-left: 50%"&gt;
#displayThemeCategory(
   'Menu', 
   [
     'menuBackgroundColor',
     'menuLinkColor',
     'menuSelectedEntryBackgroundColor',
     'menuSelectedEntryLinkColor'
   ]
)

#displayThemeCategory(
   'Panels', 
   [
     'panelBackgroundColor',
     'panelTextColor',
     'panelHeaderBackgroundColor',
     'panelHeaderTextColor',
     'panelCollapsedBackgroundColor',
     'panelCollapsedTextColor'
   ]
)

#displayThemeCategory(
   'Other', 
   [
     'borderColor',
     'backgroundSecondaryColor',
     'highlightColor',
     'buttonPrimaryTextColor',
     'buttonPrimaryBackgroundColor',
     'buttonSecondaryTextColor',
     'buttonSecondaryBackgroundColor'
   ]
)
&lt;/div&gt;
&lt;div class="clearfloats"&gt;&lt;/div&gt;
{{/html}}
{{/velocity}}</content>
</xwikidoc>
