<?xml version="1.0" encoding="utf-8"?>
<p0:properties xmlns:p0="http://jadex.sourceforge.net/jadexconf" __ID="0">
	<p0:property __ID="1" type="perspective">Starter</p0:property>
	<p0:properties __ID="2" type="window">
		<p0:property __ID="3" type="width">768</p0:property>
		<p0:property __ID="4" type="height">614</p0:property>
		<p0:property __ID="5" type="x">256</p0:property>
		<p0:property __ID="6" type="y">205</p0:property>
		<p0:property __ID="7" type="extendedState">0</p0:property>
		<p0:property __ID="8" type="console_on">false</p0:property>
		<p0:property __ID="9" type="jccexit">shutdown</p0:property>
	</p0:properties>
	<p0:properties __ID="10" type="Starter">
		<p0:property __ID="11" type="leftsplit_location">300</p0:property>
		<p0:property __ID="12" type="mainsplit_location">180</p0:property>
		<p0:property __ID="13" type="checking">true</p0:property>
		<p0:properties __ID="14" type="mpanel">
			<p0:property __ID="15" type="tree"><![CDATA[<?xml version="1.0" encoding="utf-8"?>
<p0:ModelExplorerProperties xmlns:p0="typeinfo:jadex.tools.common.modeltree" __ID="0">
	<selectedNode>
		<p0:NodePath __ID="1" entry="0">
			<path>
				<p1:String__2 xmlns:p1="typeinfo:java.lang" __ID="2">
					<entries>
						<p1:String __ID="3" content="tutorial"></p1:String>
						<p1:String __ID="4" content="HelloAgent.class"></p1:String>
					</entries>
				</p1:String__2>
			</path>
		</p0:NodePath>
	</selectedNode>
	<expandedNodes>
		<p0:NodePath__2 __ID="5">
			<entries>
				<p0:NodePath __ID="6" entry="0">
					<path>
						<p1:String__0 xmlns:p1="typeinfo:java.lang" __ID="7"></p1:String__0>
					</path>
				</p0:NodePath>
				<p0:NodePath __ID="8" entry="0">
					<path>
						<p1:String__1 xmlns:p1="typeinfo:java.lang" __ID="9">
							<entries>
								<p1:String __ID="10" content="tutorial"></p1:String>
							</entries>
						</p1:String__1>
					</path>
				</p0:NodePath>
			</entries>
		</p0:NodePath__2>
	</expandedNodes>
	<rootPathEntries>
		<p1:String__1 xmlns:p1="typeinfo:java.lang" __ID="11">
			<entries>
				<p1:String __ID="12" content="target\classes"></p1:String>
			</entries>
		</p1:String__1>
	</rootPathEntries>
</p0:ModelExplorerProperties>
]]></p0:property>
			<p0:property __ID="16" type="lastpath">target\classes</p0:property>
			<p0:property __ID="17" type="refresh">true</p0:property>
		</p0:properties>
		<p0:properties __ID="18" type="spanel">
			<p0:property __ID="19" type="model">target\classes\tutorial\HelloAgent.class</p0:property>
			<p0:property __ID="20" type="startsuspended">false</p0:property>
			<p0:property __ID="21" type="autogenerate">false</p0:property>
			<p0:property __ID="22" type="name">Hello</p0:property>
		</p0:properties>
	</p0:properties>
	<p0:properties __ID="23" type="Conversation Center">
		<p0:properties __ID="24" type="convcenter">
			<p0:property __ID="25" type="lastmessage"><![CDATA[<?xml version="1.0" encoding="utf-8"?>
<p0:HashMap xmlns:p0="typeinfo:java.util" __ID="0">
	<entries>
		<entry __ID="1">
			<key>
				<p1:String xmlns:p1="typeinfo:java.lang" __ID="2" content="reply_with"></p1:String>
			</key>
		</entry>
		<entry __ID="3">
			<key>
				<p1:String xmlns:p1="typeinfo:java.lang" __ID="4" content="protocol"></p1:String>
			</key>
		</entry>
		<entry __ID="5">
			<key>
				<p1:String xmlns:p1="typeinfo:java.lang" __ID="6" content="reply_to"></p1:String>
			</key>
		</entry>
		<entry __ID="7">
			<key>
				<p1:String xmlns:p1="typeinfo:java.lang" __ID="8" content="conversation_id"></p1:String>
			</key>
		</entry>
		<entry __ID="9">
			<key>
				<p1:String xmlns:p1="typeinfo:java.lang" __ID="10" content="in_reply_to"></p1:String>
			</key>
		</entry>
		<entry __ID="11">
			<key>
				<p1:String xmlns:p1="typeinfo:java.lang" __ID="12" content="ontology"></p1:String>
			</key>
		</entry>
		<entry __ID="13">
			<key>
				<p1:String xmlns:p1="typeinfo:java.lang" __ID="14" content="receivers"></p1:String>
			</key>
		</entry>
		<entry __ID="15">
			<key>
				<p1:String xmlns:p1="typeinfo:java.lang" __ID="16" content="content"></p1:String>
			</key>
		</entry>
		<entry __ID="17">
			<key>
				<p1:String xmlns:p1="typeinfo:java.lang" __ID="18" content="sender"></p1:String>
			</key>
			<value>
				<p2:ComponentIdentifier xmlns:p2="typeinfo:jadex.bridge" __ID="19" name="jcc@alex_neu_9cf">
					<resolvers>
						<p2:ComponentIdentifier__0 __ID="20"></p2:ComponentIdentifier__0>
					</resolvers>
					<addresses>
						<p1:String__2 xmlns:p1="typeinfo:java.lang" __ID="21">
							<entries>
								<p1:String __ID="22" content="nio-mtp://134.100.11.200:1341"></p1:String>
								<p1:String __ID="23" content="nio-mtp://alex_neu:1341"></p1:String>
							</entries>
						</p1:String__2>
					</addresses>
				</p2:ComponentIdentifier>
			</value>
		</entry>
		<entry __ID="24">
			<key>
				<p1:String xmlns:p1="typeinfo:java.lang" __ID="25" content="reply_by"></p1:String>
			</key>
		</entry>
		<entry __ID="26">
			<key>
				<p1:String xmlns:p1="typeinfo:java.lang" __ID="27" content="encoding"></p1:String>
			</key>
		</entry>
		<entry __ID="28">
			<key>
				<p1:String xmlns:p1="typeinfo:java.lang" __ID="29" content="language"></p1:String>
			</key>
		</entry>
		<entry __ID="30">
			<key>
				<p1:String xmlns:p1="typeinfo:java.lang" __ID="31" content="performative"></p1:String>
			</key>
		</entry>
	</entries>
</p0:HashMap>
]]></p0:property>
		</p0:properties>
	</p0:properties>
</p0:properties>
